"Row","Production artist","Song","Primary category","Disposition","Original queue status","Format","Chord symbols","Lyric events","Language check","Transpose failures","1–8 chord heuristic exceeded (not exclusion)","Basic chord heuristic mismatch (not exclusion)","Diagram gaps","Detailed reasons","Raw SHA-256","Source path"
"1","3 Doors Down","By My Side (2)","TAB_ONLY_OR_EMPTY","HOLD","PENDING_PARSE_AND_QA","gp3","0","0","LANGUAGE_UNVERIFIED","0","NO","NO","","English lyrics not established from available text | No usable chord symbols in extracted sheet | Tab-only or empty extracted sheet","616e460b23698e197ede608c6733e00c2474e1a911000e0ba13dbdfb1bbc6e1c","GuitarPro_Tabs/3 Doors Down - By My Side (2).gp3"
"2","3 Doors Down","Duck And Run","TAB_ONLY_OR_EMPTY","HOLD","PENDING_PARSE_AND_QA","gp3","0","0","LANGUAGE_UNVERIFIED","0","NO","NO","","English lyrics not established from available text | No usable chord symbols in extracted sheet | Tab-only or empty extracted sheet","af8f62beb8ee2972088330f00ee17cd8506dc26dd0b610a9782bb89543517270","GuitarPro_Tabs/3 Doors Down - Duck And Run.gp3"
"3","3 Doors Down","Going Down In Flames","TAB_ONLY_OR_EMPTY","HOLD","PENDING_PARSE_AND_QA","gp3","0","0","LANGUAGE_UNVERIFIED","0","NO","NO","","English lyrics not established from available text | No usable chord symbols in extracted sheet | Tab-only or empty extracted sheet","160d88633eb3aa07aceb35566ab2856c9ec51e8560385a5a45a71d67ad3591a2","GuitarPro_Tabs/3 Doors Down - Going Down In Flames.gp3"
"4","3 Doors Down","Let me go","EXISTING_DUPLICATE","EXISTING","SKIPPED_ALREADY_CURRENT","gpx","6","344","ENGLISH_TEXT_CHECK_PASS","0","NO","NO","","Existing artist/song or title variant — leave current song unchanged","ba39cbc188782cae02363a4b2d9689fbee398c9c8829db220ae07095a323b811","Ultimate Guitar com PRO Tabs Site Rip GPX/0-9/3_doors_down_2057/3 Doors Down - Let Me Go.gpx"
"5","3 Doors Down","So I Need You","TAB_ONLY_OR_EMPTY","HOLD","PENDING_PARSE_AND_QA","gp3","0","0","LANGUAGE_UNVERIFIED","0","NO","NO","","English lyrics not established from available text | No usable chord symbols in extracted sheet | Tab-only or empty extracted sheet","0472984687fc72349142cb25cf40d74a44924fc3e2c8a300c7b195e1acd8d29e","GuitarPro_Tabs/3 Doors Down - So I Need You.gp3"
"6","3 Doors Down","Ticket to Heaven","TAB_ONLY_OR_EMPTY","HOLD","PENDING_PARSE_AND_QA","gp4","0","0","LANGUAGE_UNVERIFIED","0","NO","NO","","English lyrics not established from available text | No usable chord symbols in extracted sheet | Tab-only or empty extracted sheet","52d40e973079db873d554e0753484deae5750bf2e9d0aefc53ee675fc235ad6e","GuitarPro_Tabs/3 Doors Down - Ticket to Heaven.gp4"
"7","38 Special","Robin Hood","TAB_ONLY_OR_EMPTY","HOLD","PENDING_PARSE_AND_QA","gp3","12","0","LANGUAGE_UNVERIFIED","67","YES","YES","","English lyrics not established from available text | Tab-only or empty extracted sheet | Exact locked transposer fails required round-trip or slash-bass preservation","7484b604d84c3403e68eafc48ecc4563782013f47c75488d4c7100a03fe22a28","GuitarPro_Tabs/38 Special - Robin Hood.gp3"
"8","38 Special","Rockin_' Into The Night","TAB_ONLY_OR_EMPTY","HOLD","PENDING_PARSE_AND_QA","gp3","7","0","LANGUAGE_UNVERIFIED","0","NO","NO","","English lyrics not established from available text | Tab-only or empty extracted sheet","ff28986e611880f328499d57383dc8f7747a81f223d4b7a8d7d2d7b89403d0c6","GuitarPro_Tabs/38 Special - Rockin_' Into The Night.gp3"
"9","A-Ha","The Living Daylights","TAB_ONLY_OR_EMPTY","HOLD","PENDING_PARSE_AND_QA","gp3","0","0","LANGUAGE_UNVERIFIED","0","NO","NO","","English lyrics not established from available text | No usable chord symbols in extracted sheet | Tab-only or empty extracted sheet","0a267e9e095d29d1572b76b2bcd21c02632ca02a800073f456697881b3b59721","GuitarPro_Tabs/A-ha - The Living Daylights.gp3"
"10","ABBA","ABBA GOLD (medley pour orchestre)","TAB_ONLY_OR_EMPTY","HOLD","PENDING_PARSE_AND_QA","gp3","0","0","LANGUAGE_UNVERIFIED","0","NO","NO","","May be a medley, fragment or exercise; full-song identity needs confirmation. | English lyrics not established from available text | No usable chord symbols in extracted sheet | Tab-only or empty extracted sheet","25b680d0fe099d07ae0b1acf6cf823a670f6011584d8dfdf461d8ca23d478b7e","GuitarPro_Tabs/Abba - ABBA GOLD (medley pour orchestre).gp3"
"11","ABBA","Gimme! Gimme! Gimme!","EXISTING_DUPLICATE","EXISTING","PENDING_PARSE_AND_QA","gp4","10","0","LANGUAGE_UNVERIFIED","46","YES","YES","","Existing artist/song or title variant — leave current song unchanged | Possible existing song or alternate title: Abba — Gimme Gimme Gimme (A Man After Midnight) | English lyrics not established from available text | Tab-only or empty extracted sheet | Exact locked transposer fails required round-trip or slash-bass preservation","d246b023ca525cf7b7b3239f6d465badc845cb2f1e6222d690681ef43775a0eb","GuitarPro_Tabs/Abba - Gimme! Gimme! Gimme!.gp4"
"12","ABBA","Just Like That","TAB_ONLY_OR_EMPTY","HOLD","PENDING_PARSE_AND_QA","gp3","0","0","LANGUAGE_UNVERIFIED","0","NO","NO","","English lyrics not established from available text | No usable chord symbols in extracted sheet | Tab-only or empty extracted sheet","99fd6a1a16e290c64d72ba0b19cc085e2182e0c57bb29fe127ff9ee6b1ce2987","GuitarPro_Tabs/Abba - Just Like That.gp3"
"13","ABBA","My Love My Life","TAB_ONLY_OR_EMPTY","HOLD","PENDING_PARSE_AND_QA","gp3","0","0","LANGUAGE_UNVERIFIED","0","NO","NO","","English lyrics not established from available text | No usable chord symbols in extracted sheet | Tab-only or empty extracted sheet","2f077aa25e64628c27b39da49728ea42c988c539f0679ee0d116effdac8e8f76","GuitarPro_Tabs/Abba - My Love My Life.gp3"
"14","AC|DC","All Screwed Up","TAB_ONLY_OR_EMPTY","HOLD","PENDING_PARSE_AND_QA","gp3","0","0","LANGUAGE_UNVERIFIED","0","NO","NO","","English lyrics not established from available text | No usable chord symbols in extracted sheet | Tab-only or empty extracted sheet","5480336f1fb5a947d4a5b4f02d09f4512ca6407ced28c75162eda3d362e7afea","GuitarPro_Tabs/ACDC - All Screwed Up.gp3"
"15","AC|DC","Bad Boy Boogie","TAB_ONLY_OR_EMPTY","HOLD","PENDING_PARSE_AND_QA","gp4","1","0","LANGUAGE_UNVERIFIED","0","NO","NO","","English lyrics not established from available text | Tab-only or empty extracted sheet","5caf4ab976c846634c58476744928059f4527edba333a2575d022d0a4a572e22","GuitarPro_Tabs/ACDC - Bad Boy Boogie.gp4"
"16","AC|DC","Bonny","TAB_ONLY_OR_EMPTY","HOLD","PENDING_PARSE_AND_QA","gp3","0","0","LANGUAGE_UNVERIFIED","0","NO","NO","","English lyrics not established from available text | No usable chord symbols in extracted sheet | Tab-only or empty extracted sheet","7927a3067b94ee68491f013f184b73f58b96c38e50246e8137959f5e5092676d","GuitarPro_Tabs/ACDC - Bonny.gp3"
"17","AC|DC","Burnin ' Alive","TAB_ONLY_OR_EMPTY","HOLD","PENDING_PARSE_AND_QA","gp3","0","0","LANGUAGE_UNVERIFIED","0","NO","NO","","English lyrics not established from available text | No usable chord symbols in extracted sheet | Tab-only or empty extracted sheet","2a7f663c661ac6d36d1c82b881d958503bb1a301ab920d12589c7fd23347938c","GuitarPro_Tabs/ACDC - Burnin ' Alive.gp3"
"18","AC|DC","Can 't Stand Still (2)","TAB_ONLY_OR_EMPTY","HOLD","PENDING_PARSE_AND_QA","gp4","0","0","LANGUAGE_UNVERIFIED","0","NO","NO","","Similar proposed title also exists in this queue; choose at most one after identity review. | English lyrics not established from available text | No usable chord symbols in extracted sheet | Tab-only or empty extracted sheet","02b972b5c411aee7562c92043791836f121eac30798d62c57cff4685fb93ff51","GuitarPro_Tabs/ACDC - Can 't Stand Still (2).gp4"
"19","AC|DC","Can 't Stand Still (Solo)","TAB_ONLY_OR_EMPTY","HOLD","PENDING_PARSE_AND_QA","gp3","0","0","LANGUAGE_UNVERIFIED","0","NO","NO","","Parsed title disagrees with proposal title | May be a medley, fragment or exercise; full-song identity needs confirmation. | Similar proposed title also exists in this queue; choose at most one after identity review. | English lyrics not established from available text | No usable chord symbols in extracted sheet | Tab-only or empty extracted sheet","b9377912fbe8a2eb63c73dfe490ba62b2eed02ddd0ccbd586b448e7c463f2199","GuitarPro_Tabs/ACDC - Can 't Stand Still (Solo).gp3"
"20","AC|DC","Classic Riffs","TAB_ONLY_OR_EMPTY","HOLD","PENDING_PARSE_AND_QA","gp4","0","0","LANGUAGE_UNVERIFIED","0","NO","NO","","Parsed title disagrees with proposal title | English lyrics not established from available text | No usable chord symbols in extracted sheet | Tab-only or empty extracted sheet","de5e1c29dfcc32145b8935c59c0f1fee3deeb91d10ad293e570d2146e16dd134","GuitarPro_Tabs/ACDC - Classic Riffs.gp4"
"21","AC|DC","Damned","TAB_ONLY_OR_EMPTY","HOLD","PENDING_PARSE_AND_QA","gp3","7","0","LANGUAGE_UNVERIFIED","45","NO","YES","A5 | C5 | E5 | D#5 | D5 | G5 | G/F#","English lyrics not established from available text | Locked renderer has no chord shape for: A5, C5, E5, D#5, D5, G5, G/F# | Tab-only or empty extracted sheet | Exact locked transposer fails required round-trip or slash-bass preservation","c7b1008405d9a67a4ea07530d10e4ff3de678635e2619cc8f28c849407a7a3eb","GuitarPro_Tabs/ACDC - Damned.gp3"
"22","AC|DC","Dog eat dog (2)","TAB_ONLY_OR_EMPTY","HOLD","PENDING_PARSE_AND_QA","gp3","0","0","LANGUAGE_UNVERIFIED","0","NO","NO","","English lyrics not established from available text | No usable chord symbols in extracted sheet | Tab-only or empty extracted sheet","6888234372a75e2702630f381e7119fee631617e8f6683f4cb53e00832514889","GuitarPro_Tabs/ACDC - Dog eat dog (2).gp3"
"23","AC|DC","Hail Caesar","TAB_ONLY_OR_EMPTY","HOLD","PENDING_PARSE_AND_QA","gp3","0","0","LANGUAGE_UNVERIFIED","0","NO","NO","","English lyrics not established from available text | No usable chord symbols in extracted sheet | Tab-only or empty extracted sheet","b038464fa2cbd19cbb1acdbd3c107f277645c8362d2afe960b7ec94a08b7158a","GuitarPro_Tabs/ACDC - Hail Caesar.gp3"
"24","AC|DC","Hell aint be a bad place to be","EXISTING_DUPLICATE","EXISTING","PENDING_PARSE_AND_QA","gp3","2","0","LANGUAGE_UNVERIFIED","23","NO","YES","","Parsed title disagrees with proposal title | Existing artist/song or title variant — leave current song unchanged | English lyrics not established from available text | Tab-only or empty extracted sheet | Exact locked transposer fails required round-trip or slash-bass preservation","5c586c23a22a6aa60b6f1d965f81ca195a0e639feeca49e87542d24db314dc4b","GuitarPro_Tabs/ACDC - Hell aint be a bad place to be.gp3"
"25","AC|DC","Highway To Hell (solo)","EXISTING_DUPLICATE","EXISTING","PENDING_PARSE_AND_QA","gp3","0","0","LANGUAGE_UNVERIFIED","0","NO","NO","","Existing artist/song or title variant — leave current song unchanged | Possible existing song or alternate title: AC DC — Highway to Hell | May be a medley, fragment or exercise; full-song identity needs confirmation. | English lyrics not established from available text | No usable chord symbols in extracted sheet | Tab-only or empty extracted sheet","6ab45975af01d709f590a1d45e74fb988a8e2c56b41a409029e78f6e284217bc","GuitarPro_Tabs/ACDC - Highway To Hell (solo).gp3"
"26","AC|DC","its a long way to the top","IDENTITY_DIAGRAM_OR_OTHER_HOLD","HOLD","PENDING_PARSE_AND_QA","gpx","4","309","ENGLISH_TEXT_CHECK_PASS","0","NO","YES","G-","Locked renderer has no chord shape for: G-","7e569782da752b92f962635a7363d5a51ea55f81bfa5c7966f639c36dac34895","Ultimate Guitar com PRO Tabs Site Rip GPX/a/acdc_2025/acdc_its-a-long-way-to-the-top-official-2466102.gpx"
"27","AC|DC","Let 's Get It Up","TAB_ONLY_OR_EMPTY","HOLD","PENDING_PARSE_AND_QA","gp4","0","0","LANGUAGE_UNVERIFIED","0","NO","NO","","English lyrics not established from available text | No usable chord symbols in extracted sheet | Tab-only or empty extracted sheet","aa4cab2ad0022c6aeca54a2a005c7e15cf04c1c153113d8b8842a842c7cabc2d","GuitarPro_Tabs/ACDC - Let 's Get It Up.gp4"
"28","AC|DC","Little Lover","TAB_ONLY_OR_EMPTY","HOLD","PENDING_PARSE_AND_QA","gp3","0","0","LANGUAGE_UNVERIFIED","0","NO","NO","","English lyrics not established from available text | No usable chord symbols in extracted sheet | Tab-only or empty extracted sheet","cc6abbca4e6c50edbe7710d5f3d2142b34d4c9ce10f7dd7f16b9292e5b178d9a","GuitarPro_Tabs/ACDC - Little Lover.gp3"
"29","AC|DC","Love Bomb","TAB_ONLY_OR_EMPTY","HOLD","PENDING_PARSE_AND_QA","gp3","0","0","LANGUAGE_UNVERIFIED","0","NO","NO","","English lyrics not established from available text | No usable chord symbols in extracted sheet | Tab-only or empty extracted sheet","423c2d2e115f62259bb4468751f5c62de81fc89a8a26e76e98623a829ccd1726","GuitarPro_Tabs/ACDC - Love Bomb.gp3"
"30","AC|DC","Meltdown","TAB_ONLY_OR_EMPTY","HOLD","PENDING_PARSE_AND_QA","gp3","6","0","LANGUAGE_UNVERIFIED","46","NO","YES","G5/A | D5/A | A5","English lyrics not established from available text | Locked renderer has no chord shape for: G5/A, D5/A, A5 | Tab-only or empty extracted sheet | Exact locked transposer fails required round-trip or slash-bass preservation","5288ac17feefbf5d29912935733a616f0e43170b9b3dbea90002ba5e8f7a33bc","GuitarPro_Tabs/ACDC - Meltdown.gp3"
"31","AC|DC","Mix AC DC","TAB_ONLY_OR_EMPTY","HOLD","PENDING_PARSE_AND_QA","gp3","9","0","LANGUAGE_UNVERIFIED","46","YES","YES","","Parsed title disagrees with proposal title | English lyrics not established from available text | Tab-only or empty extracted sheet | Exact locked transposer fails required round-trip or slash-bass preservation","7529c7f8534ff437a21230ba23623bdf8fe540aa370f9598f8ee3501dfa20e75","GuitarPro_Tabs/ACDC - Mix AC DC.gp3"
"32","AC|DC","Moneytalks (Solo) (2)","EXISTING_DUPLICATE","EXISTING","PENDING_PARSE_AND_QA","gp3","0","0","LANGUAGE_UNVERIFIED","0","NO","NO","","Existing artist/song or title variant — leave current song unchanged | Possible existing song or alternate title: AC DC — Moneytalks | May be a medley, fragment or exercise; full-song identity needs confirmation. | English lyrics not established from available text | No usable chord symbols in extracted sheet | Tab-only or empty extracted sheet","a0eb0651f7592546f1dc98c9136c98c510329e3b2d2fb52d59074404c4206e6a","GuitarPro_Tabs/ACDC - Moneytalks (Solo) (2).gp3"
"33","AC|DC","Rock And Roll Damnation (2)","TAB_ONLY_OR_EMPTY","HOLD","PENDING_PARSE_AND_QA","gp4","0","0","LANGUAGE_UNVERIFIED","0","NO","NO","","English lyrics not established from available text | No usable chord symbols in extracted sheet | Tab-only or empty extracted sheet","b788512e8c15719b58b092ba33e7bea7bc847ec4c75de5b56c14e20b50e644dc","GuitarPro_Tabs/ACDC - Rock And Roll Damnation (2).gp4"
"34","AC|DC","rock n roll singer","REVIEWABLE_CHORD_SHEET","REVIEWABLE","PENDING_PARSE_AND_QA","gpx","7","353","ENGLISH_TEXT_CHECK_PASS","0","NO","NO","","","1da3e1d549107def6d4f8e6abf3bc35528c2d1a236a61896ef55b3ccd0266fd7","Ultimate Guitar com PRO Tabs Site Rip GPX/a/acdc_2025/acdc_rock-n-roll-singer-official-3592886.gpx"
"35","AC|DC","rock the blues away","REVIEWABLE_CHORD_SHEET","REVIEWABLE","PENDING_PARSE_AND_QA","gpx","4","234","ENGLISH_TEXT_CHECK_PASS","0","NO","NO","","","aa25816fbb7dc3d81945b154b98d6fa0d151b95441ffe1857a58ce2112f815f5","Ultimate Guitar com PRO Tabs Site Rip GPX/a/acdc_2025/acdc_rock-the-blues-away-official-2479636.gpx"
"36","AC|DC","Rocker","TAB_ONLY_OR_EMPTY","HOLD","PENDING_PARSE_AND_QA","gp3","0","0","LANGUAGE_UNVERIFIED","0","NO","NO","","English lyrics not established from available text | No usable chord symbols in extracted sheet | Tab-only or empty extracted sheet","efdc3cfa125af6e7f8cf302f53f38ae7bcc5b842754c53a9ae9a14a95c942245","GuitarPro_Tabs/ACDC - Rocker.gp3"
"37","AC|DC","Safe In New York City (2)","TAB_ONLY_OR_EMPTY","HOLD","PENDING_PARSE_AND_QA","gp3","0","0","LANGUAGE_UNVERIFIED","0","NO","NO","","English lyrics not established from available text | No usable chord symbols in extracted sheet | Tab-only or empty extracted sheet","cff1e5a701cfd1a05b370144d55abb4058ad9b325557e9afef81a6c89abbaa0f","GuitarPro_Tabs/ACDC - Safe In New York City (2).gp3"
"38","AC|DC","Sattelite Blues","TAB_ONLY_OR_EMPTY","HOLD","PENDING_PARSE_AND_QA","gp3","0","0","LANGUAGE_UNVERIFIED","0","NO","NO","","English lyrics not established from available text | No usable chord symbols in extracted sheet | Tab-only or empty extracted sheet","e73694e76792f9297e0c3b7fa87eceb46bf95fce8b4f7a1837e5da1b0f2cbb70","GuitarPro_Tabs/ACDC - Sattelite Blues.gp3"
"39","AC|DC","shake a leg","TRANSPOSE_FAILURE","HOLD","PENDING_PARSE_AND_QA","gpx","7","321","ENGLISH_TEXT_CHECK_PASS","23","NO","YES","","Exact locked transposer fails required round-trip or slash-bass preservation","13402f6c24f4183d751834197bc0a36343a6d8216d35d99f0439a91645d49457","Ultimate Guitar com PRO Tabs Site Rip GPX/a/acdc_2025/acdc_shake-a-leg-official-3608165.gpx"
"40","AC|DC","shot in the dark","REVIEWABLE_CHORD_SHEET","REVIEWABLE","PENDING_PARSE_AND_QA","gpx","4","250","ENGLISH_TEXT_CHECK_PASS","0","NO","NO","","","22572e6825c207c15734c1c7ee94065499b437629bc9d1fff8364c35e98d1368","Ultimate Guitar com PRO Tabs Site Rip GPX/a/acdc_2025/acdc_shot-in-the-dark-official-3394274.gpx"
"41","AC|DC","Squealer","TAB_ONLY_OR_EMPTY","HOLD","PENDING_PARSE_AND_QA","gp3","7","0","LANGUAGE_UNVERIFIED","23","NO","YES","","English lyrics not established from available text | Tab-only or empty extracted sheet | Exact locked transposer fails required round-trip or slash-bass preservation","ea8ff85ec6fc76059034556a312d371846a7352519469812433de31f610648cd","GuitarPro_Tabs/ACDC - Squealer.gp3"
"42","AC|DC","stiff upper lip","IDENTITY_DIAGRAM_OR_OTHER_HOLD","HOLD","PENDING_PARSE_AND_QA","gpx","4","294","ENGLISH_TEXT_CHECK_PASS","0","NO","NO","","Similar proposed title also exists in this queue; choose at most one after identity review.","b0db06b5010ac70c7a0411b22e51968e2a3627b2aa6bd365bccf98df80f7e433","Ultimate Guitar com PRO Tabs Site Rip GPX/a/acdc_2025/acdc_stiff-upper-lip-official-2234911.gpx"
"43","AC|DC","Stiff Upper Lip (Intro)","TAB_ONLY_OR_EMPTY","HOLD","PENDING_PARSE_AND_QA","gp3","0","0","LANGUAGE_UNVERIFIED","0","NO","NO","","May be a medley, fragment or exercise; full-song identity needs confirmation. | Similar proposed title also exists in this queue; choose at most one after identity review. | English lyrics not established from available text | No usable chord symbols in extracted sheet | Tab-only or empty extracted sheet","fd28c64b9b3b025f904a0b000c1bada2ad67e1acccb60734a8a920b6a2ab274a","GuitarPro_Tabs/ACDC - Stiff Upper Lip (Intro).gp3"
"44","AC|DC","Stiff Upper Lip (Solo)","TAB_ONLY_OR_EMPTY","HOLD","PENDING_PARSE_AND_QA","gp3","0","0","LANGUAGE_UNVERIFIED","0","NO","NO","","May be a medley, fragment or exercise; full-song identity needs confirmation. | Similar proposed title also exists in this queue; choose at most one after identity review. | English lyrics not established from available text | No usable chord symbols in extracted sheet | Tab-only or empty extracted sheet","3376668c17be5b389978c7d07884c961e4ce44a24c3cebc916c2ad69d2f47ae5","GuitarPro_Tabs/ACDC - Stiff Upper Lip (Solo).gp3"
"45","AC|DC","T.N.T. (Solo)","EXISTING_DUPLICATE","EXISTING","PENDING_PARSE_AND_QA","gp3","0","0","LANGUAGE_UNVERIFIED","0","NO","NO","","Existing artist/song or title variant — leave current song unchanged | Possible existing song or alternate title: AC\DC — TNT | May be a medley, fragment or exercise; full-song identity needs confirmation. | English lyrics not established from available text | No usable chord symbols in extracted sheet | Tab-only or empty extracted sheet","8f76053cd456c017534f9e08a364fc90828600945a21fdc766b6473439f185ed","GuitarPro_Tabs/ACDC - T.N.T. (Solo).gp3"
"46","AC|DC","The Furor","TAB_ONLY_OR_EMPTY","HOLD","PENDING_PARSE_AND_QA","gp3","0","0","LANGUAGE_UNVERIFIED","0","NO","NO","","English lyrics not established from available text | No usable chord symbols in extracted sheet | Tab-only or empty extracted sheet","0d57b1f44c3c1e5185530631f9b6c13b2f77778b4df766c10a281def1a3cebaf","GuitarPro_Tabs/ACDC - The Furor.gp3"
"47","AC|DC","through the mists of time","REVIEWABLE_CHORD_SHEET","REVIEWABLE","PENDING_PARSE_AND_QA","gpx","7","190","ENGLISH_TEXT_CHECK_PASS","0","NO","NO","","","e61cc2910349771868e7cfa5beffc5e3d77217a4d6429ee69485aa9359c0a034","Ultimate Guitar com PRO Tabs Site Rip GPX/a/acdc_2025/acdc_through-the-mists-of-time-official-3452657.gpx"
"48","AC|DC","Thunderstruck (Techno Remix)","EXISTING_DUPLICATE","EXISTING","PENDING_PARSE_AND_QA","gp3","3","0","LANGUAGE_UNVERIFIED","0","NO","NO","","Existing artist/song or title variant — leave current song unchanged | Possible existing song or alternate title: AC DC — Thunderstruck | English lyrics not established from available text | Tab-only or empty extracted sheet","8cabf5b7398deae51dda3c4df1cdac5d6e75151262f47ea57ed49d2fd26edfc9","GuitarPro_Tabs/ACDC - Thunderstruck (Techno Remix).gp3"
"49","AC|DC","what do you do for money honey","TRANSPOSE_FAILURE","HOLD","PENDING_PARSE_AND_QA","gpx","7","299","ENGLISH_TEXT_CHECK_PASS","46","NO","YES","","Exact locked transposer fails required round-trip or slash-bass preservation","702125a940dc454157a6c4ade96d712696c47f5a0e64bfc6298b9817b0e105aa","Ultimate Guitar com PRO Tabs Site Rip GPX/a/acdc_2025/acdc_what-do-you-do-for-money-honey-official-3617660.gpx"
"50","Alanis Morissette","you oughta know","REVIEWABLE_CHORD_SHEET","REVIEWABLE","PENDING_PARSE_AND_QA","gpx","7","467","ENGLISH_TEXT_CHECK_PASS","0","NO","YES","","","e67c5444278c4a1aa2e809e9d77f964fc0134f76202c429858fc8d7fb2573502","Ultimate Guitar com PRO Tabs Site Rip GPX/a/alanis_morissette_10969/alanis-morissette_you-oughta-know-official-2717331.gpx"
"51","Alien Ant Farm","Attitude (3)","TAB_ONLY_OR_EMPTY","HOLD","PENDING_PARSE_AND_QA","gp3","0","0","LANGUAGE_UNVERIFIED","0","NO","NO","","English lyrics not established from available text | No usable chord symbols in extracted sheet | Tab-only or empty extracted sheet","c21e8465bb8f6675010491f89c07265311174278b8d0a52e1174804491184133","GuitarPro_Tabs/Alien Ant Farm - Attitude (3).gp3"
"52","Alien Ant Farm","Good For A Woman","TAB_ONLY_OR_EMPTY","HOLD","PENDING_PARSE_AND_QA","gp3","0","0","LANGUAGE_UNVERIFIED","0","NO","NO","","English lyrics not established from available text | No usable chord symbols in extracted sheet | Tab-only or empty extracted sheet","57bfd14d7e8180988efa6bc12f40933d6a06cce3c7f99373e0563b97d2b7abb9","GuitarPro_Tabs/Alien Ant Farm - Good For A Woman.gp3"
"53","Alien Ant Farm","Smooth Criminal Remix","EXISTING_DUPLICATE","EXISTING","PENDING_PARSE_AND_QA","gp4","0","0","LANGUAGE_UNVERIFIED","0","NO","NO","","Parsed title disagrees with proposal title | Existing artist/song or title variant — leave current song unchanged | English lyrics not established from available text | No usable chord symbols in extracted sheet | Tab-only or empty extracted sheet","5dee672d9dfe299c333cc6354ee5fa8134fdf1fced1b7112e2024c82945ba1f6","GuitarPro_Tabs/Alien Ant Farm - Smooth Criminal Remix.gp4"
"54","Amy Winehouse","wake up alone","TRANSPOSE_FAILURE","HOLD","PENDING_PARSE_AND_QA","gpx","13","278","ENGLISH_TEXT_CHECK_PASS","44","YES","YES","","Exact locked transposer fails required round-trip or slash-bass preservation","d26b135e84c3e6a8e06f45de61efb5246b511d06874dfea8bdf9702909b60c55","Ultimate Guitar com PRO Tabs Site Rip GPX/a/amy_winehouse_12002/amy-winehouse_wake-up-alone-official-3560129.gpx"
"55","Archie Bell and the Drells","The Tighten Up","TAB_ONLY_OR_EMPTY","HOLD","PENDING_PARSE_AND_QA","gp3","2","0","LANGUAGE_UNVERIFIED","0","NO","YES","","English lyrics not established from available text | Tab-only or empty extracted sheet","c13423e931921964b701773a47c2d577e59071be4a636704d2caa4517c88ab34","GuitarPro_Tabs/Archie Bell and the Drells - The Tighten Up.gp3"
"56","Arctic Monkeys","505","EXISTING_DUPLICATE","EXISTING","SKIPPED_ALREADY_CURRENT","gpx","2","275","ENGLISH_TEXT_CHECK_PASS","0","NO","NO","","Existing artist/song or title variant — leave current song unchanged","401d726224a9341869719d6dd34843f0c7b65bbeee16d9fde8c0bccdec05318d","Ultimate Guitar com PRO Tabs Site Rip GPX/a/arctic_monkeys_8976/arctic-monkeys_505-official-1968159.gpx"
"57","Arctic Monkeys","dont forget whose legs youre on","REVIEWABLE_CHORD_SHEET","REVIEWABLE","PENDING_PARSE_AND_QA","gpx","4","206","ENGLISH_TEXT_CHECK_PASS","0","NO","NO","","","6cb6ec27fcb0b78bf5aaf3e15fbe3e6b308eae700d4c85a7b209199fc1883b74","Ultimate Guitar com PRO Tabs Site Rip GPX/a/arctic_monkeys_8976/arctic-monkeys_dont-forget-whose-legs-youre-on-official-2391291.gpx"
"58","Arctic Monkeys","Fire and the thud","EXISTING_DUPLICATE","EXISTING","SKIPPED_ALREADY_CURRENT","gpx","5","256","ENGLISH_TEXT_CHECK_PASS","0","NO","NO","","Existing artist/song or title variant — leave current song unchanged","5f139f507b4fa61606bb59b7c7134f7604a578efba8a0fe52695d66fe9355913","Ultimate Guitar com PRO Tabs Site Rip GPX/a/arctic_monkeys_8976/arctic-monkeys_fire-and-the-thud-official-2570367.gpx"
"59","Arctic Monkeys","four out of five","TRANSPOSE_FAILURE","HOLD","PENDING_PARSE_AND_QA","gpx","16","538","ENGLISH_TEXT_CHECK_PASS","23","YES","YES","","Exact locked transposer fails required round-trip or slash-bass preservation","039455d93e1fbbaa9cd5c09ffab8f10120138bf4d8fbea7542558b6525781c0b","Ultimate Guitar com PRO Tabs Site Rip GPX/a/arctic_monkeys_8976/arctic-monkeys_four-out-of-five-official-2394443.gpx"
"60","Arctic Monkeys","golden trunks","TRANSPOSE_FAILURE","HOLD","PENDING_PARSE_AND_QA","gpx","13","187","ENGLISH_TEXT_CHECK_PASS","44","YES","YES","","Exact locked transposer fails required round-trip or slash-bass preservation","90dbbaa1edeeacf18456c35b2960b5d3bb22d4da2f1f6ab210e7b64e9a6dae04","Ultimate Guitar com PRO Tabs Site Rip GPX/a/arctic_monkeys_8976/arctic-monkeys_golden-trunks-official-2383531.gpx"
"61","Arctic Monkeys","library pictures","REVIEWABLE_CHORD_SHEET","REVIEWABLE","PENDING_PARSE_AND_QA","gpx","3","142","ENGLISH_TEXT_CHECK_PASS","0","NO","NO","","","badaf92b95ff8a25294b3822237bfbcc027e8551442052675b192329bbea9122","Ultimate Guitar com PRO Tabs Site Rip GPX/a/arctic_monkeys_8976/arctic-monkeys_library-pictures-official-2270009.gpx"
"62","Arctic Monkeys","star treatment","REVIEWABLE_CHORD_SHEET","REVIEWABLE","PENDING_PARSE_AND_QA","gpx","11","492","ENGLISH_TEXT_CHECK_PASS","0","YES","YES","","","da28bbd5f964cf9481b7b03107315ba2c8525e72df53806ac22394787bda9846","Ultimate Guitar com PRO Tabs Site Rip GPX/a/arctic_monkeys_8976/arctic-monkeys_star-treatment-official-2386639.gpx"
"63","Arctic Monkeys","the ultracheese","REVIEWABLE_CHORD_SHEET","REVIEWABLE","PENDING_PARSE_AND_QA","gpx","15","285","ENGLISH_TEXT_CHECK_PASS","0","YES","YES","","","f17f0e7c1c44e0335a8366fe9d66cde68be3be72995d93f04e8f8df35fff3436","Ultimate Guitar com PRO Tabs Site Rip GPX/a/arctic_monkeys_8976/arctic-monkeys_the-ultracheese-official-2407573.gpx"
"64","Arctic Monkeys","the worlds first ever monster truck front flip","REVIEWABLE_CHORD_SHEET","REVIEWABLE","PENDING_PARSE_AND_QA","gpx","9","247","ENGLISH_TEXT_CHECK_PASS","0","YES","NO","","","1f6a469236656d0e776689d83563b33e8c0463567fdefada12d270f4c3fd7a05","Ultimate Guitar com PRO Tabs Site Rip GPX/a/arctic_monkeys_8976/arctic-monkeys_the-worlds-first-ever-monster-truck-front-flip-official-2406423.gpx"
"65","Arctic Monkeys","too much to ask","REVIEWABLE_CHORD_SHEET","REVIEWABLE","PENDING_PARSE_AND_QA","gpx","5","249","ENGLISH_TEXT_CHECK_PASS","0","NO","NO","","","f598cf44fa95aced82143220e05840fc1d2f3739eba659c4aa7c6f48d3a7b91b","Ultimate Guitar com PRO Tabs Site Rip GPX/a/arctic_monkeys_8976/arctic-monkeys_too-much-to-ask-official-2257209.gpx"
"66","Arctic Monkeys","tranquility base hotel and casino","TRANSPOSE_FAILURE","HOLD","PENDING_PARSE_AND_QA","gpx","10","244","ENGLISH_TEXT_CHECK_PASS","22","YES","NO","","Exact locked transposer fails required round-trip or slash-bass preservation","142aa6c501ac1dd41735398e5a62360084b6c5c79a2ba22d67492fbbaa2f4ac3","Ultimate Guitar com PRO Tabs Site Rip GPX/a/arctic_monkeys_8976/arctic-monkeys_tranquility-base-hotel-and-casino-official-2407557.gpx"
"67","Ariana Grande","Almost Is Never Enough","EXISTING_DUPLICATE","EXISTING","SKIPPED_ALREADY_CURRENT","gpx","12","437","ENGLISH_TEXT_CHECK_PASS","92","YES","YES","","Existing artist/song or title variant — leave current song unchanged | Exact locked transposer fails required round-trip or slash-bass preservation","328d438827c97440b08fba6c80a0c24cd11af0e6a23fea47f6ed39379ca00ddf","Ultimate Guitar com PRO Tabs Site Rip GPX/a/ariana_grande_34410/ariana-grande_almost-is-never-enough-official-2449284.gpx"
"68","Ariana Grande","dangerous woman","REVIEWABLE_CHORD_SHEET","REVIEWABLE","PENDING_PARSE_AND_QA","gpx","3","402","ENGLISH_TEXT_CHECK_PASS","0","NO","NO","","","4538b50950e41548a17e31968f9f343b972229fa5811014fce3bca8820a2cfa7","Ultimate Guitar com PRO Tabs Site Rip GPX/a/ariana_grande_34410/ariana-grande_dangerous-woman-official-2455988.gpx"
"69","Ariana Grande","demi lovato met him last night","REVIEWABLE_CHORD_SHEET","REVIEWABLE","PENDING_PARSE_AND_QA","gpx","2","372","ENGLISH_TEXT_CHECK_PASS","0","NO","NO","","","70d1c09cc71d1c184d43f1261e2befafaf8ccaf0754b6124d5ffade73b8b89a3","Ultimate Guitar com PRO Tabs Site Rip GPX/a/ariana_grande_34410/demi-lovato_met-him-last-night-official-3642608.gpx"
"70","Ariana Grande","everytime","REVIEWABLE_CHORD_SHEET","REVIEWABLE","PENDING_PARSE_AND_QA","gpx","3","403","ENGLISH_TEXT_CHECK_PASS","0","NO","NO","","","29eda4f4d694b30944def7c0345c4f59c269a71a8fdfe330102211246d65a69f","Ultimate Guitar com PRO Tabs Site Rip GPX/a/ariana_grande_34410/ariana-grande_everytime-official-2472992.gpx"
"71","Ariana Grande","Love Me Harder","EXISTING_DUPLICATE","EXISTING","SKIPPED_ALREADY_CURRENT","gpx","5","449","ENGLISH_TEXT_CHECK_PASS","22","NO","NO","","Existing artist/song or title variant — leave current song unchanged | Exact locked transposer fails required round-trip or slash-bass preservation","522045348b1785a0c7ffaf4004ff36c2111905edf81bfaa415c247c964f56ddb","Ultimate Guitar com PRO Tabs Site Rip GPX/a/ariana_grande_34410/ariana-grande_love-me-harder-official-2444179.gpx"
"72","Ariana Grande","no tears left to cry","REVIEWABLE_CHORD_SHEET","REVIEWABLE","PENDING_PARSE_AND_QA","gpx","6","555","ENGLISH_TEXT_CHECK_PASS","0","NO","NO","","","ac420594cf3873fa080f3e45391c914b6f4506393d36291ae35fa6c53671a4b9","Ultimate Guitar com PRO Tabs Site Rip GPX/a/ariana_grande_34410/ariana-grande_no-tears-left-to-cry-official-2402711.gpx"
"73","Ariana Grande","obvious","REVIEWABLE_CHORD_SHEET","REVIEWABLE","PENDING_PARSE_AND_QA","gpx","9","366","ENGLISH_TEXT_CHECK_PASS","0","YES","YES","","","2c194e54912337b2b4cf1e06861d8d8d22870609205820799349af90d9eabebf","Ultimate Guitar com PRO Tabs Site Rip GPX/a/ariana_grande_34410/ariana-grande_obvious-official-3430577.gpx"
"74","Ariana Grande","positions","REVIEWABLE_CHORD_SHEET","REVIEWABLE","PENDING_PARSE_AND_QA","gpx","4","402","ENGLISH_TEXT_CHECK_PASS","0","NO","YES","","","1fb62f578c9fc7bcb5ce3c52e1c21ead63545ed0b038dd22fb601adb54d25e1f","Ultimate Guitar com PRO Tabs Site Rip GPX/a/ariana_grande_34410/ariana-grande_positions-official-3435107.gpx"
"75","Ariana Grande","Side To Side","EXISTING_DUPLICATE","EXISTING","SKIPPED_ALREADY_CURRENT","gpx","4","536","ENGLISH_TEXT_CHECK_PASS","0","NO","NO","","Existing artist/song or title variant — leave current song unchanged","9a806cdc33907e4dd34961777a5f44d60e06dd598c3560d3a63ba8e1902c47a5","Ultimate Guitar com PRO Tabs Site Rip GPX/a/ariana_grande_34410/ariana-grande_side-to-side-official-2618505.gpx"
"76","Audioslave","be yourself","REVIEWABLE_CHORD_SHEET","REVIEWABLE","PENDING_PARSE_AND_QA","gpx","9","297","ENGLISH_TEXT_CHECK_PASS","0","YES","NO","","","c37564ebd962c4ad3afc12133d50551bff5e6a4211144a355391e06a10e65929","Ultimate Guitar com PRO Tabs Site Rip GPX/a/audioslave_3138/audioslave_be-yourself-official-2082909.gpx"
"77","Audioslave","Gasoline","TAB_ONLY_OR_EMPTY","HOLD","PENDING_PARSE_AND_QA","gp3","0","0","LANGUAGE_UNVERIFIED","0","NO","NO","","English lyrics not established from available text | No usable chord symbols in extracted sheet | Tab-only or empty extracted sheet","d4622575c27d2b8bcf2b82a6ec1fc5c612a8f114ce37ed9988e903ba9cfafcbb","GuitarPro_Tabs/Audioslave - Gasoline.gp3"
"78","Audioslave","Give","TAB_ONLY_OR_EMPTY","HOLD","PENDING_PARSE_AND_QA","gp3","0","0","LANGUAGE_UNVERIFIED","0","NO","NO","","English lyrics not established from available text | No usable chord symbols in extracted sheet | Tab-only or empty extracted sheet","f649639b2d94ea7e7835c6173deea8dcf174bf867234102c86396ee9191d87c2","GuitarPro_Tabs/Audioslave - Give.gp3"
"79","Audioslave","Hypnotize","TAB_ONLY_OR_EMPTY","HOLD","PENDING_PARSE_AND_QA","gp4","0","0","LANGUAGE_UNVERIFIED","0","NO","NO","","English lyrics not established from available text | No usable chord symbols in extracted sheet | Tab-only or empty extracted sheet","7ca7c60ff00b94b1995f63c6a3637afcf276f8c60c1330a60c86926ed10d0803","GuitarPro_Tabs/Audioslave - Hypnotize.gp4"
"80","Audioslave","Light My Way","TAB_ONLY_OR_EMPTY","HOLD","PENDING_PARSE_AND_QA","gp3","0","0","LANGUAGE_UNVERIFIED","0","NO","NO","","English lyrics not established from available text | No usable chord symbols in extracted sheet | Tab-only or empty extracted sheet","ef10674337a485a7997335bf4e50a5d717b94871b6aa392347488eaef1b8a2fd","GuitarPro_Tabs/Audioslave - Light My Way.gp3"
"81","Audioslave","The Last Remaining Light (3)","TAB_ONLY_OR_EMPTY","HOLD","PENDING_PARSE_AND_QA","gp4","0","0","LANGUAGE_UNVERIFIED","0","NO","NO","","Parsed title disagrees with proposal title | English lyrics not established from available text | No usable chord symbols in extracted sheet | Tab-only or empty extracted sheet","19b27a86bb031717ef47f1984a596c8ed8123bd3332dcbd13ac335ebf0cb323e","GuitarPro_Tabs/Audioslave - The Last Remaining Light (3).gp4"
"82","Average White Band","pick up the pieces","TAB_ONLY_OR_EMPTY","HOLD","PENDING_PARSE_AND_QA","gpx","4","0","LANGUAGE_UNVERIFIED","0","NO","YES","","English lyrics not established from available text | Tab-only or empty extracted sheet","b77229d4126777cafcc97b7cd48ea77c49bb1ec6b30e9cf5c1b0457ef394b048","Ultimate Guitar com PRO Tabs Site Rip GPX/a/average_white_band_12726/average-white-band_pick-up-the-pieces-official-3096098.gpx"
"83","Avril Lavigne","Dumb Blonde","EXISTING_DUPLICATE","EXISTING","SKIPPED_ALREADY_CURRENT","gpx","4","720","ENGLISH_TEXT_CHECK_PASS","0","NO","NO","","Existing artist/song or title variant — leave current song unchanged","0b0d9488a1d98fd8078310aeb38a184eb69d47ea4492f3d8053703f8932583ac","Ultimate Guitar com PRO Tabs Site Rip GPX/a/avril_lavigne_2725/avril-lavigne_dumb-blonde-official-2615679.gpx"
"84","Avril Lavigne","Flames (feat. Avril Lavigne)","EXISTING_DUPLICATE","EXISTING","SKIPPED_ALREADY_CURRENT","gpx","5","301","ENGLISH_TEXT_CHECK_PASS","0","NO","NO","","Existing artist/song or title variant — leave current song unchanged","158e12f3bb031af2eb36ff15b404d295f634c21af9ea8afd64fc7bbdede4b439","Ultimate Guitar com PRO Tabs Site Rip GPX/a/avril_lavigne_2725/mod-sun_flames-official-3726740.gpx"
"85","Avril Lavigne","G R O W","EXISTING_DUPLICATE","EXISTING","SKIPPED_ALREADY_CURRENT","gpx","5","327","ENGLISH_TEXT_CHECK_PASS","22","NO","NO","","Existing artist/song or title variant — leave current song unchanged | Exact locked transposer fails required round-trip or slash-bass preservation","b1fc1089bbe4510bae128deb057bb5ccdc5cfb8fa767df3309ca033e35979e54","Ultimate Guitar com PRO Tabs Site Rip GPX/a/avril_lavigne_2725/willow-willow-smith_grow-official-3802019.gpx"
"86","Avril Lavigne","keep holding on","TRANSPOSE_FAILURE","HOLD","PENDING_PARSE_AND_QA","gpx","6","396","ENGLISH_TEXT_CHECK_PASS","92","NO","YES","","Exact locked transposer fails required round-trip or slash-bass preservation","b19cc99e19c4eff5cbeef2a394249089fd8bc0ceaa4feae78bfca17e8b96301e","Ultimate Guitar com PRO Tabs Site Rip GPX/a/avril_lavigne_2725/avril-lavigne_keep-holding-on-official-2149079.gpx"
"87","Avril Lavigne","when youre gone","REVIEWABLE_CHORD_SHEET","REVIEWABLE","PENDING_PARSE_AND_QA","gpx","7","369","ENGLISH_TEXT_CHECK_PASS","0","NO","NO","","","c3a26b04625bda0a04173973653ffe2097ea734c499926ff205e189164d886dc","Ultimate Guitar com PRO Tabs Site Rip GPX/a/avril_lavigne_2725/avril-lavigne_when-youre-gone-official-1955637.gpx"
"88","Backstreet Boys","everybody","REVIEWABLE_CHORD_SHEET","REVIEWABLE","PENDING_PARSE_AND_QA","gpx","6","307","ENGLISH_TEXT_CHECK_PASS","0","NO","YES","","","6cdd7a67039d4ee7eb5fcddca7dbbf318e2726a993e4217c24ed001214078540","Ultimate Guitar com PRO Tabs Site Rip GPX/b/backstreet_boys_1926/backstreet-boys_everybody-official-3811637.gpx"
"89","Bad Company","Feel 's Like Makin ' Love","TAB_ONLY_OR_EMPTY","HOLD","PENDING_PARSE_AND_QA","gp3","0","0","LANGUAGE_UNVERIFIED","0","NO","NO","","Parsed title disagrees with proposal title | English lyrics not established from available text | No usable chord symbols in extracted sheet | Tab-only or empty extracted sheet","47dc476c5f0d7c2a4a8edc33618f8f2ae99e6576d21d9d3b337f8ae2b537548c","GuitarPro_Tabs/Bad Company - Feel 's Like Makin ' Love.gp3"
"90","Bad Company","feel like makin love","REVIEWABLE_CHORD_SHEET","REVIEWABLE","PENDING_PARSE_AND_QA","gpx","4","321","ENGLISH_TEXT_CHECK_PASS","0","NO","NO","","","278a3508b0001179683387d217f2f8b8cde8f4ca6514a7b4b65dc04b97e08852","Ultimate Guitar com PRO Tabs Site Rip GPX/b/bad_company_1857/bad-company_feel-like-makin-love-official-2408379.gpx"
"91","Bad Company","ready for love","TRANSPOSE_FAILURE","HOLD","PENDING_PARSE_AND_QA","gpx","14","245","ENGLISH_TEXT_CHECK_PASS","46","YES","YES","","Exact locked transposer fails required round-trip or slash-bass preservation","247d8d2430c16bf61803665afa983c31d037c2bb4ad5f9d19c3eb1c599d978b7","Ultimate Guitar com PRO Tabs Site Rip GPX/b/bad_company_1857/bad-company_ready-for-love-official-3322244.gpx"
"92","Barenaked Ladies","Alcohol","TAB_ONLY_OR_EMPTY","HOLD","PENDING_PARSE_AND_QA","gp3","0","0","LANGUAGE_UNVERIFIED","0","NO","NO","","English lyrics not established from available text | No usable chord symbols in extracted sheet | Tab-only or empty extracted sheet","cc9af674a3877cc73b7941108125a41d64a2e4ec6451316d75d5b0b18b2638a1","GuitarPro_Tabs/Barenaked Ladies - Alcohol.gp3"
"93","Barenaked Ladies","Big Bang Theory Theme","EXISTING_DUPLICATE","EXISTING","SKIPPED_ALREADY_CURRENT","gpx","6","325","ENGLISH_TEXT_CHECK_PASS","0","NO","NO","","Existing artist/song or title variant — leave current song unchanged","0a3f4c8fe82da2f57353a6d5803f8549b0e97bfcbb8355a4e531dd2a5c20b2d2","Ultimate Guitar com PRO Tabs Site Rip GPX/b/barenaked_ladies_1935/misc-television_big-bang-theory-theme-official-2580996.gpx"
"94","Barenaked Ladies","if i had a million dollars","REVIEWABLE_CHORD_SHEET","REVIEWABLE","PENDING_PARSE_AND_QA","gpx","4","579","ENGLISH_TEXT_CHECK_PASS","0","NO","NO","","","39d7b090c2e2f7b32dc6c0ff05dbed532474fb0486d9f4f31c3ad3b345ba5054","Ultimate Guitar com PRO Tabs Site Rip GPX/b/barenaked_ladies_1935/barenaked-ladies_if-i-had-a-million-dollars-official-3239993.gpx"
"95","Barenaked Ladies","It 's All been Done","TAB_ONLY_OR_EMPTY","HOLD","PENDING_PARSE_AND_QA","gp3","8","0","LANGUAGE_UNVERIFIED","69","NO","YES","","English lyrics not established from available text | Tab-only or empty extracted sheet | Exact locked transposer fails required round-trip or slash-bass preservation","e71f50e7a3df7571869111597990d62450ecbf63c0d990bcb590ca182431d256","GuitarPro_Tabs/Barenaked Ladies - It 's All been Done.gp3"
"96","Barenaked Ladies","One Week","TAB_ONLY_OR_EMPTY","HOLD","UNAVAILABLE_SOURCE","gp3","0","20","ENGLISH_TEXT_CHECK_PASS","0","NO","NO","","No usable chord symbols in extracted sheet","f7d5fc288bada67cd87e628580d1e8be42b0cc1cd499b4441c231c35325419a5","GuitarPro_Tabs/Barenaked Ladies - One Week.gp3"
"97","Barenaked Ladies","Pinch Me","TAB_ONLY_OR_EMPTY","HOLD","PENDING_PARSE_AND_QA","gp3","0","0","LANGUAGE_UNVERIFIED","0","NO","NO","","English lyrics not established from available text | No usable chord symbols in extracted sheet | Tab-only or empty extracted sheet","94ad76e57dee11e336a2f2824a25b3a7e6e69230d9d4855560bb8937ba4fd4de","GuitarPro_Tabs/Bare Naked Ladies - Pinch Me.gp3"
"98","Barenaked Ladies","the old apartment","REVIEWABLE_CHORD_SHEET","REVIEWABLE","PENDING_PARSE_AND_QA","gpx","6","269","ENGLISH_TEXT_CHECK_PASS","0","NO","NO","","","d81d357664f531503ba232d0bb05b134ee2f75d2ad62909d7faff77d8dd4115a","Ultimate Guitar com PRO Tabs Site Rip GPX/b/barenaked_ladies_1935/barenaked-ladies_the-old-apartment-official-3802388.gpx"
"99","Beastie Boys","Fight for your Right ( to Party)","EXISTING_DUPLICATE","EXISTING","PENDING_PARSE_AND_QA","gp3","0","0","LANGUAGE_UNVERIFIED","0","NO","NO","","Existing artist/song or title variant — leave current song unchanged | Possible existing song or alternate title: Beastie Boys — Fight For Your Right | English lyrics not established from available text | No usable chord symbols in extracted sheet | Tab-only or empty extracted sheet","991b18b5e3f878156d308d96c2f87750192e7835874770f7e37d10a9f7aa6529","GuitarPro_Tabs/Beastie Boys - Fight for your Right ( to Party).gp3"
"100","Beastie Boys","Tough Guy","TAB_ONLY_OR_EMPTY","HOLD","PENDING_PARSE_AND_QA","gp3","0","0","LANGUAGE_UNVERIFIED","0","NO","NO","","English lyrics not established from available text | No usable chord symbols in extracted sheet | Tab-only or empty extracted sheet","72bf1b021b167db031852a9f9cb14f4a21e4f027f4438db2eab3885ff619e211","GuitarPro_Tabs/Beastie Boys - Tough Guy.gp3"
"101","Ben Folds Five","Brick","TAB_ONLY_OR_EMPTY","HOLD","PENDING_PARSE_AND_QA","gp3","0","0","LANGUAGE_UNVERIFIED","0","NO","NO","","Parsed title disagrees with proposal title | English lyrics not established from available text | No usable chord symbols in extracted sheet | Tab-only or empty extracted sheet","60f11c9ba0a606856b8c11d2dbe0ce17e5206674b01de75bc542637fc13aa449","GuitarPro_Tabs/Ben Folds Five - Brick.gp3"
"102","Bill Withers","grandmas hands","REVIEWABLE_CHORD_SHEET","REVIEWABLE","PENDING_PARSE_AND_QA","gpx","3","195","ENGLISH_TEXT_CHECK_PASS","0","NO","NO","","","3a94fa9084227b8015c3ef2e943c5eb9c3877aa80867939d92888e8789d19131","Ultimate Guitar com PRO Tabs Site Rip GPX/b/bill_withers_11594/bill-withers_grandmas-hands-official-3473366.gpx"
"103","Billy Idol","mony mony","REVIEWABLE_CHORD_SHEET","REVIEWABLE","PENDING_PARSE_AND_QA","gpx","3","462","ENGLISH_TEXT_CHECK_PASS","0","NO","NO","","","35d6385e2bfbaadf07969258d632852be5daa5d1608c9eb0406708b5ed12e941","Ultimate Guitar com PRO Tabs Site Rip GPX/b/billy_idol_9571/billy-idol_mony-mony-official-3680585.gpx"
"104","Billy Idol","Rebell Yell","TAB_ONLY_OR_EMPTY","HOLD","PENDING_PARSE_AND_QA","gp3","1","0","LANGUAGE_UNVERIFIED","0","NO","NO","","English lyrics not established from available text | Tab-only or empty extracted sheet","e189c53a0b2e92656eef3fb21a996d7e49f592b1cdfff37f82fd2faf3b430a6a","GuitarPro_Tabs/Billy Idol - Rebell Yell.gp3"
"105","Billy Joel","and so it goes","TRANSPOSE_FAILURE","HOLD","PENDING_PARSE_AND_QA","gpx","10","208","ENGLISH_TEXT_CHECK_PASS","115","YES","YES","","Exact locked transposer fails required round-trip or slash-bass preservation","4c6aee1e718525cfadaaacbe60b3b5c3857348a2677018b5048c36d6d43ed219","Ultimate Guitar com PRO Tabs Site Rip GPX/b/billy_joel_10601/billy-joel_and-so-it-goes-official-3572015.gpx"
"106","Billy Joel","shes got a way","TRANSPOSE_FAILURE","HOLD","PENDING_PARSE_AND_QA","gpx","13","251","ENGLISH_TEXT_CHECK_PASS","23","YES","YES","","Exact locked transposer fails required round-trip or slash-bass preservation","d3166ebc76cb13f4e47d3d615163013f020583fcd89cae4320b8b6203b7218a8","Ultimate Guitar com PRO Tabs Site Rip GPX/b/billy_joel_10601/billy-joel_shes-got-a-way-official-3420041.gpx"
"107","Billy Joel","the longest time","TRANSPOSE_FAILURE","HOLD","PENDING_PARSE_AND_QA","gpx","9","349","ENGLISH_TEXT_CHECK_PASS","23","YES","YES","","Parsed title disagrees with proposal title | Exact locked transposer fails required round-trip or slash-bass preservation","428020334a73cee5a433631c0041f60a476de50efc58f75dee3903b0917f3437","Ultimate Guitar com PRO Tabs Site Rip GPX/b/billy_joel_10601/billy-joel_the-longest-time-official-2243789.gpx"
"108","Billy Squier","lonely is the night","REVIEWABLE_CHORD_SHEET","REVIEWABLE","PENDING_PARSE_AND_QA","gpx","8","337","ENGLISH_TEXT_CHECK_PASS","0","NO","NO","","","d46f221915613be3b7c39ca5a76f6518dd7eee7da8197e06f2e7cb5f73416827","Ultimate Guitar com PRO Tabs Site Rip GPX/b/billy_squier_11387/billy-squier_lonely-is-the-night-official-2769382.gpx"
"109","Blue Oyster Cult","burnin ' for you","TAB_ONLY_OR_EMPTY","HOLD","PENDING_PARSE_AND_QA","gp3","0","0","LANGUAGE_UNVERIFIED","0","NO","NO","","English lyrics not established from available text | No usable chord symbols in extracted sheet | Tab-only or empty extracted sheet","808a20baecbc96819511fb53dcdfff8f0a4998005b174a9852602b28158e8de6","GuitarPro_Tabs/Blue Oyster Cult - burnin ' for you.gp3"
"110","Blue Oyster Cult","Don 't Fear The Reaper","TAB_ONLY_OR_EMPTY","HOLD","PENDING_PARSE_AND_QA","gp4","0","0","LANGUAGE_UNVERIFIED","0","NO","NO","","English lyrics not established from available text | No usable chord symbols in extracted sheet | Tab-only or empty extracted sheet","c68e499d833416a4f89a49a7896cce703fe3a05e6f7ebe86a415bb391a45fe16","GuitarPro_Tabs/Blue Oyster Cult - Don 't Fear The Reaper.gp4"
"111","Blue Oyster Cult","Godzilla (2)","TAB_ONLY_OR_EMPTY","HOLD","PENDING_PARSE_AND_QA","gp4","0","0","LANGUAGE_UNVERIFIED","0","NO","NO","","English lyrics not established from available text | No usable chord symbols in extracted sheet | Tab-only or empty extracted sheet","b2cc2e0c76bea4ae7f21caafd2c9528bf20f875f14e4dc1d2488cb29a212a2bb","GuitarPro_Tabs/Blue Oyster Cult - Godzilla (2).gp4"
"112","Bob Dylan","i shall be released","TRANSPOSE_FAILURE","HOLD","HELD_CHORD_OR_TRANSPOSE","gpx","7","123","ENGLISH_TEXT_CHECK_PASS","23","NO","YES","","Exact locked transposer fails required round-trip or slash-bass preservation","5b2ce587f2b74bc4a5f0adc14a8a86c9d826ac524fe65226fce1be5b44c8adc2","Ultimate Guitar com PRO Tabs Site Rip GPX/b/bob_dylan_10212/bob-dylan_i-shall-be-released-official-3279212.gpx"
"113","Bob Dylan","its all over now baby blue","TRANSPOSE_FAILURE","HOLD","HELD_CHORD_OR_TRANSPOSE","gpx","5","248","ENGLISH_TEXT_CHECK_PASS","69","NO","YES","","Exact locked transposer fails required round-trip or slash-bass preservation","8f9df2a781ca8a7b70d560f0f9e80bde08f6b9fdb5814cdbc2caeae014a69565","Ultimate Guitar com PRO Tabs Site Rip GPX/b/bob_dylan_10212/bob-dylan_its-all-over-now-baby-blue-official-2496912.gpx"
"114","Bob Dylan","just like a woman","REVIEWABLE_CHORD_SHEET","REVIEWABLE","HELD_CHORD_OR_TRANSPOSE","gpx","10","292","ENGLISH_TEXT_CHECK_PASS","0","YES","YES","","","87f6345db96cc943c40af2c5ff3f95afd0ff0bea16ca8b0ebc4824d831553e0c","Ultimate Guitar com PRO Tabs Site Rip GPX/b/bob_dylan_10212/bob-dylan_just-like-a-woman-official-3288926.gpx"
"115","Bob Dylan","subterranean homesick blues","REVIEWABLE_CHORD_SHEET","REVIEWABLE","QUALIFIED_FOR_GIT_STAGING","gpx","3","393","ENGLISH_TEXT_CHECK_PASS","0","NO","NO","","","ee36937619d0b9c0f5795642160d45a6159e712cb17ee8f17d826378d5a8d4aa","Ultimate Guitar com PRO Tabs Site Rip GPX/b/bob_dylan_10212/bob-dylan_subterranean-homesick-blues-official-3747365.gpx"
"116","Bob Marley","buffalo soldier","IDENTITY_DIAGRAM_OR_OTHER_HOLD","HOLD","PENDING_PARSE_AND_QA","gpx","8","441","ENGLISH_TEXT_CHECK_PASS","0","NO","YES","","Parsed title disagrees with proposal title","4a5652b28d4a9b791a2ce3518f37664870114b62a5a8be4949fb05a1f7209eed","Ultimate Guitar com PRO Tabs Site Rip GPX/b/bob_marley_9676/bob-marley_buffalo-soldier-official-2709933.gpx"
"117","Bob Marley","i shot the sheriff","REVIEWABLE_CHORD_SHEET","REVIEWABLE","PENDING_PARSE_AND_QA","gpx","5","376","ENGLISH_TEXT_CHECK_PASS","0","NO","NO","","","ee164afa285178d396857a03a17da0d0e3bc331aeeafc52cbde2e772ecbb199a","Ultimate Guitar com PRO Tabs Site Rip GPX/b/bob_marley_9676/bob-marley_i-shot-the-sheriff-official-2667156.gpx"
"118","Bob Marley","Is This Love","EXISTING_DUPLICATE","EXISTING","SKIPPED_ALREADY_CURRENT","gpx","6","342","ENGLISH_TEXT_CHECK_PASS","0","NO","NO","","Existing artist/song or title variant — leave current song unchanged | Possible existing song or alternate title: Bob Marley & The Wailers — Is This Love","0d8d98ad0201a23ad6468a7599fe7deb9cac5ade0269a33078a8411298ee896d","Ultimate Guitar com PRO Tabs Site Rip GPX/b/bob_marley_9676/bob-marley_is-this-love-official-2669682.gpx"
"119","Bob Marley","natural mystic","REVIEWABLE_CHORD_SHEET","REVIEWABLE","PENDING_PARSE_AND_QA","gpx","3","274","ENGLISH_TEXT_CHECK_PASS","0","NO","NO","","","07dc6e5fa8c0aa36b2eab68eb42d14b3ca260c11d5db9cd99620cffaf872533b","Ultimate Guitar com PRO Tabs Site Rip GPX/b/bob_marley_9676/bob-marley_natural-mystic-official-3638414.gpx"
"120","Bob Marley","No Woman No Cry","EXISTING_DUPLICATE","EXISTING","SKIPPED_ALREADY_CURRENT","gpx","5","455","ENGLISH_TEXT_CHECK_PASS","23","NO","YES","","Existing artist/song or title variant — leave current song unchanged | Possible existing song or alternate title: Bob Marley & The Wailers — No Woman No Cry | Exact locked transposer fails required round-trip or slash-bass preservation","394b859a32a1b9391618f58923e4162cc6b5817c8eacb7c7f7fc78a9da89ec69","Ultimate Guitar com PRO Tabs Site Rip GPX/b/bob_marley_9676/bob-marley_no-woman-no-cry-official-1920907.gpx"
"121","Bob Marley","One Love / People Get Ready","EXISTING_DUPLICATE","EXISTING","SKIPPED_ALREADY_CURRENT","gpx","4","281","ENGLISH_TEXT_CHECK_PASS","0","NO","NO","","Existing artist/song or title variant — leave current song unchanged | Possible existing song or alternate title: Bob Marley & The Wailers — One Love / People Get Ready","dd847fa274fa1801a54852a81269a0dbd3fb21a063b52553d981fb1933e8b152","Ultimate Guitar com PRO Tabs Site Rip GPX/b/bob_marley_9676/bob-marley_one-love-people-get-ready-official-3014015.gpx"
"122","Bob Marley","redemption song","TRANSPOSE_FAILURE","HOLD","PENDING_PARSE_AND_QA","gpx","7","305","ENGLISH_TEXT_CHECK_PASS","23","NO","YES","","Exact locked transposer fails required round-trip or slash-bass preservation","18437af95b76863829d7452cb5d506b9e13ca27489b5607627b0091130369a9c","Ultimate Guitar com PRO Tabs Site Rip GPX/b/bob_marley_9676/bob-marley_redemption-song-official-1911519.gpx"
"123","Bob Marley","stir it up","REVIEWABLE_CHORD_SHEET","REVIEWABLE","PENDING_PARSE_AND_QA","gpx","3","281","ENGLISH_TEXT_CHECK_PASS","0","NO","NO","","","728e0e69623c9a2ce39ab9f5f1299d8c834c86b47c7e806fb4952b91235d001d","Ultimate Guitar com PRO Tabs Site Rip GPX/b/bob_marley_9676/bob-marley_stir-it-up-official-2897336.gpx"
"124","Bob Marley","Three Little Birds","EXISTING_DUPLICATE","EXISTING","SKIPPED_ALREADY_CURRENT","gpx","3","238","ENGLISH_TEXT_CHECK_PASS","0","NO","NO","","Existing artist/song or title variant — leave current song unchanged | Possible existing song or alternate title: Bob Marley & The Wailers — Three Little Birds","18fe82ef7d885f2a7651b78e8532c5e9b526b56121c0c083f3be2e3be0cce8ab","Ultimate Guitar com PRO Tabs Site Rip GPX/b/bob_marley_9676/bob-marley_three-little-birds-official-2072761.gpx"
"125","Bob Marley","waiting in vain","REVIEWABLE_CHORD_SHEET","REVIEWABLE","PENDING_PARSE_AND_QA","gpx","6","409","ENGLISH_TEXT_CHECK_PASS","0","NO","NO","","","102d38668bf4756984bd7d84afd07208930748c2d9b47953545ad5a1dd8d482e","Ultimate Guitar com PRO Tabs Site Rip GPX/b/bob_marley_9676/bob-marley_waiting-in-vain-official-2959733.gpx"
"126","Bob Seger","Old Time Rock & Roll","EXISTING_DUPLICATE","EXISTING","SKIPPED_ALREADY_CURRENT","gpx","3","344","ENGLISH_TEXT_CHECK_PASS","0","NO","NO","","Existing artist/song or title variant — leave current song unchanged","2ad91105446cf8c70b2d5feca3b90c68cd923c6d9be3344126724ffb85c14e9a","Ultimate Guitar com PRO Tabs Site Rip GPX/b/bob_seger_11299/bob-seger_old-time-rock-and-roll-official-2645829.gpx"
"127","Bon Jovi","(It's Hard) Letting You Go","TAB_ONLY_OR_EMPTY","HOLD","PENDING_PARSE_AND_QA","gp3","12","0","LANGUAGE_UNVERIFIED","0","YES","NO","","English lyrics not established from available text | Tab-only or empty extracted sheet","b214c9f3ccf0142a882ba29bf9dc20cd7d5a7b8c948b40097c23e5bffa8dd680","GuitarPro_Tabs/Bon Jovi - (It's Hard) Letting You Go.gp3"
"128","Bon Jovi","Always (solo)","EXISTING_DUPLICATE","EXISTING","PENDING_PARSE_AND_QA","gp3","0","0","LANGUAGE_UNVERIFIED","0","NO","NO","","Existing artist/song or title variant — leave current song unchanged | Possible existing song or alternate title: Bon Jovi — Always | May be a medley, fragment or exercise; full-song identity needs confirmation. | English lyrics not established from available text | No usable chord symbols in extracted sheet | Tab-only or empty extracted sheet","8e4982a5b58050fada38c44c641f5559678b202f8693fb1245a4e66289078b92","GuitarPro_Tabs/Bon Jovi - Always (solo).gp3"
"129","Bon Jovi","Blaze Of Glory","EXISTING_DUPLICATE","EXISTING","SKIPPED_ALREADY_CURRENT","gpx","5","419","ENGLISH_TEXT_CHECK_PASS","0","NO","NO","","Existing artist/song or title variant — leave current song unchanged | Possible existing song or alternate title: Jon Bon Jovi — Blaze Of Glory","bd0eaac263d94ed621a702ed955a0a35446a5fe8e6628fa1c834be94117603de","Ultimate Guitar com PRO Tabs Site Rip GPX/b/bon_jovi_1918/bon-jovi_blaze-of-glory-official-2892878.gpx"
"130","Bon Jovi","Born To Be My Baby (solo)","EXISTING_DUPLICATE","EXISTING","PENDING_PARSE_AND_QA","gp3","0","0","LANGUAGE_UNVERIFIED","0","NO","NO","","Existing artist/song or title variant — leave current song unchanged | Possible existing song or alternate title: Bon Jovi — Born To Be My Baby | May be a medley, fragment or exercise; full-song identity needs confirmation. | English lyrics not established from available text | No usable chord symbols in extracted sheet | Tab-only or empty extracted sheet","1f27e7ec9b3b01fac6cbe92eae82b599c220941cf42abaac0d94a80031390efc","GuitarPro_Tabs/Bon Jovi - Born To Be My Baby (solo).gp3"
"131","Bon Jovi","Bounce","TAB_ONLY_OR_EMPTY","HOLD","PENDING_PARSE_AND_QA","gp4","0","0","LANGUAGE_UNVERIFIED","0","NO","NO","","English lyrics not established from available text | No usable chord symbols in extracted sheet | Tab-only or empty extracted sheet","77a85340b402ad3f1770b38a6d8a52cae1dab30f71b932f6c73d4c6efee7ee9e","GuitarPro_Tabs/Bon Jovi - Bounce.gp4"
"132","Bon Jovi","Captain Crash & The Beauty Queen From Mars","TAB_ONLY_OR_EMPTY","HOLD","PENDING_PARSE_AND_QA","gp3","0","0","LANGUAGE_UNVERIFIED","0","NO","NO","","English lyrics not established from available text | No usable chord symbols in extracted sheet | Tab-only or empty extracted sheet","329f43e02504b536c2bd4a1abb531b41adaf52743c036b6d82463737d0848c05","GuitarPro_Tabs/Bon Jovi - Captain Crash & The Beauty Queen From Mars.gp3"
"133","Bon Jovi","Dry County (2)","TAB_ONLY_OR_EMPTY","HOLD","PENDING_PARSE_AND_QA","gp3","0","0","LANGUAGE_UNVERIFIED","0","NO","NO","","English lyrics not established from available text | No usable chord symbols in extracted sheet | Tab-only or empty extracted sheet","e9731ff1f61a032756da6d1ea30158f7a1d6e21fb590a40d4ff90aeedb68af8a","GuitarPro_Tabs/Bon Jovi - Dry County (2).gp3"
"134","Bon Jovi","Everyday","TAB_ONLY_OR_EMPTY","HOLD","PENDING_PARSE_AND_QA","gp4","0","0","LANGUAGE_UNVERIFIED","0","NO","NO","","English lyrics not established from available text | No usable chord symbols in extracted sheet | Tab-only or empty extracted sheet","01440cd6157f5d171687592110f9a343ae0579a6b057204a32401dcd53e881b0","GuitarPro_Tabs/Bon Jovi - Everyday.gp4"
"135","Bon Jovi","Hey God","TAB_ONLY_OR_EMPTY","HOLD","PENDING_PARSE_AND_QA","gp4","0","0","LANGUAGE_UNVERIFIED","0","NO","NO","","English lyrics not established from available text | No usable chord symbols in extracted sheet | Tab-only or empty extracted sheet","cb07bb352a09dee19bea1241d6ea29fb2cb0e03a076a32b627d0e7dfc83d690c","GuitarPro_Tabs/Bon Jovi - Hey God.gp4"
"136","Bon Jovi","Hook Me Up","EXISTING_DUPLICATE","EXISTING","SKIPPED_ALREADY_CURRENT","gpx","6","239","ENGLISH_TEXT_CHECK_PASS","0","NO","NO","","Existing artist/song or title variant — leave current song unchanged","b7b3a52a09f3a1a746ed5ff7ecb7d25c4b9b6043b0ab12f16e42dcc2323c38fa","Ultimate Guitar com PRO Tabs Site Rip GPX/b/bon_jovi_1918/bon-jovi_hook-me-up-official-2245601.gpx"
"137","Bon Jovi","If I Was Your Mother","TAB_ONLY_OR_EMPTY","HOLD","PENDING_PARSE_AND_QA","gp3","0","0","LANGUAGE_UNVERIFIED","0","NO","NO","","English lyrics not established from available text | No usable chord symbols in extracted sheet | Tab-only or empty extracted sheet","37d0d8b332976a600a9f2e6f1092f21c5e1e0fa17f87046bda82c802cd91fd99","GuitarPro_Tabs/Bon Jovi - If I Was Your Mother.gp3"
"138","Bon Jovi","In And Out Of Love","TAB_ONLY_OR_EMPTY","HOLD","PENDING_PARSE_AND_QA","gp4","0","0","LANGUAGE_UNVERIFIED","0","NO","NO","","English lyrics not established from available text | No usable chord symbols in extracted sheet | Tab-only or empty extracted sheet","f8b8c93b7e2ed191538fe6186306fc89c059651c4e79b50a43e4d7208a1027ef","GuitarPro_Tabs/Bon Jovi - In And Out Of Love.gp4"
"139","Bon Jovi","In These Arms (solo) guitar","TAB_ONLY_OR_EMPTY","HOLD","PENDING_PARSE_AND_QA","gp3","0","0","LANGUAGE_UNVERIFIED","0","NO","NO","","May be a medley, fragment or exercise; full-song identity needs confirmation. | English lyrics not established from available text | No usable chord symbols in extracted sheet | Tab-only or empty extracted sheet","064d048a23265819a7c0073107090ec815312bd13742645a33ca9c8aeca9d82a","GuitarPro_Tabs/Bon Jovi - In These Arms (solo) guitar.gp3"
"140","Bon Jovi","Just Older","TAB_ONLY_OR_EMPTY","HOLD","PENDING_PARSE_AND_QA","gp3","1","0","LANGUAGE_UNVERIFIED","0","NO","NO","","English lyrics not established from available text | Tab-only or empty extracted sheet","488ca066f1a15c10e7923c2b41ed52ace9d7cbe8ca3fa410d8704917611a5bc8","GuitarPro_Tabs/Bon Jovi - Just Older.gp3"
"141","Bon Jovi","keep the faith","REVIEWABLE_CHORD_SHEET","REVIEWABLE","PENDING_PARSE_AND_QA","gpx","5","432","ENGLISH_TEXT_CHECK_PASS","0","NO","NO","","","3a6109e784834b02f1709f304d8e0f902c934b2b03c22b1eaa37f1392341b518","Ultimate Guitar com PRO Tabs Site Rip GPX/b/bon_jovi_1918/bon-jovi_keep-the-faith-official-2390863.gpx"
"142","Bon Jovi","Lay Your Hands On Me","TAB_ONLY_OR_EMPTY","HOLD","PENDING_PARSE_AND_QA","gp3","0","0","LANGUAGE_UNVERIFIED","0","NO","NO","","English lyrics not established from available text | No usable chord symbols in extracted sheet | Tab-only or empty extracted sheet","3f85dec73e88edaf0e8fe8ebae2f23913b91ff002d50683acbb981473011654e","GuitarPro_Tabs/Bon Jovi - Lay Your Hands On Me.gp3"
"143","Bon Jovi","Livin ' On A Prayer (Acoustic Version)","EXISTING_DUPLICATE","EXISTING","PENDING_PARSE_AND_QA","gp3","0","0","LANGUAGE_UNVERIFIED","0","NO","NO","","Existing artist/song or title variant — leave current song unchanged | Possible existing song or alternate title: Bon Jovi — Livin' on a Prayer | English lyrics not established from available text | No usable chord symbols in extracted sheet | Tab-only or empty extracted sheet","e8e40c3fb05664b1cb8b4f9d609c82548198d5e150bdabf7889e4af05b65e8c1","GuitarPro_Tabs/Bon Jovi - Livin ' On A Prayer (Acoustic Version).gp3"
"144","Bon Jovi","Misunderstood (Single Edit)","TAB_ONLY_OR_EMPTY","HOLD","PENDING_PARSE_AND_QA","gp4","0","0","LANGUAGE_UNVERIFIED","0","NO","NO","","English lyrics not established from available text | No usable chord symbols in extracted sheet | Tab-only or empty extracted sheet","d778c019bb055b1ef5ef1b571c6cda388b4adc916313da77e72a6ffb96ea43c2","GuitarPro_Tabs/Bon Jovi - Misunderstood (Single Edit).gp4"
"145","Bon Jovi","My Guitar Lies Bleeding In My Arms","TAB_ONLY_OR_EMPTY","HOLD","PENDING_PARSE_AND_QA","gp3","0","0","LANGUAGE_UNVERIFIED","0","NO","NO","","English lyrics not established from available text | No usable chord symbols in extracted sheet | Tab-only or empty extracted sheet","8174c0847ecd8be67a6e527ffd2cc170cf98e27523f3ef9931aa4b6fd6eb810e","GuitarPro_Tabs/Bon Jovi - My Guitar Lies Bleeding In My Arms.gp3"
"146","Bon Jovi","Next One Hundred Years","TAB_ONLY_OR_EMPTY","HOLD","PENDING_PARSE_AND_QA","gp3","0","0","LANGUAGE_UNVERIFIED","0","NO","NO","","Parsed title disagrees with proposal title | English lyrics not established from available text | No usable chord symbols in extracted sheet | Tab-only or empty extracted sheet","3022c5f8bfdc8c7283f89baa0fa663c94fbb813010a0bbb3ee165c39d7798b1c","GuitarPro_Tabs/Bon Jovi - Next One Hundred Years.gp3"
"147","Bon Jovi","One Wild Night","TAB_ONLY_OR_EMPTY","HOLD","PENDING_PARSE_AND_QA","gp3","0","0","LANGUAGE_UNVERIFIED","0","NO","NO","","English lyrics not established from available text | No usable chord symbols in extracted sheet | Tab-only or empty extracted sheet","c16c6bdbb5f3fb1bcf74487e9583e7187c917bd863327175e64dcf069eeb92d3","GuitarPro_Tabs/Bon Jovi - One Wild Night.gp3"
"148","Bon Jovi","Raise Your Hands","TAB_ONLY_OR_EMPTY","HOLD","PENDING_PARSE_AND_QA","gp4","0","0","LANGUAGE_UNVERIFIED","0","NO","NO","","English lyrics not established from available text | No usable chord symbols in extracted sheet | Tab-only or empty extracted sheet","56ee2ede07db156a98507bc39eb0ed99d28d05e1e3384fb6e142d71c9634a5dc","GuitarPro_Tabs/Bon Jovi - Raise Your Hands.gp4"
"149","Bon Jovi","Runaway (original)","EXISTING_DUPLICATE","EXISTING","PENDING_PARSE_AND_QA","gp4","0","0","LANGUAGE_UNVERIFIED","0","NO","NO","","Existing artist/song or title variant — leave current song unchanged | Possible existing song or alternate title: Bon Jovi — Runaway | English lyrics not established from available text | No usable chord symbols in extracted sheet | Tab-only or empty extracted sheet","8bbdca764e12d66a053e3b202931dabbe43d2d060bee1f63187b2100875b2f45","GuitarPro_Tabs/Bon Jovi - Runaway (original).gp4"
"150","Bon Jovi","Save The World","TAB_ONLY_OR_EMPTY","HOLD","PENDING_PARSE_AND_QA","gp3","0","0","LANGUAGE_UNVERIFIED","0","NO","NO","","English lyrics not established from available text | No usable chord symbols in extracted sheet | Tab-only or empty extracted sheet","f9314d7f9006318e7a6bdd1baa6cb18de7126af177f21b14fc3e771aa4657764","GuitarPro_Tabs/Bon Jovi - Save The World.gp3"
"151","Bon Jovi","Someday I`ll be Saturday night","TAB_ONLY_OR_EMPTY","HOLD","UNAVAILABLE_SOURCE","gp3","0","2","LANGUAGE_UNVERIFIED","0","NO","NO","","English lyrics not established from available text | No usable chord symbols in extracted sheet","237dae4910e37194bb61ae85922d5ec038395f5b6d044c9652a4c1399eb8a52d","GuitarPro_Tabs/Bon Jovi - Someday I 'll Be Saturday Night (2).gp3"
"152","Bon Jovi","Something For The Pain","TAB_ONLY_OR_EMPTY","HOLD","PENDING_PARSE_AND_QA","gp3","6","0","LANGUAGE_UNVERIFIED","0","NO","NO","","English lyrics not established from available text | Tab-only or empty extracted sheet","2bdb2e7883ff9b74f222ed7a17952108c706836aa364dda2ddc916574a0c5dc1","GuitarPro_Tabs/Bon Jovi - Something For The Pain.gp3"
"153","Bon Jovi","This Ain't A Love Song","TAB_ONLY_OR_EMPTY","HOLD","PENDING_PARSE_AND_QA","gp3","2","0","LANGUAGE_UNVERIFIED","0","NO","NO","","English lyrics not established from available text | Tab-only or empty extracted sheet","c9f9f6a416c2a73b52d8522904087cfc5d8fd0e86c1735208d41a278b2428f29","GuitarPro_Tabs/Bon Jovi - This Ain't A Love Song.gp3"
"154","Bon Jovi","Two story town","TAB_ONLY_OR_EMPTY","HOLD","PENDING_PARSE_AND_QA","gp3","1","0","LANGUAGE_UNVERIFIED","0","NO","NO","","English lyrics not established from available text | Tab-only or empty extracted sheet","370e058d123948ba8e7a9ce0ae21637216436eeedf18704afbfadabddce51faa","GuitarPro_Tabs/Bon Jovi - Two story town.gp3"
"155","Booker T The M G S","Green Onions","EXISTING_DUPLICATE","EXISTING","SKIPPED_ALREADY_CURRENT","gpx","7","2","LANGUAGE_UNVERIFIED","0","NO","NO","","Existing artist/song or title variant — leave current song unchanged | English lyrics not established from available text","a9e267cedc38cfca25f3df35b285dcf2384828cd685570a87e4e30272cb0606c","Ultimate Guitar com PRO Tabs Site Rip GPX/b/booker_t_the_m_g_s_1819/booker-t-the-m-g-s_green-onions-official-2216107.gpx"
"156","Boston","dont look back","IDENTITY_DIAGRAM_OR_OTHER_HOLD","HOLD","PENDING_PARSE_AND_QA","gpx","12","333","ENGLISH_TEXT_CHECK_PASS","0","YES","NO","","Parsed title disagrees with proposal title","4b0cb4e02c816bcf2075163854da128a16cc72d1c094b8686b105ecf82b47e7c","Ultimate Guitar com PRO Tabs Site Rip GPX/b/boston_1848/boston_dont-look-back-official-3008948.gpx"
"157","Brad Paisley","mud on the tires","TRANSPOSE_FAILURE","HOLD","PENDING_PARSE_AND_QA","gpx","8","321","ENGLISH_TEXT_CHECK_PASS","69","NO","YES","","Exact locked transposer fails required round-trip or slash-bass preservation","3ff8ae91e6a8dd37c4265cedc426891b64099a798bbc787ee5e6b2ddbc57471c","Ultimate Guitar com PRO Tabs Site Rip GPX/b/brad_paisley_11062/brad-paisley_mud-on-the-tires-official-3528692.gpx"
"158","Brad Paisley","ramin djawadi game of thrones theme","TAB_ONLY_OR_EMPTY","HOLD","PENDING_PARSE_AND_QA","gpx","7","0","LANGUAGE_UNVERIFIED","0","NO","NO","","Parsed title disagrees with proposal title | English lyrics not established from available text | Tab-only or empty extracted sheet","37df0e0f00f131b64eac442863ddec0b5497a82c35ab47db90582844530e697a","Ultimate Guitar com PRO Tabs Site Rip GPX/b/brad_paisley_11062/ramin-djawadi_game-of-thrones-theme-official-2136081.gpx"
"159","Brandi Carlile","Cleanup Hitterfeat","EXISTING_DUPLICATE","EXISTING","SKIPPED_ALREADY_CURRENT","gpx","6","229","ENGLISH_TEXT_CHECK_PASS","23","NO","YES","","Existing artist/song or title variant — leave current song unchanged | Exact locked transposer fails required round-trip or slash-bass preservation","027d5327e3b524238719b532f4fbbcc68e65841914dd4723f1524455e096ddf7","Ultimate Guitar com PRO Tabs Site Rip GPX/b/brandi_carlile_14439/shovels-and-rope_cleanup-hitter-official-2365907.gpx"
"160","Bread","guitar man","TRANSPOSE_FAILURE","HOLD","PENDING_PARSE_AND_QA","gpx","12","285","ENGLISH_TEXT_CHECK_PASS","23","YES","YES","","Exact locked transposer fails required round-trip or slash-bass preservation","6fd3660f9c38a8b320cb46b27fb5a492183ccfc3a6108184e136479e27b85186","Ultimate Guitar com PRO Tabs Site Rip GPX/b/bread_2450/bread_guitar-man-official-3047932.gpx"
"161","Bruce Springsteen","hungry heart","TRANSPOSE_FAILURE","HOLD","PENDING_PARSE_AND_QA","gpx","9","282","ENGLISH_TEXT_CHECK_PASS","22","YES","NO","","Exact locked transposer fails required round-trip or slash-bass preservation","aedf0645f76c1f7996b9de4e35543e8428d483ed0f621e3d12e89e1e96870a70","Ultimate Guitar com PRO Tabs Site Rip GPX/b/bruce_springsteen_9674/bruce-springsteen_hungry-heart-official-3041775.gpx"
"162","Bruce Springsteen","over the rise","REVIEWABLE_CHORD_SHEET","REVIEWABLE","PENDING_PARSE_AND_QA","gpx","4","193","ENGLISH_TEXT_CHECK_PASS","0","NO","NO","","","76c93961a5f4ea24e9eb737469bdd11763fe965cf167fff6a1a93b0983879a0c","Ultimate Guitar com PRO Tabs Site Rip GPX/b/bruce_springsteen_9674/bruce-springsteen_over-the-rise-official-2527572.gpx"
"163","Bryan Adams","have you ever really loved a woman","REVIEWABLE_CHORD_SHEET","REVIEWABLE","PENDING_PARSE_AND_QA","gpx","10","395","ENGLISH_TEXT_CHECK_PASS","0","YES","NO","","","5a8b0d14ad0aaa888719c0a37a2f227b7135db6c6f69a64d1db04efa4c822222","Ultimate Guitar com PRO Tabs Site Rip GPX/b/bryan_adams_9216/bryan-adams_have-you-ever-really-loved-a-woman-official-3460424.gpx"
"164","Bryan Adams","please forgive me","REVIEWABLE_CHORD_SHEET","REVIEWABLE","PENDING_PARSE_AND_QA","gpx","7","340","ENGLISH_TEXT_CHECK_PASS","0","NO","NO","","","96b683b0d94e50b6ce84350dabd2d605efac00fc67f847d59d3bff935a3217ba","Ultimate Guitar com PRO Tabs Site Rip GPX/b/bryan_adams_9216/bryan-adams_please-forgive-me-official-3689708.gpx"
"165","Bryan Adams","When Youre Gone","EXISTING_DUPLICATE","EXISTING","SKIPPED_ALREADY_CURRENT","gpx","5","298","ENGLISH_TEXT_CHECK_PASS","0","NO","NO","","Existing artist/song or title variant — leave current song unchanged","5349a998d4c203e89abf6115ba51d25ba217cf23c737629aa7f32662fcacd701","Ultimate Guitar com PRO Tabs Site Rip GPX/b/bryan_adams_9216/bryan-adams_when-youre-gone-official-3710519.gpx"
"166","Buck Owens","act naturally","REVIEWABLE_CHORD_SHEET","REVIEWABLE","PENDING_PARSE_AND_QA","gpx","5","256","ENGLISH_TEXT_CHECK_PASS","0","NO","NO","","","754bfe356c0e0140c669504a04013835b4d33e5199688c879690bf5590a572dd","Ultimate Guitar com PRO Tabs Site Rip GPX/b/buck_owens_4200/buck-owens_act-naturally-official-2785183.gpx"
"167","Buddy Guy","damn right ive got the blues","REVIEWABLE_CHORD_SHEET","REVIEWABLE","PENDING_PARSE_AND_QA","gpx","3","167","ENGLISH_TEXT_CHECK_PASS","0","NO","NO","","","b5a2c0a0c5d5a944656016157aae85a0b0d604f11bb8b0591dd92a6db66029b8","Ultimate Guitar com PRO Tabs Site Rip GPX/b/buddy_guy_2720/buddy-guy_damn-right-ive-got-the-blues-official-2953916.gpx"
"168","Buddy Guy","Midnight Train (2)","TAB_ONLY_OR_EMPTY","HOLD","PENDING_PARSE_AND_QA","gp3","0","0","LANGUAGE_UNVERIFIED","0","NO","NO","","English lyrics not established from available text | No usable chord symbols in extracted sheet | Tab-only or empty extracted sheet","cc4d506db0b0477b30efc84f790eb47a8fa85265464a1af2275c389555f1c0f4","GuitarPro_Tabs/Buddy Guy - Midnight Train (2).gp3"
"169","Buddy Guy","Stone Crazy","TAB_ONLY_OR_EMPTY","HOLD","PENDING_PARSE_AND_QA","gp3","0","0","LANGUAGE_UNVERIFIED","0","NO","NO","","English lyrics not established from available text | No usable chord symbols in extracted sheet | Tab-only or empty extracted sheet","c840d0e1f8f536a0dd0aaf16ce7e208382591c3403f03dc7b94be9dd607cd99d","GuitarPro_Tabs/Buddy Guy - Stone Crazy.gp3"
"170","Buena Vista Social Club","Amor De Loca Juventud","TAB_ONLY_OR_EMPTY","HOLD","PENDING_PARSE_AND_QA","gp3","18","0","LANGUAGE_UNVERIFIED","23","YES","YES","Fsus4 | Db6 | Ddim | Eb7/5+ | Bbsus2","English lyrics not established from available text | Locked renderer has no chord shape for: Fsus4, Db6, Ddim, Eb7/5+, Bbsus2 | Tab-only or empty extracted sheet | Exact locked transposer fails required round-trip or slash-bass preservation","437d01cdf044150ea72987a115484aec83bba2cbbd2cfcdaf4e0436c1e714a4b","GuitarPro_Tabs/Buena Vista Social Club - Amor De Loca Juventud.gp3"
"171","Buena Vista Social Club","Candela","TAB_ONLY_OR_EMPTY","HOLD","PENDING_PARSE_AND_QA","gp3","5","0","LANGUAGE_UNVERIFIED","23","NO","YES","","English lyrics not established from available text | Tab-only or empty extracted sheet | Exact locked transposer fails required round-trip or slash-bass preservation","7df656ff276663fd6f36c9ba32e86d6bf8eb14fb235dad786ecbf0947fb04ad5","GuitarPro_Tabs/Buena Vista Social Club - Candela.gp3"
"172","Buena Vista Social Club","chan chan","LANGUAGE_UNVERIFIED","HOLD","PENDING_PARSE_AND_QA","gpx","4","288","LANGUAGE_UNVERIFIED","0","NO","NO","","English lyrics not established from available text","a67e43e1db3c9ad04f935f13119b4821a0e7be12e7145d22f6805b02e014dcf8","Ultimate Guitar com PRO Tabs Site Rip GPX/b/buena_vista_social_club_3245/buena-vista-social-club_chan-chan-official-3035289.gpx"
"173","Buena Vista Social Club","De Camino A La Verada","TAB_ONLY_OR_EMPTY","HOLD","PENDING_PARSE_AND_QA","gp3","2","0","LANGUAGE_UNVERIFIED","0","NO","YES","Bb7 (A7)","English lyrics not established from available text | Locked renderer has no chord shape for: Bb7 (A7) | Tab-only or empty extracted sheet","ca9d85ca9d08de9a5894818fc9dd275b472fe9dd6d30514b91858aa66b31de3c","GuitarPro_Tabs/Buena Vista Social Club - De Camino A La Verada.gp3"
"174","Buena Vista Social Club","El Cuarto De Tula","TAB_ONLY_OR_EMPTY","HOLD","PENDING_PARSE_AND_QA","gp3","7","0","LANGUAGE_UNVERIFIED","0","NO","NO","","English lyrics not established from available text | Tab-only or empty extracted sheet","b89c87cf8667d37d7559f7b4e347948656db6d028b28e86e57fa1508170319a9","GuitarPro_Tabs/Buena Vista Social Club - El Cuarto De Tula.gp3"
"175","Bush","Greedy Fly","TAB_ONLY_OR_EMPTY","HOLD","PENDING_PARSE_AND_QA","gp3","0","0","LANGUAGE_UNVERIFIED","0","NO","NO","","English lyrics not established from available text | No usable chord symbols in extracted sheet | Tab-only or empty extracted sheet","83b0d8607a69d4f2d2ae52b3f1f88a0baabc05b39aff74035e99c130109bda3e","GuitarPro_Tabs/Bush - Greedy Fly.gp3"
"176","Bush","People That We Love ( Speed Kills )","TAB_ONLY_OR_EMPTY","HOLD","PENDING_PARSE_AND_QA","gp3","0","0","LANGUAGE_UNVERIFIED","0","NO","NO","","Parsed title disagrees with proposal title | English lyrics not established from available text | No usable chord symbols in extracted sheet | Tab-only or empty extracted sheet","764ade44d5f30d8bb4edf9741503281819947aa1d79157f88359da0b4e6b0ba6","GuitarPro_Tabs/Bush - People That We Love ( Speed Kills ).gp3"
"177","Bush","Swallowed","TAB_ONLY_OR_EMPTY","HOLD","PENDING_PARSE_AND_QA","gp3","0","0","LANGUAGE_UNVERIFIED","0","NO","NO","","English lyrics not established from available text | No usable chord symbols in extracted sheet | Tab-only or empty extracted sheet","156998805b1a4316832c69ef87d7366d0cf373980951457399da9843a281c5dd","GuitarPro_Tabs/Bush - Swallowed.gp3"
"178","Bush","The Chemical Between Us","TAB_ONLY_OR_EMPTY","HOLD","PENDING_PARSE_AND_QA","gp3","0","0","LANGUAGE_UNVERIFIED","0","NO","NO","","English lyrics not established from available text | No usable chord symbols in extracted sheet | Tab-only or empty extracted sheet","dc1062d7912164a60b8acf1bace6577d38459b5943159cf8ce31d894c919c924","GuitarPro_Tabs/Bush - The Chemical Between Us.gp3"
"179","Butthole Surfers","who was in my room last night","REVIEWABLE_CHORD_SHEET","REVIEWABLE","PENDING_PARSE_AND_QA","gpx","4","196","ENGLISH_TEXT_CHECK_PASS","0","NO","NO","","","da754e244ba4a0c2f48edb706bc71e972ae31584d71d294cb2830ffc95b14a81","Ultimate Guitar com PRO Tabs Site Rip GPX/b/butthole_surfers_1845/butthole-surfers_who-was-in-my-room-last-night-official-3630557.gpx"
"180","Cage The Elephant","come a little closer","TRANSPOSE_FAILURE","HOLD","PENDING_PARSE_AND_QA","gpx","4","326","ENGLISH_TEXT_CHECK_PASS","22","NO","NO","","Exact locked transposer fails required round-trip or slash-bass preservation","7bbfc28b1d45a7a4eb159003e8476e48c8926409864f33bedd880d89b0f77020","Ultimate Guitar com PRO Tabs Site Rip GPX/c/cage_the_elephant_21676/cage-the-elephant_come-a-little-closer-official-2239419.gpx"
"181","Cage The Elephant","flow","REVIEWABLE_CHORD_SHEET","REVIEWABLE","PENDING_PARSE_AND_QA","gpx","2","207","ENGLISH_TEXT_CHECK_PASS","0","NO","NO","","","d04b4a390da189b5151608bce58b084669936cca3d6c34c7268a1f5feb460fc0","Ultimate Guitar com PRO Tabs Site Rip GPX/c/cage_the_elephant_21676/cage-the-elephant_flow-official-2259629.gpx"
"182","Cage The Elephant","right before my eyes","REVIEWABLE_CHORD_SHEET","REVIEWABLE","PENDING_PARSE_AND_QA","gpx","5","301","ENGLISH_TEXT_CHECK_PASS","0","NO","NO","","","f0c4f35f78f23e8f38a024f06f9f391407ec374ba597555a217c76154a0c2471","Ultimate Guitar com PRO Tabs Site Rip GPX/c/cage_the_elephant_21676/cage-the-elephant_right-before-my-eyes-official-3384077.gpx"
"183","Cage The Elephant","take it or leave it","REVIEWABLE_CHORD_SHEET","REVIEWABLE","PENDING_PARSE_AND_QA","gpx","5","247","ENGLISH_TEXT_CHECK_PASS","0","NO","NO","","","ceab83c1e6272f7c083deecef792404e4a51c081b5ddd4ea13bec9ef370e5de5","Ultimate Guitar com PRO Tabs Site Rip GPX/c/cage_the_elephant_21676/cage-the-elephant_take-it-or-leave-it-official-2766160.gpx"
"184","Cake","arco arena","TAB_ONLY_OR_EMPTY","HOLD","PENDING_PARSE_AND_QA","gpx","0","0","LANGUAGE_UNVERIFIED","0","NO","NO","","English lyrics not established from available text | No usable chord symbols in extracted sheet | Tab-only or empty extracted sheet","1d89dd216b37264310f28e7914d0976552e2601c41fc841d3cf3afe851c73075","Ultimate Guitar com PRO Tabs Site Rip GPX/c/cake_1772/cake_arco-arena-official-2609859.gpx"
"185","Cake","Comfort Eagle","TAB_ONLY_OR_EMPTY","HOLD","PENDING_PARSE_AND_QA","gp3","0","0","LANGUAGE_UNVERIFIED","0","NO","NO","","English lyrics not established from available text | No usable chord symbols in extracted sheet | Tab-only or empty extracted sheet","8d1d3ffb757f329f99c49a05dfb12fc26a8a3c8904f7c911bf7334541c3558bb","GuitarPro_Tabs/Cake - Comfort Eagle.gp3"
"186","Cake","frank sinatra","REVIEWABLE_CHORD_SHEET","REVIEWABLE","PENDING_PARSE_AND_QA","gpx","4","210","ENGLISH_TEXT_CHECK_PASS","0","NO","NO","","","4d512c2bc44827cd07b20f05eae29c98312cf47fffa180e30cbf25e0313ddcf9","Ultimate Guitar com PRO Tabs Site Rip GPX/c/cake_1772/cake_frank-sinatra-official-3659810.gpx"
"187","Cake","Long line Of Cars","TAB_ONLY_OR_EMPTY","HOLD","PENDING_PARSE_AND_QA","gp3","0","0","LANGUAGE_UNVERIFIED","0","NO","NO","","English lyrics not established from available text | No usable chord symbols in extracted sheet | Tab-only or empty extracted sheet","9beace30c072642d1d3efb7f04c2d5dbfed52eecfc3f4103151fee0d947cdce8","GuitarPro_Tabs/Cake - Long line Of Cars.gp3"
"188","Cake","Never There","TAB_ONLY_OR_EMPTY","HOLD","PENDING_PARSE_AND_QA","gp3","0","0","LANGUAGE_UNVERIFIED","0","NO","NO","","English lyrics not established from available text | No usable chord symbols in extracted sheet | Tab-only or empty extracted sheet","bdffd024f7257a6e51b132d9429ff7ae4a0387949da5d80621ab1ae7cbe94b36","GuitarPro_Tabs/Cake - Never There.gp3"
"189","Carole King","youve got a friend","TRANSPOSE_FAILURE","HOLD","PENDING_PARSE_AND_QA","gpx","17","319","ENGLISH_TEXT_CHECK_PASS","69","YES","YES","","Exact locked transposer fails required round-trip or slash-bass preservation","1bf3d39880685cb2a4d42473e10ada460e33855d736a05622848676bce14d3b3","Ultimate Guitar com PRO Tabs Site Rip GPX/c/carole_king_10677/carole-king_youve-got-a-friend-official-3055705.gpx"
"190","Cat Stevens","Dust In The Wind","TAB_ONLY_OR_EMPTY","HOLD","PENDING_PARSE_AND_QA","gp3","15","0","LANGUAGE_UNVERIFIED","138","YES","YES","","English lyrics not established from available text | Tab-only or empty extracted sheet | Exact locked transposer fails required round-trip or slash-bass preservation","24342ba6f3cc048f0fdd4a0af8ddd3ed0aeca796e0cd9135618abad37f794e82","GuitarPro_Tabs/Cat Stevens - Dust In The Wind.gp3"
"191","Cat Stevens","Hard Headed Woman","TAB_ONLY_OR_EMPTY","HOLD","PENDING_PARSE_AND_QA","gp3","0","0","LANGUAGE_UNVERIFIED","0","NO","NO","","English lyrics not established from available text | No usable chord symbols in extracted sheet | Tab-only or empty extracted sheet","62f507c643dfadd948b7723fc8b8c87e98f17bd424d518896aca6a554d9e99b2","GuitarPro_Tabs/Cat Stevens - Hard Headed Woman.gp3"
"192","Cat Stevens","How Can I Tell You","TAB_ONLY_OR_EMPTY","HOLD","PENDING_PARSE_AND_QA","gp3","0","0","LANGUAGE_UNVERIFIED","0","NO","NO","","English lyrics not established from available text | No usable chord symbols in extracted sheet | Tab-only or empty extracted sheet","483c0f2044ee7965ad2160ad6ce55a0165f365dfa90c94e69eec04afcb1910e7","GuitarPro_Tabs/Cat Stevens - How Can I Tell You.gp3"
"193","Cat Stevens","Into White","TAB_ONLY_OR_EMPTY","HOLD","PENDING_PARSE_AND_QA","gp3","0","0","LANGUAGE_UNVERIFIED","0","NO","NO","","English lyrics not established from available text | No usable chord symbols in extracted sheet | Tab-only or empty extracted sheet","86860b6f407b1414b7c0c50fe5e84665922c0df7029e16b191af18a466ba342c","GuitarPro_Tabs/Cat Stevens - Into White.gp3"
"194","Cat Stevens","Katmandu","TAB_ONLY_OR_EMPTY","HOLD","PENDING_PARSE_AND_QA","gp3","0","0","LANGUAGE_UNVERIFIED","0","NO","NO","","English lyrics not established from available text | No usable chord symbols in extracted sheet | Tab-only or empty extracted sheet","f1d75b82670b8beb855f0fb7585e988391f532820056df59e8d5a88e021c9e6b","GuitarPro_Tabs/Cat Stevens - Katmandu.gp3"
"195","Cat Stevens","moonshadow","TRANSPOSE_FAILURE","HOLD","PENDING_PARSE_AND_QA","gpx","8","261","ENGLISH_TEXT_CHECK_PASS","46","NO","YES","","Exact locked transposer fails required round-trip or slash-bass preservation","8911f48bbf255d778a0662363850f112cc41e030bdacc6fa8e7d120cc9a7f89c","Ultimate Guitar com PRO Tabs Site Rip GPX/c/cat_stevens_2658/cat-stevens_moonshadow-official-2874983.gpx"
"196","Cat Stevens","Sad Lisa (2)","TAB_ONLY_OR_EMPTY","HOLD","PENDING_PARSE_AND_QA","gp3","5","0","LANGUAGE_UNVERIFIED","0","NO","NO","","English lyrics not established from available text | Tab-only or empty extracted sheet","bcddf7ea8c20472fa0ce42f5d7318d0c00f281e15ba640b343109bebaa57e118","GuitarPro_Tabs/Cat Stevens - Sad Lisa (2).gp3"
"197","Cat Stevens","Sitting","TAB_ONLY_OR_EMPTY","HOLD","PENDING_PARSE_AND_QA","gp3","8","0","LANGUAGE_UNVERIFIED","23","NO","YES","","English lyrics not established from available text | Tab-only or empty extracted sheet | Exact locked transposer fails required round-trip or slash-bass preservation","ad22dcbee5d982e262f78e9fade72f8646a1d049fee39be35b65c754bfccaf70","GuitarPro_Tabs/Cat Stevens - Sitting.gp3"
"198","Champs","blue moon baby","REVIEWABLE_CHORD_SHEET","REVIEWABLE","PENDING_PARSE_AND_QA","gpx","2","197","ENGLISH_TEXT_CHECK_PASS","0","NO","NO","","","efd0478726e7a91c5551f0c6c2d763bc7d3b6417b63dcc334abe324f20f7a7f3","Ultimate Guitar com PRO Tabs Site Rip GPX/t/the_cramps_1687/the-cramps_blue-moon-baby-official-2590371.gpx"
"199","Champs","chicken","REVIEWABLE_CHORD_SHEET","REVIEWABLE","PENDING_PARSE_AND_QA","gpx","3","247","ENGLISH_TEXT_CHECK_PASS","0","NO","NO","","","9e538862943785a05a33de651e51860c0948729387014b2c0853d22ec86bfd04","Ultimate Guitar com PRO Tabs Site Rip GPX/t/the_cramps_1687/the-cramps_chicken-official-2114853.gpx"
"200","Champs","domino","REVIEWABLE_CHORD_SHEET","REVIEWABLE","PENDING_PARSE_AND_QA","gpx","3","261","ENGLISH_TEXT_CHECK_PASS","0","NO","NO","","","50adf125f7c7c4f4a341917b89c092351026f004a53496e79f3ee671de1d91a6","Ultimate Guitar com PRO Tabs Site Rip GPX/t/the_cramps_1687/the-cramps_domino-official-2113299.gpx"
"201","Champs","drug train","REVIEWABLE_CHORD_SHEET","REVIEWABLE","PENDING_PARSE_AND_QA","gpx","4","215","ENGLISH_TEXT_CHECK_PASS","0","NO","NO","","","9a5aa7a729108726c61496784fa4bfc387c5a8f8465aa46810730465edf1a7f9","Ultimate Guitar com PRO Tabs Site Rip GPX/t/the_cramps_1687/the-cramps_drug-train-official-2547375.gpx"
"202","Champs","greenfuz","REVIEWABLE_CHORD_SHEET","REVIEWABLE","PENDING_PARSE_AND_QA","gpx","4","154","ENGLISH_TEXT_CHECK_PASS","0","NO","NO","","","b28f39728ba30a8b335403903261e66b244c6ec36ad9346d346d06e9df9b4916","Ultimate Guitar com PRO Tabs Site Rip GPX/t/the_cramps_1687/the-cramps_greenfuz-official-2116167.gpx"
"203","Champs","human fly","REVIEWABLE_CHORD_SHEET","REVIEWABLE","PENDING_PARSE_AND_QA","gpx","2","150","ENGLISH_TEXT_CHECK_PASS","0","NO","NO","","","ca8b1b209cba326fa524f4ea61cd2806d059b1cf0ed71dbd6f96703e33ba1df0","Ultimate Guitar com PRO Tabs Site Rip GPX/t/the_cramps_1687/the-cramps_human-fly-official-2113621.gpx"
"204","Champs","jungle hop","TRANSPOSE_FAILURE","HOLD","PENDING_PARSE_AND_QA","gpx","5","86","ENGLISH_TEXT_CHECK_PASS","23","NO","YES","","Exact locked transposer fails required round-trip or slash-bass preservation","4e72b5439d74a113aff19a92e0156c291f75bcd26215d491d1be882e777d4c40","Ultimate Guitar com PRO Tabs Site Rip GPX/t/the_cramps_1687/the-cramps_jungle-hop-official-2116163.gpx"
"205","Champs","the way i walk","REVIEWABLE_CHORD_SHEET","REVIEWABLE","PENDING_PARSE_AND_QA","gpx","4","196","ENGLISH_TEXT_CHECK_PASS","0","NO","NO","","","0865dbf1c2a65128604822a4a144102aed3b79bd5b2a4a26ff87212a4148e64a","Ultimate Guitar com PRO Tabs Site Rip GPX/t/the_cramps_1687/the-cramps_the-way-i-walk-official-2110857.gpx"
"206","Champs","whats behind the mask","REVIEWABLE_CHORD_SHEET","REVIEWABLE","PENDING_PARSE_AND_QA","gpx","2","206","ENGLISH_TEXT_CHECK_PASS","0","NO","NO","","","b6203a36a060f7827caf7399f6b7dbed09e4dc923dff7f04e70a7b41ac6c9493","Ultimate Guitar com PRO Tabs Site Rip GPX/t/the_cramps_1687/the-cramps_whats-behind-the-mask-official-2114299.gpx"
"207","Champs","zombie dance","REVIEWABLE_CHORD_SHEET","REVIEWABLE","PENDING_PARSE_AND_QA","gpx","8","172","ENGLISH_TEXT_CHECK_PASS","0","NO","NO","","","c2e767021a5e7a5549a43d486bf45ea759998954cc55a5c1d25f925e1fa3d1c4","Ultimate Guitar com PRO Tabs Site Rip GPX/t/the_cramps_1687/the-cramps_zombie-dance-official-2113619.gpx"
"208","Cheap Trick","oh caroline","REVIEWABLE_CHORD_SHEET","REVIEWABLE","PENDING_PARSE_AND_QA","gpx","3","236","ENGLISH_TEXT_CHECK_PASS","0","NO","NO","","","6f21424845152235bfc81d21d9474e5db646fe9e4ecd7a8f80d959fdc10ca7ae","Ultimate Guitar com PRO Tabs Site Rip GPX/c/cheap_trick_1731/cheap-trick_oh-caroline-official-2665839.gpx"
"209","Chet Atkins","amazing grace","TAB_ONLY_OR_EMPTY","HOLD","PENDING_PARSE_AND_QA","gpx","6","0","LANGUAGE_UNVERIFIED","23","NO","YES","","English lyrics not established from available text | Tab-only or empty extracted sheet | Exact locked transposer fails required round-trip or slash-bass preservation","b6d0b27678750d13a04771d45f38b631a863e04bbad78c2a0ae9c4a9235bea49","Ultimate Guitar com PRO Tabs Site Rip GPX/c/chet_atkins_9727/chet-atkins_amazing-grace-official-2513469.gpx"
"210","Chet Atkins","ave maria","TAB_ONLY_OR_EMPTY","HOLD","PENDING_PARSE_AND_QA","gpx","22","0","LANGUAGE_UNVERIFIED","184","YES","YES","","English lyrics not established from available text | Tab-only or empty extracted sheet | Exact locked transposer fails required round-trip or slash-bass preservation","961b352004ad21cc50317bc731482f05f39829cd7ab576d6bbb8581854f2eda9","Ultimate Guitar com PRO Tabs Site Rip GPX/c/chet_atkins_9727/chet-atkins_ave-maria-official-2279873.gpx"
"211","Chet Atkins","cheek to cheek","TAB_ONLY_OR_EMPTY","HOLD","PENDING_PARSE_AND_QA","gpx","42","0","LANGUAGE_UNVERIFIED","251","YES","YES","","English lyrics not established from available text | Tab-only or empty extracted sheet | Exact locked transposer fails required round-trip or slash-bass preservation","f23a1c77cb8ff38bf8ffe1c2f9a2c65a5f3ba1730484efe74333843cf179c27e","Ultimate Guitar com PRO Tabs Site Rip GPX/c/chet_atkins_9727/chet-atkins_cheek-to-cheek-official-2280483.gpx"
"212","Chet Atkins","ill see you in my dreams","TAB_ONLY_OR_EMPTY","HOLD","PENDING_PARSE_AND_QA","gpx","13","0","LANGUAGE_UNVERIFIED","67","YES","YES","","English lyrics not established from available text | Tab-only or empty extracted sheet | Exact locked transposer fails required round-trip or slash-bass preservation","ce3838df280999b50dd42ffa999417bf71e1d485c47d6f21d208f85bc5eef366","Ultimate Guitar com PRO Tabs Site Rip GPX/c/chet_atkins_9727/chet-atkins_ill-see-you-in-my-dreams-official-2100839.gpx"
"213","Chet Atkins","jam man","TAB_ONLY_OR_EMPTY","HOLD","PENDING_PARSE_AND_QA","gpx","15","0","LANGUAGE_UNVERIFIED","68","YES","YES","","English lyrics not established from available text | Tab-only or empty extracted sheet | Exact locked transposer fails required round-trip or slash-bass preservation","2fd077a4fb5e366b100b449033f563b62cac5fabe78b811c9d053733bff0fa2c","Ultimate Guitar com PRO Tabs Site Rip GPX/c/chet_atkins_9727/chet-atkins_jam-man-official-2278931.gpx"
"214","Chet Atkins","la vie en rose","TAB_ONLY_OR_EMPTY","HOLD","PENDING_PARSE_AND_QA","gpx","14","0","LANGUAGE_UNVERIFIED","69","YES","YES","","English lyrics not established from available text | Tab-only or empty extracted sheet | Exact locked transposer fails required round-trip or slash-bass preservation","5c37f2401cb7aacd7284e7e43f2cccb8909244b17ab54e4d556e23ac1880278e","Ultimate Guitar com PRO Tabs Site Rip GPX/c/chet_atkins_9727/chet-atkins_la-vie-en-rose-official-2105613.gpx"
"215","Chet Atkins","maybelle","TAB_ONLY_OR_EMPTY","HOLD","PENDING_PARSE_AND_QA","gpx","13","0","LANGUAGE_UNVERIFIED","69","YES","YES","","English lyrics not established from available text | Tab-only or empty extracted sheet | Exact locked transposer fails required round-trip or slash-bass preservation","7b418a56378ec19c9c4e3a6de65722d9e75d7cd9e1ff4621c25edda9d0bbf05a","Ultimate Guitar com PRO Tabs Site Rip GPX/c/chet_atkins_9727/chet-atkins_maybelle-official-2289025.gpx"
"216","Chet Atkins","mr sandman","TAB_ONLY_OR_EMPTY","HOLD","PENDING_PARSE_AND_QA","gpx","27","0","LANGUAGE_UNVERIFIED","89","YES","YES","","Parsed title disagrees with proposal title | English lyrics not established from available text | Tab-only or empty extracted sheet | Exact locked transposer fails required round-trip or slash-bass preservation","06682c0578e4f93ea3d4d6df45bd0a4689d306e0f5b4d55c16ed9522e40c2a09","Ultimate Guitar com PRO Tabs Site Rip GPX/c/chet_atkins_9727/chet-atkins_mr-sandman-official-2063475.gpx"
"217","Chet Atkins","mrs robinson","TAB_ONLY_OR_EMPTY","HOLD","PENDING_PARSE_AND_QA","gpx","8","0","LANGUAGE_UNVERIFIED","0","NO","NO","","English lyrics not established from available text | Tab-only or empty extracted sheet","db8ad4bc853b62791f21af65754b0a2846d3e3fe9ef8eb801466bc7a75180cf5","Ultimate Guitar com PRO Tabs Site Rip GPX/c/chet_atkins_9727/chet-atkins_mrs-robinson-official-2342921.gpx"
"218","Chet Atkins","take five","TAB_ONLY_OR_EMPTY","HOLD","PENDING_PARSE_AND_QA","gpx","15","0","LANGUAGE_UNVERIFIED","46","YES","YES","","English lyrics not established from available text | Tab-only or empty extracted sheet | Exact locked transposer fails required round-trip or slash-bass preservation","f998d96be8cd85b1b26b15f6722a7a9bf3bcb57d880b9e94ac542f97eca24322","Ultimate Guitar com PRO Tabs Site Rip GPX/c/chet_atkins_9727/chet-atkins_take-five-official-2098543.gpx"
"219","Chet Atkins","the entertainer","TAB_ONLY_OR_EMPTY","HOLD","PENDING_PARSE_AND_QA","gpx","9","0","LANGUAGE_UNVERIFIED","67","YES","YES","","English lyrics not established from available text | Tab-only or empty extracted sheet | Exact locked transposer fails required round-trip or slash-bass preservation","411ba2a4a31f5c81e9c811d757e281d2b2e2e5e8905632d9bf1c5ab64d79ede8","Ultimate Guitar com PRO Tabs Site Rip GPX/c/chet_atkins_9727/chet-atkins_the-entertainer-official-2102081.gpx"
"220","Chet Atkins","windy and warm","TAB_ONLY_OR_EMPTY","HOLD","PENDING_PARSE_AND_QA","gpx","16","0","LANGUAGE_UNVERIFIED","46","YES","YES","","English lyrics not established from available text | Tab-only or empty extracted sheet | Exact locked transposer fails required round-trip or slash-bass preservation","6c67802978586ac465eaaf30fabd071c9d2eaa2ec80a036072431bf6a389739f","Ultimate Guitar com PRO Tabs Site Rip GPX/c/chet_atkins_9727/chet-atkins_windy-and-warm-official-3647000.gpx"
"221","Chet Atkins","yakety axe","TAB_ONLY_OR_EMPTY","HOLD","PENDING_PARSE_AND_QA","gpx","4","0","LANGUAGE_UNVERIFIED","0","NO","NO","","English lyrics not established from available text | Tab-only or empty extracted sheet","0a21ac222ad7ef794007125c354037b2b422a4b7a91cf65d07a098d9b993894c","Ultimate Guitar com PRO Tabs Site Rip GPX/c/chet_atkins_9727/chet-atkins_yakety-axe-official-2230517.gpx"
"222","Chic","Freak Out","TAB_ONLY_OR_EMPTY","HOLD","PENDING_PARSE_AND_QA","gp3","0","0","LANGUAGE_UNVERIFIED","0","NO","NO","","English lyrics not established from available text | No usable chord symbols in extracted sheet | Tab-only or empty extracted sheet","4dedd3e2baed928ec414e82f3b6b38e4ee6b8477a9d183143d4f8364326fcdc5","GuitarPro_Tabs/Chic, The - Freak Out.gp3"
"223","Chic","le freak","REVIEWABLE_CHORD_SHEET","REVIEWABLE","PENDING_PARSE_AND_QA","gpx","2","486","ENGLISH_TEXT_CHECK_PASS","0","NO","YES","","","e9ec1a5132ab5f9fe885b0edac6a068cedef26ddae3ebbae0c80ba64913b342b","Ultimate Guitar com PRO Tabs Site Rip GPX/c/chic_1762/chic_le-freak-official-2611488.gpx"
"224","Chicago","hard to say im sorry","TRANSPOSE_FAILURE","HOLD","PENDING_PARSE_AND_QA","gpx","13","224","ENGLISH_TEXT_CHECK_PASS","22","YES","NO","","Exact locked transposer fails required round-trip or slash-bass preservation","c32126e2c9d95ae1dfcbebb6e905e5e2265234f15c7b9d3580e43351883a2806","Ultimate Guitar com PRO Tabs Site Rip GPX/c/chicago_1732/chicago_hard-to-say-im-sorry-official-2523075.gpx"
"225","Chicago","saturday in the park","TRANSPOSE_FAILURE","HOLD","PENDING_PARSE_AND_QA","gpx","11","271","ENGLISH_TEXT_CHECK_PASS","23","YES","YES","A-","Locked renderer has no chord shape for: A- | Exact locked transposer fails required round-trip or slash-bass preservation","122250ad3624abfa0dab3e3585b0297206c468c45a537021b33f4a65f381b188","Ultimate Guitar com PRO Tabs Site Rip GPX/c/chicago_1732/chicago_saturday-in-the-park-official-3641246.gpx"
"226","Chris De Burgh","lady in red","TRANSPOSE_FAILURE","HOLD","PENDING_PARSE_AND_QA","gpx","14","288","ENGLISH_TEXT_CHECK_PASS","69","YES","YES","","Exact locked transposer fails required round-trip or slash-bass preservation","142511304f76d65ba09ee37acea217f6dca4169f39eab0206b0bd9bc2d8f7384","Ultimate Guitar com PRO Tabs Site Rip GPX/c/chris_de_burgh_8874/chris-de-burgh_lady-in-red-official-2200551.gpx"
"227","Chris Isaak","baby did a bad bad thing","REVIEWABLE_CHORD_SHEET","REVIEWABLE","PENDING_PARSE_AND_QA","gpx","4","222","ENGLISH_TEXT_CHECK_PASS","0","NO","NO","","","f3c6ce9b175b39a5a7209965644664a1d74c6f0dfbc7da21bc03d0cc146963b7","Ultimate Guitar com PRO Tabs Site Rip GPX/c/chris_isaak_10572/chris-isaak_baby-did-a-bad-bad-thing-official-2809640.gpx"
"228","Chris Isaak","wicked game","REVIEWABLE_CHORD_SHEET","REVIEWABLE","PENDING_PARSE_AND_QA","gpx","3","210","ENGLISH_TEXT_CHECK_PASS","0","NO","NO","","","18927e05ee3217dd50541ff2ef3f135df23aa4e131e462b2f5b04442d48ee464","Ultimate Guitar com PRO Tabs Site Rip GPX/c/chris_isaak_10572/chris-isaak_wicked-game-official-1962957.gpx"
"229","Chris Stapleton","devil always made me think twice","REVIEWABLE_CHORD_SHEET","REVIEWABLE","PENDING_PARSE_AND_QA","gpx","3","293","ENGLISH_TEXT_CHECK_PASS","0","NO","NO","","","f62d8d41c33551bba5986d934ecedb265516126b1a981cefa404b19c611bcc71","Ultimate Guitar com PRO Tabs Site Rip GPX/c/chris_stapleton_41612/chris-stapleton_devil-always-made-me-think-twice-official-3446510.gpx"
"230","Chris Stapleton","midnight train to memphis","TRANSPOSE_FAILURE","HOLD","PENDING_PARSE_AND_QA","gpx","5","200","ENGLISH_TEXT_CHECK_PASS","22","NO","NO","","Exact locked transposer fails required round-trip or slash-bass preservation","9c04ea30875d69a6e6020874ed870ad9b564be4f7c24b8d2a0c2c15b3df40c27","Ultimate Guitar com PRO Tabs Site Rip GPX/c/chris_stapleton_41612/chris-stapleton_midnight-train-to-memphis-official-2913599.gpx"
"231","Chris Stapleton","more of you","REVIEWABLE_CHORD_SHEET","REVIEWABLE","PENDING_PARSE_AND_QA","gpx","5","278","ENGLISH_TEXT_CHECK_PASS","0","NO","NO","","","b18bccd7a868fc7063b4c62fd10184e3aa1a51e3ea7779dcda6e2776730dde4b","Ultimate Guitar com PRO Tabs Site Rip GPX/c/chris_stapleton_41612/chris-stapleton_more-of-you-official-3481376.gpx"
"232","Chris Stapleton","morgane stapleton you are my sunshine","TRANSPOSE_FAILURE","HOLD","PENDING_PARSE_AND_QA","gpx","6","192","ENGLISH_TEXT_CHECK_PASS","23","NO","YES","","Exact locked transposer fails required round-trip or slash-bass preservation","ab784998c04ead6ea7d2b1f736b70b42d0b612eb4765bb7360f49dadc1da6364","Ultimate Guitar com PRO Tabs Site Rip GPX/c/chris_stapleton_41612/morgane-stapleton_you-are-my-sunshine-official-3282068.gpx"
"233","Chris Stapleton","Say Something","EXISTING_DUPLICATE","EXISTING","SKIPPED_ALREADY_CURRENT","gpx","5","610","ENGLISH_TEXT_CHECK_PASS","0","NO","NO","","Existing artist/song or title variant — leave current song unchanged","bf595f7282582ef35b944c2459fa0e82a9c1028b25c119cc77c084ae7fe108fd","Ultimate Guitar com PRO Tabs Site Rip GPX/c/chris_stapleton_41612/justin-timberlake_say-something-official-2407021.gpx"
"234","Chris Stapleton","tennessee whiskey","TRANSPOSE_FAILURE","HOLD","PENDING_PARSE_AND_QA","gpx","3","232","ENGLISH_TEXT_CHECK_PASS","23","NO","YES","","Exact locked transposer fails required round-trip or slash-bass preservation","2df707d9c9222fcbbe61d71a41161d5a118bb544725b5f71c28fa179db70f19c","Ultimate Guitar com PRO Tabs Site Rip GPX/c/chris_stapleton_41612/chris-stapleton_tennessee-whiskey-official-2402763.gpx"
"235","Chris Stapleton","what are you listening to","REVIEWABLE_CHORD_SHEET","REVIEWABLE","PENDING_PARSE_AND_QA","gpx","7","405","ENGLISH_TEXT_CHECK_PASS","0","NO","NO","","","c2fc0b163f87e5ad1f19000d54c9849d54bf1ad2a0edf35f4c8367e5a9df845f","Ultimate Guitar com PRO Tabs Site Rip GPX/c/chris_stapleton_41612/chris-stapleton_what-are-you-listening-to-official-3243335.gpx"
"236","Chris Stapleton","whiskey and you","TRANSPOSE_FAILURE","HOLD","PENDING_PARSE_AND_QA","gpx","6","263","ENGLISH_TEXT_CHECK_PASS","23","NO","YES","","Exact locked transposer fails required round-trip or slash-bass preservation","5a72d58af92ef4edafcad1289e0d9f1f82dd612d29313933c218d0e6c6a29e4b","Ultimate Guitar com PRO Tabs Site Rip GPX/c/chris_stapleton_41612/chris-stapleton_whiskey-and-you-official-2455606.gpx"
"237","Chris Stapleton","You Should Probaly Leave","EXISTING_DUPLICATE","EXISTING","SKIPPED_ALREADY_CURRENT","gpx","8","275","ENGLISH_TEXT_CHECK_PASS","46","NO","YES","","Existing artist/song or title variant — leave current song unchanged | Exact locked transposer fails required round-trip or slash-bass preservation","0e739e089db1c440afb34f4d9b757d104cf7495c3595279035f233dcb6e3bb09","Ultimate Guitar com PRO Tabs Site Rip GPX/c/chris_stapleton_41612/chris-stapleton_you-should-probably-leave-official-3448034.gpx"
"238","Misc Christmas","Deck The Halls","EXISTING_DUPLICATE","EXISTING","PENDING_PARSE_AND_QA","gp3","0","0","LANGUAGE_UNVERIFIED","0","NO","NO","","Existing artist/song or title variant — leave current song unchanged | Possible existing song or alternate title: Misc Christmas — Deck The Halls | English lyrics not established from available text | No usable chord symbols in extracted sheet | Tab-only or empty extracted sheet","bdf401908e343b464d7ae664daa2940ce8064f194055ab9a982d11cfe07c6974","GuitarPro_Tabs/Christmas - Deck The Halls.gp3"
"239","Misc Christmas","It Came Upon A Midnight Clear","TAB_ONLY_OR_EMPTY","HOLD","PENDING_PARSE_AND_QA","gp3","0","0","LANGUAGE_UNVERIFIED","0","NO","NO","","English lyrics not established from available text | No usable chord symbols in extracted sheet | Tab-only or empty extracted sheet","0a7a1571107fbf89ac3c1ec285c0c75160988b2f3837ba3daf3716f942c15c05","GuitarPro_Tabs/Christmas - It Came Upon A Midnight Clear.gp3"
"240","Misc Christmas","Jingle Bells","EXISTING_DUPLICATE","EXISTING","PENDING_PARSE_AND_QA","gp3","0","0","LANGUAGE_UNVERIFIED","0","NO","NO","","Parsed title disagrees with proposal title | Existing artist/song or title variant — leave current song unchanged | Possible existing song or alternate title: Misc Christmas — Jingle Bells | English lyrics not established from available text | No usable chord symbols in extracted sheet | Tab-only or empty extracted sheet","1b137ae8fd172a3f578a9c558380a20466b7f22870f50ae986c920136e7c3dac","GuitarPro_Tabs/Christmas - Jingle Bells.gp3"
"241","Christy Moore","ride on","REVIEWABLE_CHORD_SHEET","REVIEWABLE","PENDING_PARSE_AND_QA","gpx","3","177","ENGLISH_TEXT_CHECK_PASS","0","NO","NO","","","0cb2fa8406653402b39cee04c725913800dfef127f1712a649a25c5ae3892ea7","Ultimate Guitar com PRO Tabs Site Rip GPX/c/christy_moore_10958/christy-moore_ride-on-official-2802380.gpx"
"242","Chuck Berry","memphis tennessee","REVIEWABLE_CHORD_SHEET","REVIEWABLE","PENDING_PARSE_AND_QA","gpx","2","211","ENGLISH_TEXT_CHECK_PASS","0","NO","NO","","","b2d9ad0992178e4dc332977b962bf0e26d9ef259fe2c738705c4b72c1132d0ba","Ultimate Guitar com PRO Tabs Site Rip GPX/c/chuck_berry_9819/chuck-berry_memphis-tennessee-official-2759769.gpx"
"243","Coldplay","a rush of blood to the head","TRANSPOSE_FAILURE","HOLD","PENDING_PARSE_AND_QA","gpx","7","407","ENGLISH_TEXT_CHECK_PASS","45","NO","YES","","Exact locked transposer fails required round-trip or slash-bass preservation","e50a3f7c9606fc0a142a9e511a9e78ab8767a34f8db6edb0e1ac6cc5fa3e5394","Ultimate Guitar com PRO Tabs Site Rip GPX/c/coldplay_1782/coldplay_a-rush-of-blood-to-the-head-official-2523063.gpx"
"244","Coldplay","a sky full of stars","REVIEWABLE_CHORD_SHEET","REVIEWABLE","PENDING_PARSE_AND_QA","gpx","5","164","ENGLISH_TEXT_CHECK_PASS","0","NO","NO","","","66c7f868c2c5c600e9e4d4a6f92688f99974a0317fb969a273b970f642e7665d","Ultimate Guitar com PRO Tabs Site Rip GPX/c/coldplay_1782/coldplay_a-sky-full-of-stars-official-2441215.gpx"
"245","Coldplay","Amsterdam","TAB_ONLY_OR_EMPTY","HOLD","PENDING_PARSE_AND_QA","gp3","6","0","LANGUAGE_UNVERIFIED","0","NO","NO","","English lyrics not established from available text | Tab-only or empty extracted sheet","b0692482b4edbedbc89dd8bb1730ef553d34099a27635a8acad16be7ba6cb191","GuitarPro_Tabs/Coldplay - Amsterdam.gp3"
"246","Coldplay","Carefulwhere You Stand","TAB_ONLY_OR_EMPTY","HOLD","PENDING_PARSE_AND_QA","gp3","3","0","LANGUAGE_UNVERIFIED","0","NO","YES","","English lyrics not established from available text | Tab-only or empty extracted sheet","c15f4768d4de1dfbe8d576e76340a84328c095d70745ead208e8757f3dfee01b","GuitarPro_Tabs/Coldplay - Carefulwhere You Stand.gp3"
"247","Coldplay","cry cry cry","REVIEWABLE_CHORD_SHEET","REVIEWABLE","PENDING_PARSE_AND_QA","gpx","9","150","ENGLISH_TEXT_CHECK_PASS","0","YES","YES","","","149b8d372504760a7cfd20ddbe56ccfe5d35632d2bd2f9da564e41443c638dfd","Ultimate Guitar com PRO Tabs Site Rip GPX/c/coldplay_1782/coldplay_cry-cry-cry-official-2908724.gpx"
"248","Coldplay","every teardrop is a waterfall","TRANSPOSE_FAILURE","HOLD","PENDING_PARSE_AND_QA","gpx","6","334","ENGLISH_TEXT_CHECK_PASS","23","NO","YES","","Exact locked transposer fails required round-trip or slash-bass preservation","65029a1f6a80311b3ce389624c94e8f41a5063d08c1b70868d39ff43703e0fb5","Ultimate Guitar com PRO Tabs Site Rip GPX/c/coldplay_1782/coldplay_every-teardrop-is-a-waterfall-official-2211119.gpx"
"249","Coldplay","Everything 's Not Lost","TAB_ONLY_OR_EMPTY","HOLD","PENDING_PARSE_AND_QA","gp3","0","0","LANGUAGE_UNVERIFIED","0","NO","NO","","English lyrics not established from available text | No usable chord symbols in extracted sheet | Tab-only or empty extracted sheet","d56a151e28432dd1aa2b57a3845961719b92871974f7dfed31d3262f5dabcf12","GuitarPro_Tabs/Coldplay - Everything 's Not Lost.gp3"
"250","Coldplay","fix you","TRANSPOSE_FAILURE","HOLD","PENDING_PARSE_AND_QA","gpx","7","199","ENGLISH_TEXT_CHECK_PASS","23","NO","YES","","Parsed title disagrees with proposal title | Exact locked transposer fails required round-trip or slash-bass preservation","83f35d91a889b82805c1834f7e9836ab6617c3a4741a317c27fb26b2622a9b9c","Ultimate Guitar com PRO Tabs Site Rip GPX/c/coldplay_1782/coldplay_fix-you-official-1960703.gpx"
"251","Coldplay","guns","TRANSPOSE_FAILURE","HOLD","PENDING_PARSE_AND_QA","gpx","9","196","ENGLISH_TEXT_CHECK_PASS","115","YES","YES","","Exact locked transposer fails required round-trip or slash-bass preservation","45b6608dec162d57855cbae09adb7cb03ed41d727ad9eee37d68c170a1421ae6","Ultimate Guitar com PRO Tabs Site Rip GPX/c/coldplay_1782/coldplay_guns-official-2912012.gpx"
"252","Coldplay","In My Place (Complete Riffs)","EXISTING_DUPLICATE","EXISTING","PENDING_PARSE_AND_QA","gp3","0","0","LANGUAGE_UNVERIFIED","0","NO","NO","","Existing artist/song or title variant — leave current song unchanged | Possible existing song or alternate title: Coldplay — In My Place (Real Version) | English lyrics not established from available text | No usable chord symbols in extracted sheet | Tab-only or empty extracted sheet","8fdf2cd8657912a549c8e4d3ab6bddb454f49d85df1de8684d163e3649f3d11a","GuitarPro_Tabs/Coldplay - In My Place (Complete Riffs).gp3"
"253","Coldplay","Life Is For Living","TAB_ONLY_OR_EMPTY","HOLD","PENDING_PARSE_AND_QA","gp3","6","0","LANGUAGE_UNVERIFIED","23","NO","YES","","English lyrics not established from available text | Tab-only or empty extracted sheet | Exact locked transposer fails required round-trip or slash-bass preservation","56793874af5d5f58602d715d4c704ea7d9def54b51ad4629fb41468e43fe8696","GuitarPro_Tabs/Coldplay - Life Is For Living.gp3"
"254","Coldplay","Lost+","EXISTING_DUPLICATE","EXISTING","SKIPPED_ALREADY_CURRENT","gpx","5","184","ENGLISH_TEXT_CHECK_PASS","0","NO","NO","","Existing artist/song or title variant — leave current song unchanged","43a77a7d354d563947891436a90006a6b3b1d1264f461ff4216d05ae5762f434","Ultimate Guitar com PRO Tabs Site Rip GPX/c/coldplay_1782/coldplay_lost-official-1965029.gpx"
"255","Coldplay","orphans","IDENTITY_DIAGRAM_OR_OTHER_HOLD","HOLD","PENDING_PARSE_AND_QA","gpx","4","351","ENGLISH_TEXT_CHECK_PASS","0","NO","NO","","Parsed title disagrees with proposal title","85ec0b859a84fcd71357dad4ae0783d62558e071c133c6bf7f8f376ac3c810d1","Ultimate Guitar com PRO Tabs Site Rip GPX/c/coldplay_1782/coldplay_orphans-official-2955797.gpx"
"256","Coldplay","paradise","REVIEWABLE_CHORD_SHEET","REVIEWABLE","PENDING_PARSE_AND_QA","gpx","5","308","ENGLISH_TEXT_CHECK_PASS","0","NO","NO","","","a03bf349d16ccaddbc22bae816b1e348e43b2daba7c10fa75e1a66722c3506e7","Ultimate Guitar com PRO Tabs Site Rip GPX/c/coldplay_1782/coldplay_paradise-official-1960659.gpx"
"257","Coldplay","Politik","TAB_ONLY_OR_EMPTY","HOLD","PENDING_PARSE_AND_QA","gp3","6","0","LANGUAGE_UNVERIFIED","88","NO","YES","","English lyrics not established from available text | Tab-only or empty extracted sheet | Exact locked transposer fails required round-trip or slash-bass preservation","4d456be27641b2fba3302b377af43956c876fe4ecf2bc36467c31c9365dd1fda","GuitarPro_Tabs/Coldplay - Politik.gp3"
"258","Coldplay","strawberry swing","TRANSPOSE_FAILURE","HOLD","PENDING_PARSE_AND_QA","gpx","8","213","ENGLISH_TEXT_CHECK_PASS","110","NO","NO","","Exact locked transposer fails required round-trip or slash-bass preservation","0b6a951852e86340a93db2d78c5e095eea99410ef730b9b6f0279a488105c0dd","Ultimate Guitar com PRO Tabs Site Rip GPX/c/coldplay_1782/coldplay_strawberry-swing-official-3816533.gpx"
"259","Coldplay","the scientist","REVIEWABLE_CHORD_SHEET","REVIEWABLE","PENDING_PARSE_AND_QA","gpx","5","271","ENGLISH_TEXT_CHECK_PASS","0","NO","NO","","","ef273ca30d74277dd9b309aa5bbe0eada6fa28248134d63a5c4317b5cb3343a1","Ultimate Guitar com PRO Tabs Site Rip GPX/c/coldplay_1782/coldplay_the-scientist-official-2090785.gpx"
"260","Coldplay","The Scientist Acustic","TAB_ONLY_OR_EMPTY","HOLD","PENDING_PARSE_AND_QA","gp3","0","0","LANGUAGE_UNVERIFIED","0","NO","NO","","Parsed title disagrees with proposal title | English lyrics not established from available text | No usable chord symbols in extracted sheet | Tab-only or empty extracted sheet","6f4427174e423cb6b448d61c20af19ba7566b141677276803e8b888ac698bc4f","GuitarPro_Tabs/Coldplay - The Scientist Acustic.gp3"
"261","Coldplay","til kingdom come","TRANSPOSE_FAILURE","HOLD","PENDING_PARSE_AND_QA","gpx","6","229","ENGLISH_TEXT_CHECK_PASS","23","NO","YES","","Exact locked transposer fails required round-trip or slash-bass preservation","4327e50081ce785c7a263e265f164c06140519c14cfea94c70d3499d5ebdfb37","Ultimate Guitar com PRO Tabs Site Rip GPX/c/coldplay_1782/coldplay_til-kingdom-come-official-2483763.gpx"
"262","Coldplay","us against the world","TRANSPOSE_FAILURE","HOLD","PENDING_PARSE_AND_QA","gpx","6","223","ENGLISH_TEXT_CHECK_PASS","23","NO","YES","","Exact locked transposer fails required round-trip or slash-bass preservation","af0fb1051a90898afa0d6733bf50ab4f805bba6ee39461f382fa55c0aa982e45","Ultimate Guitar com PRO Tabs Site Rip GPX/c/coldplay_1782/coldplay_us-against-the-world-official-2524659.gpx"
"263","Coldplay","Warning Sign","TAB_ONLY_OR_EMPTY","HOLD","PENDING_PARSE_AND_QA","gp3","0","0","LANGUAGE_UNVERIFIED","0","NO","NO","","English lyrics not established from available text | No usable chord symbols in extracted sheet | Tab-only or empty extracted sheet","60fb48b2ec16f64938297c3b819617edddd74b1eceaa4012a373fd4c376b944b","GuitarPro_Tabs/Coldplay - Warning Sign.gp3"
"264","Collective Soul","Blame","TAB_ONLY_OR_EMPTY","HOLD","PENDING_PARSE_AND_QA","gp3","0","0","LANGUAGE_UNVERIFIED","0","NO","NO","","English lyrics not established from available text | No usable chord symbols in extracted sheet | Tab-only or empty extracted sheet","51f93a42435b4a1eeec86231c34ce5674053b69e38ed578787c0275325a1fec6","GuitarPro_Tabs/Collective Soul - Blame.gp3"
"265","Collective Soul","Colective Soul - Forgiveness","TAB_ONLY_OR_EMPTY","HOLD","PENDING_PARSE_AND_QA","gp3","0","0","LANGUAGE_UNVERIFIED","0","NO","NO","","Parsed title disagrees with proposal title | English lyrics not established from available text | No usable chord symbols in extracted sheet | Tab-only or empty extracted sheet","e00b922a8c811fea64d4df7b6c5bec18d92c82855f92f4c525a2d137d091e622","GuitarPro_Tabs/Collective Soul - Colective Soul - Forgiveness.gp3"
"266","Collective Soul","Goodnight Good Guy","TAB_ONLY_OR_EMPTY","HOLD","PENDING_PARSE_AND_QA","gp3","0","0","LANGUAGE_UNVERIFIED","0","NO","NO","","English lyrics not established from available text | No usable chord symbols in extracted sheet | Tab-only or empty extracted sheet","85fbd9241e21301b3e6dc88029a8c4bd3a879c1001142936dca479bca5387241","GuitarPro_Tabs/Collective Soul - Goodnight Good Guy.gp3"
"267","Collective Soul","Listen","TAB_ONLY_OR_EMPTY","HOLD","PENDING_PARSE_AND_QA","gp3","0","0","LANGUAGE_UNVERIFIED","0","NO","NO","","English lyrics not established from available text | No usable chord symbols in extracted sheet | Tab-only or empty extracted sheet","9f5eef9406774b130c5894b5bb625fd4bdc7e02398ff25a0b09036a6851add6c","GuitarPro_Tabs/Collective Soul - Listen.gp3"
"268","Collective Soul","Run (Live)","TAB_ONLY_OR_EMPTY","HOLD","PENDING_PARSE_AND_QA","gp3","0","0","LANGUAGE_UNVERIFIED","0","NO","NO","","English lyrics not established from available text | No usable chord symbols in extracted sheet | Tab-only or empty extracted sheet","478ba638df90080f06a7092c8f33f1da3a291f1f587ff092c20429ff01164b98","GuitarPro_Tabs/Collective Soul - Run (Live).gp3"
"269","Collective Soul","Shine (solo)","EXISTING_DUPLICATE","EXISTING","PENDING_PARSE_AND_QA","gp3","0","0","LANGUAGE_UNVERIFIED","0","NO","NO","","Existing artist/song or title variant — leave current song unchanged | Possible existing song or alternate title: Collective Soul — Shine | May be a medley, fragment or exercise; full-song identity needs confirmation. | English lyrics not established from available text | No usable chord symbols in extracted sheet | Tab-only or empty extracted sheet","40bcb3dd5fb5ab4de44fe422e5e6631c4a7c80e573ff32ec4ae18e07bd0e03e2","GuitarPro_Tabs/Collective Soul - Shine (solo).gp3"
"270","Collective Soul","Souls Needs","TAB_ONLY_OR_EMPTY","HOLD","PENDING_PARSE_AND_QA","gp3","3","0","LANGUAGE_UNVERIFIED","0","NO","NO","","English lyrics not established from available text | Tab-only or empty extracted sheet","0c21c9e072ab08d52ab6dce9e3120931e940406b551afdfdfb11697f69922249","GuitarPro_Tabs/Collective Soul - Souls Needs.gp3"
"271","Collective Soul","Spit Me Out","TAB_ONLY_OR_EMPTY","HOLD","PENDING_PARSE_AND_QA","gp3","0","0","LANGUAGE_UNVERIFIED","0","NO","NO","","English lyrics not established from available text | No usable chord symbols in extracted sheet | Tab-only or empty extracted sheet","fa4449fac63d8a4b459a7e1d52c50174277bfadd3fffb18a79fc17cbfacbad0a","GuitarPro_Tabs/Collective Soul - Spit Me Out.gp3"
"272","Collective Soul","Where The River Flows","TAB_ONLY_OR_EMPTY","HOLD","PENDING_PARSE_AND_QA","gp3","0","0","LANGUAGE_UNVERIFIED","0","NO","NO","","English lyrics not established from available text | No usable chord symbols in extracted sheet | Tab-only or empty extracted sheet","ec5bcf6f4640b51ccad6f5fa4ba2c53a660970ce372264c079e57cfb85b968d1","GuitarPro_Tabs/Collective Soul - Where The River Flows.gp3"
"273","Collective Soul","Where The Rivers Flows","TAB_ONLY_OR_EMPTY","HOLD","PENDING_PARSE_AND_QA","gp4","0","0","LANGUAGE_UNVERIFIED","0","NO","NO","","Parsed title disagrees with proposal title | English lyrics not established from available text | No usable chord symbols in extracted sheet | Tab-only or empty extracted sheet","0f28642a38dbfc70ce7c581c1648752f13787a84be07cef4ec2b1f9d63a48d97","GuitarPro_Tabs/Collective Soul - Where The Rivers Flows.gp4"
"274","Collective Soul","Why Pt.2","TAB_ONLY_OR_EMPTY","HOLD","PENDING_PARSE_AND_QA","gp3","0","0","LANGUAGE_UNVERIFIED","0","NO","NO","","English lyrics not established from available text | No usable chord symbols in extracted sheet | Tab-only or empty extracted sheet","afa6a1af474e0e2562e34295a6213c7734d590c41443b45e955fdf0619ec7f4b","GuitarPro_Tabs/Collective Soul - Why Pt.2.gp3"
"275","Counting Crows","big yellow taxi","TRANSPOSE_FAILURE","HOLD","PENDING_PARSE_AND_QA","gpx","4","392","ENGLISH_TEXT_CHECK_PASS","23","NO","YES","","Exact locked transposer fails required round-trip or slash-bass preservation","79c83d26ed4d4b28120a799235deb0b7be3ff86a0a2f530fbf21f95b4223a97c","Ultimate Guitar com PRO Tabs Site Rip GPX/c/counting_crows_1768/counting-crows_big-yellow-taxi-official-3626924.gpx"
"276","Coverdale & Page","Shake My Tree","TAB_ONLY_OR_EMPTY","HOLD","PENDING_PARSE_AND_QA","gp3","0","0","LANGUAGE_UNVERIFIED","0","NO","NO","","English lyrics not established from available text | No usable chord symbols in extracted sheet | Tab-only or empty extracted sheet","d56fbe9b1977676ff1baad59ac4ec67ca8b4d25001059a0bb8c0b14ed49d4ef4","GuitarPro_Tabs/Coverdale & Page - Shake My Tree.gp3"
"277","Creedance Clearwater Revival","Born On A Bayou","EXISTING_DUPLICATE","EXISTING","PENDING_PARSE_AND_QA","gp3","0","0","LANGUAGE_UNVERIFIED","0","NO","NO","","Parsed title disagrees with proposal title | Existing artist/song or title variant — leave current song unchanged | English lyrics not established from available text | No usable chord symbols in extracted sheet | Tab-only or empty extracted sheet","cc64bf9174319aeb772e502d52492f11b25727c9ee59f0f6feb5f86401b9a127","GuitarPro_Tabs/Creedence Clearwater Revival - Born On A Bayou.gp3"
"278","Creedance Clearwater Revival","Born on the Bayou *alt 2","EXISTING_DUPLICATE","EXISTING","SKIPPED_ALREADY_CURRENT","gpx","4","210","ENGLISH_TEXT_CHECK_PASS","0","NO","NO","","Existing artist/song or title variant — leave current song unchanged | Possible existing song or alternate title: Creedence Clearwater Revival — Born on the Bayou","f65c7130593442036309ef4ccab1d0677b83763ba1ad14895735cbdb948f853a","Ultimate Guitar com PRO Tabs Site Rip GPX/c/creedence_clearwater_revival_1746/creedence-clearwater-revival_born-on-the-bayou-official-1947527.gpx"
"279","Creedance Clearwater Revival","Cotton Fields","EXISTING_DUPLICATE","EXISTING","SKIPPED_ALREADY_CURRENT","gpx","3","292","ENGLISH_TEXT_CHECK_PASS","0","NO","NO","","Existing artist/song or title variant — leave current song unchanged | Possible existing song or alternate title: Creedence Clearwater Revival — Cotton Fields","c0440666c7a8aca7bebc3d7caafd9381fb05bcfb2a9a6f0e9a39b9b95d270dad","Ultimate Guitar com PRO Tabs Site Rip GPX/c/creedence_clearwater_revival_1746/creedence-clearwater-revival_cotton-fields-official-2224211.gpx"
"280","Creedance Clearwater Revival","Down on the Corner *alt","EXISTING_DUPLICATE","EXISTING","SKIPPED_ALREADY_CURRENT","gpx","3","298","ENGLISH_TEXT_CHECK_PASS","0","NO","NO","","Existing artist/song or title variant — leave current song unchanged | Possible existing song or alternate title: Creedence Clearwater Revival — Down on the Corner","a006c2c47d6bd57bd43882d2b7ccfaad968efe60981db8861efa5e111406606e","Ultimate Guitar com PRO Tabs Site Rip GPX/c/creedence_clearwater_revival_1746/creedence-clearwater-revival_down-on-the-corner-official-2005021.gpx"
"281","Creedance Clearwater Revival","Fortunate Son","EXISTING_DUPLICATE","EXISTING","SKIPPED_ALREADY_CURRENT","gpx","4","226","ENGLISH_TEXT_CHECK_PASS","0","NO","NO","","Existing artist/song or title variant — leave current song unchanged | Possible existing song or alternate title: Creedence Clearwater Revival — Fortunate Son","7254f1668818d7fbc4b8cf27430a68bd7a29ec24b36591f6a4900b15d27715f0","Ultimate Guitar com PRO Tabs Site Rip GPX/c/creedence_clearwater_revival_1746/creedence-clearwater-revival_fortunate-son-official-1945887.gpx"
"282","Creedance Clearwater Revival","Good Golly Miss Molly","EXISTING_DUPLICATE","EXISTING","SKIPPED_ALREADY_CURRENT","gpx","3","226","ENGLISH_TEXT_CHECK_PASS","0","NO","NO","","Existing artist/song or title variant — leave current song unchanged | Possible existing song or alternate title: Creedence Clearwater Revival — Good Golly Miss Molly","ecd30ca6aed244c1a3a22cf47ccf5574e22edab408b7cab17b70d297063afe33","Ultimate Guitar com PRO Tabs Site Rip GPX/c/creedence_clearwater_revival_1746/creedence-clearwater-revival_good-golly-miss-molly-official-2169775.gpx"
"283","Creedance Clearwater Revival","Green River *alt","EXISTING_DUPLICATE","EXISTING","SKIPPED_ALREADY_CURRENT","gpx","4","157","ENGLISH_TEXT_CHECK_PASS","0","NO","NO","","Existing artist/song or title variant — leave current song unchanged | Possible existing song or alternate title: Creedence Clearwater Revival — Green River","3d9fc9c234f649ff096103ca450234d4dece8378a66f083fbf15cb893b1f5469","Ultimate Guitar com PRO Tabs Site Rip GPX/c/creedence_clearwater_revival_1746/creedence-clearwater-revival_green-river-official-1945427.gpx"
"284","Creedance Clearwater Revival","Have You Ever Seen The Rain *alt 2","EXISTING_DUPLICATE","EXISTING","SKIPPED_ALREADY_CURRENT","gpx","5","170","ENGLISH_TEXT_CHECK_PASS","23","NO","YES","","Existing artist/song or title variant — leave current song unchanged | Possible existing song or alternate title: Creedence Clearwater Revival — Have You Ever Seen The Rain | Exact locked transposer fails required round-trip or slash-bass preservation","d8819552e7a1f6d102bdf6b43631f6b17601ea710da3a929e55fcd46779f72f5","Ultimate Guitar com PRO Tabs Site Rip GPX/c/creedence_clearwater_revival_1746/creedence-clearwater-revival_have-you-ever-seen-the-rain-official-1946361.gpx"
"285","Creedance Clearwater Revival","Hello Mary Lou","EXISTING_DUPLICATE","EXISTING","SKIPPED_ALREADY_CURRENT","gpx","7","234","ENGLISH_TEXT_CHECK_PASS","0","NO","NO","","Existing artist/song or title variant — leave current song unchanged | Possible existing song or alternate title: Creedence Clearwater Revival — Hello Mary Lou","522379cbddf9c475554f12a496826966a086a9aded3e2abffd30576ee07d9d46","Ultimate Guitar com PRO Tabs Site Rip GPX/c/creedence_clearwater_revival_1746/creedence-clearwater-revival_hello-mary-lou-official-2239393.gpx"
"286","Creedance Clearwater Revival","Hey Tonight","EXISTING_DUPLICATE","EXISTING","SKIPPED_ALREADY_CURRENT","gpx","4","120","ENGLISH_TEXT_CHECK_PASS","0","NO","NO","","Existing artist/song or title variant — leave current song unchanged | Possible existing song or alternate title: Creedence Clearwater Revival — Hey Tonight","843bf9d2516902e6f61c2ed7cdadd297fb28f9d1cf7159561173471cd9ad9c88","Ultimate Guitar com PRO Tabs Site Rip GPX/c/creedence_clearwater_revival_1746/creedence-clearwater-revival_hey-tonight-official-2020955.gpx"
"287","Creedance Clearwater Revival","i heard it through the grapevine","REVIEWABLE_CHORD_SHEET","REVIEWABLE","PENDING_PARSE_AND_QA","gpx","4","335","ENGLISH_TEXT_CHECK_PASS","0","NO","NO","","","2bff17bff154457619348ca33cebb393ac20114d764af6736bdd1399df05af54","Ultimate Guitar com PRO Tabs Site Rip GPX/c/creedence_clearwater_revival_1746/creedence-clearwater-revival_i-heard-it-through-the-grapevine-official-2430615.gpx"
"288","Creedance Clearwater Revival","I Put A Spell On You","EXISTING_DUPLICATE","EXISTING","SKIPPED_ALREADY_CURRENT","gpx","9","126","ENGLISH_TEXT_CHECK_PASS","23","YES","YES","","Existing artist/song or title variant — leave current song unchanged | Possible existing song or alternate title: Creedence Clearwater Revival — I Put A Spell On You | Exact locked transposer fails required round-trip or slash-bass preservation","7b230e3bf5a16ad8ab1dbf35e6f44f67d5b8b8b9d94373811e986efc40240bfb","Ultimate Guitar com PRO Tabs Site Rip GPX/c/creedence_clearwater_revival_1746/creedence-clearwater-revival_i-put-a-spell-on-you-official-1947493.gpx"
"289","Creedance Clearwater Revival","Lodi *alt","EXISTING_DUPLICATE","EXISTING","SKIPPED_ALREADY_CURRENT","gpx","7","206","ENGLISH_TEXT_CHECK_PASS","0","NO","NO","","Existing artist/song or title variant — leave current song unchanged | Possible existing song or alternate title: Creedence Clearwater Revival — Lodi","bb7b9d741e9c94a67b6889c0faa5b108e58764836dac863702d2d5b940458be3","Ultimate Guitar com PRO Tabs Site Rip GPX/c/creedence_clearwater_revival_1746/creedence-clearwater-revival_lodi-official-2018897.gpx"
"290","Creedance Clearwater Revival","Long As I Can See The Light","EXISTING_DUPLICATE","EXISTING","SKIPPED_ALREADY_CURRENT","gpx","5","164","ENGLISH_TEXT_CHECK_PASS","22","NO","NO","","Existing artist/song or title variant — leave current song unchanged | Possible existing song or alternate title: Creedence Clearwater Revival — Long As I Can See The Light | Exact locked transposer fails required round-trip or slash-bass preservation","34194c5e56e0f01332d6bce9af0f0369776105e49b4889004e9223d41e990127","Ultimate Guitar com PRO Tabs Site Rip GPX/c/creedence_clearwater_revival_1746/creedence-clearwater-revival_long-as-i-can-see-the-light-official-2026947.gpx"
"291","Creedance Clearwater Revival","Lookin' Out My Back Door *alt","EXISTING_DUPLICATE","EXISTING","SKIPPED_ALREADY_CURRENT","gpx","8","242","ENGLISH_TEXT_CHECK_PASS","0","NO","NO","","Existing artist/song or title variant — leave current song unchanged | Possible existing song or alternate title: Creedence Clearwater Revival — Lookin' Out My Back Door","0ecae00c25e10a4ee5485a2590aab59bd0e514a92c3d6eb77b7e3ed74ca6cb73","Ultimate Guitar com PRO Tabs Site Rip GPX/c/creedence_clearwater_revival_1746/creedence-clearwater-revival_lookin-out-my-back-door-official-1952717.gpx"
"292","Creedance Clearwater Revival","Molina","EXISTING_DUPLICATE","EXISTING","SKIPPED_ALREADY_CURRENT","gpx","5","162","ENGLISH_TEXT_CHECK_PASS","23","NO","YES","","Existing artist/song or title variant — leave current song unchanged | Possible existing song or alternate title: Creedence Clearwater Revival — Molina | Exact locked transposer fails required round-trip or slash-bass preservation","3ff46b63ee5549b0914c01e5670ab29aa19da30905545c6136b5021da1642f1f","Ultimate Guitar com PRO Tabs Site Rip GPX/c/creedence_clearwater_revival_1746/creedence-clearwater-revival_molina-official-2233575.gpx"
"293","Creedance Clearwater Revival","Proud Mary *alt","EXISTING_DUPLICATE","EXISTING","SKIPPED_ALREADY_CURRENT","gpx","7","229","ENGLISH_TEXT_CHECK_PASS","0","NO","YES","","Existing artist/song or title variant — leave current song unchanged | Possible existing song or alternate title: Creedence Clearwater Revial — Proud Mary","f928a675ae170368b0f20776eb07080f0d5d7079329771f26795b04331a43d5c","Ultimate Guitar com PRO Tabs Site Rip GPX/c/creedence_clearwater_revival_1746/creedence-clearwater-revival_proud-mary-official-1947457.gpx"
"294","Creedance Clearwater Revival","Run Through the Jungle","EXISTING_DUPLICATE","EXISTING","SKIPPED_ALREADY_CURRENT","gpx","1","159","ENGLISH_TEXT_CHECK_PASS","0","NO","NO","","Existing artist/song or title variant — leave current song unchanged | Possible existing song or alternate title: Creedence Clearwater Revival — Run Through the Jungle","cb0bb129132b2dfe253b08164f2ff215fdc35fc4ba70eb90d229939bf3b446c4","Ultimate Guitar com PRO Tabs Site Rip GPX/c/creedence_clearwater_revival_1746/creedence-clearwater-revival_run-through-the-jungle-official-1951563.gpx"
"295","Creedance Clearwater Revival","Someday Never Comes","TAB_ONLY_OR_EMPTY","HOLD","PENDING_PARSE_AND_QA","gp3","0","0","LANGUAGE_UNVERIFIED","0","NO","NO","","English lyrics not established from available text | No usable chord symbols in extracted sheet | Tab-only or empty extracted sheet","567216bf95dbb8c95a49736ffd0ee21c63cff418018daac03c729a903ead5361","GuitarPro_Tabs/Creedence Clearwater Revival - Someday Never Comes.gp3"
"296","Creedance Clearwater Revival","Suzie Q","EXISTING_DUPLICATE","EXISTING","SKIPPED_ALREADY_CURRENT","gpx","6","169","ENGLISH_TEXT_CHECK_PASS","0","NO","NO","","Existing artist/song or title variant — leave current song unchanged | Possible existing song or alternate title: Credence Clearwater Revival — Suzie Q","3bce238045d75a8771b748d78b552c1b0f0c6c4a2fd7252a6c9fb64eddb9ab00","Ultimate Guitar com PRO Tabs Site Rip GPX/c/creedence_clearwater_revival_1746/creedence-clearwater-revival_suzie-q-official-2436189.gpx"
"297","Creedance Clearwater Revival","The Midnight Special","EXISTING_DUPLICATE","EXISTING","SKIPPED_ALREADY_CURRENT","gpx","3","357","ENGLISH_TEXT_CHECK_PASS","0","NO","NO","","Existing artist/song or title variant — leave current song unchanged | Possible existing song or alternate title: Creedence Clearwater Revival — The Midnight Special","7a77579f752182bba5ba0f759dcb4f90da2876e2cc459bfd203ab9f754297f3d","Ultimate Guitar com PRO Tabs Site Rip GPX/c/creedence_clearwater_revival_1746/creedence-clearwater-revival_the-midnight-special-official-2858000.gpx"
"298","Creedance Clearwater Revival","Travelin' Band","EXISTING_DUPLICATE","EXISTING","SKIPPED_ALREADY_CURRENT","gpx","3","308","ENGLISH_TEXT_CHECK_PASS","0","NO","NO","","Existing artist/song or title variant — leave current song unchanged | Possible existing song or alternate title: Creedence Clearwater Revival — Travelin' Band","1b17bc46889fcccfdf118f10ea6b0273e9ef3fd679dc5aad6a049085d5b61a7f","Ultimate Guitar com PRO Tabs Site Rip GPX/c/creedence_clearwater_revival_1746/creedence-clearwater-revival_travelin-band-official-2223383.gpx"
"299","Creedance Clearwater Revival","Up Around The Bend *alt","EXISTING_DUPLICATE","EXISTING","SKIPPED_ALREADY_CURRENT","gpx","3","212","ENGLISH_TEXT_CHECK_PASS","0","NO","NO","","Existing artist/song or title variant — leave current song unchanged | Possible existing song or alternate title: Creedence Clearwater Revival — Up Around The Bend","29a3e9dcb8d1accb1122ffda21c9850f9e53a3884a45758450c6845b0c56f75d","Ultimate Guitar com PRO Tabs Site Rip GPX/c/creedence_clearwater_revival_1746/creedence-clearwater-revival_up-around-the-bend-official-2014955.gpx"
"300","Creedance Clearwater Revival","Who'll Stop The Rain *alt","EXISTING_DUPLICATE","EXISTING","SKIPPED_ALREADY_CURRENT","gpx","5","143","ENGLISH_TEXT_CHECK_PASS","0","NO","NO","","Existing artist/song or title variant — leave current song unchanged | Possible existing song or alternate title: Creedence Clearwater Revival — Who'll Stop The Rain","867457611713b294644bed356ace275c38119d78ef3c69ed0ecf9caef8bb02e7","Ultimate Guitar com PRO Tabs Site Rip GPX/c/creedence_clearwater_revival_1746/creedence-clearwater-revival_wholl-stop-the-rain-official-1948027.gpx"
"301","Crosby Stills Nash","Helplessly Hoping","EXISTING_DUPLICATE","EXISTING","SKIPPED_ALREADY_CURRENT","gpx","11","184","ENGLISH_TEXT_CHECK_PASS","23","YES","YES","","Existing artist/song or title variant — leave current song unchanged | Exact locked transposer fails required round-trip or slash-bass preservation","5fdd6b7963b770c58aeb1cf143865d794182433e0868c5622068c481303eb8be","Ultimate Guitar com PRO Tabs Site Rip GPX/c/crosby_stills_nash_26054/crosby-stills-nash_helplessly-hoping-official-2251579.gpx"
"302","Crosby Stills Nash","Just a Song Before I Go","EXISTING_DUPLICATE","EXISTING","SKIPPED_ALREADY_CURRENT","gpx","6","130","ENGLISH_TEXT_CHECK_PASS","0","NO","YES","","Existing artist/song or title variant — leave current song unchanged","022593c028a4240197e1e9e0d140be841110cc6683116e296d4af7e3318851c5","Ultimate Guitar com PRO Tabs Site Rip GPX/c/crosby_stills_nash_26054/crosby-stills-nash_just-a-song-before-i-go-official-3569204.gpx"
"303","Crosby Stills Nash","Southern Cross","EXISTING_DUPLICATE","EXISTING","SKIPPED_ALREADY_CURRENT","gpx","4","386","ENGLISH_TEXT_CHECK_PASS","0","NO","NO","","Existing artist/song or title variant — leave current song unchanged","550b6881c230830f7b2c98689a720250b6e42414302b65ed31dea60fa57f7a84","Ultimate Guitar com PRO Tabs Site Rip GPX/c/crosby_stills_nash_26054/crosby-stills-nash_southern-cross-official-2757081.gpx"
"304","Crosby Stills Nash","Suite: Judy Blue Eyes","EXISTING_DUPLICATE","EXISTING","SKIPPED_ALREADY_CURRENT","gpx","7","437","ENGLISH_TEXT_CHECK_PASS","23","NO","YES","","Existing artist/song or title variant — leave current song unchanged | Exact locked transposer fails required round-trip or slash-bass preservation","6ca304304a1ef3bc3418ebab54bc33a72ec4ca2a69c92f86468568c439cda423","Ultimate Guitar com PRO Tabs Site Rip GPX/c/crosby_stills_nash_26054/crosby-stills-nash_suite-judy-blue-eyes-official-2906786.gpx"
"305","Crosby Stills Nash","Wooden Ships","EXISTING_DUPLICATE","EXISTING","SKIPPED_ALREADY_CURRENT","gpx","6","232","ENGLISH_TEXT_CHECK_PASS","0","NO","NO","","Existing artist/song or title variant — leave current song unchanged","b09e78c5b3fd9dc78c34849d9d451a59f519f56f374871da4cf55f9bbc78fff7","Ultimate Guitar com PRO Tabs Site Rip GPX/c/crosby_stills_nash_26054/crosby-stills-nash_wooden-ships-official-3297740.gpx"
"306","Crosby Stills Nash Young","4 plus 20","EXISTING_DUPLICATE","EXISTING","SKIPPED_ALREADY_CURRENT","gpx","6","175","ENGLISH_TEXT_CHECK_PASS","92","NO","YES","","Existing artist/song or title variant — leave current song unchanged | Exact locked transposer fails required round-trip or slash-bass preservation","6f24e1ca36f3386790da53a8674ece3fb42b8eb4bed9436e1b47e154fae6eb55","Ultimate Guitar com PRO Tabs Site Rip GPX/c/crosby_stills_nash_young_101505/crosby-stills-nash-young_4-20-official-2594181.gpx"
"307","Crosby Stills Nash Young","Almost Cut My Hair","EXISTING_DUPLICATE","EXISTING","SKIPPED_ALREADY_CURRENT","gpx","8","192","ENGLISH_TEXT_CHECK_PASS","0","NO","NO","","Existing artist/song or title variant — leave current song unchanged","d00bef101d866830d0e4d5adb832fb36a344c9ff8b57ccb03d1b319e0be2170d","Ultimate Guitar com PRO Tabs Site Rip GPX/c/crosby_stills_nash_young_101505/crosby-stills-nash-young_almost-cut-my-hair-official-3009050.gpx"
"308","Crosby Stills Nash Young","Carry On","EXISTING_DUPLICATE","EXISTING","SKIPPED_ALREADY_CURRENT","gpx","5","226","ENGLISH_TEXT_CHECK_PASS","0","NO","NO","","Existing artist/song or title variant — leave current song unchanged","926552844ead798a0e05550dd45bc8e96843f024141c5d389866e5dc057a29f8","Ultimate Guitar com PRO Tabs Site Rip GPX/c/crosby_stills_nash_young_101505/crosby-stills-nash-young_carry-on-official-3780032.gpx"
"309","Crosby Stills Nash Young","find the cost of freedom","LANGUAGE_UNVERIFIED","HOLD","PENDING_PARSE_AND_QA","gpx","5","46","LANGUAGE_UNVERIFIED","23","NO","YES","","English lyrics not established from available text | Exact locked transposer fails required round-trip or slash-bass preservation","fe11f1709010711c98f0050f465ac52961ed7bad6a998936bb3c7cc84f6a5319","Ultimate Guitar com PRO Tabs Site Rip GPX/c/crosby_stills_nash_young_101505/crosby-stills-nash-young_find-the-cost-of-freedom-official-3829058.gpx"
"310","Crosby Stills Nash Young","Helpless","EXISTING_DUPLICATE","EXISTING","SKIPPED_ALREADY_CURRENT","gpx","3","161","ENGLISH_TEXT_CHECK_PASS","0","NO","NO","","Existing artist/song or title variant — leave current song unchanged","16e1fcbfbf2415640060734f33a21b5c6ca1710fa70738b7ceb6084b6d66cd6f","Ultimate Guitar com PRO Tabs Site Rip GPX/c/crosby_stills_nash_young_101505/crosby-stills-nash-young_helpless-official-2704314.gpx"
"311","Crosby Stills Nash Young","our house","TRANSPOSE_FAILURE","HOLD","PENDING_PARSE_AND_QA","gpx","9","195","ENGLISH_TEXT_CHECK_PASS","92","YES","YES","","Exact locked transposer fails required round-trip or slash-bass preservation","f85ead24b094f148bd721b108296da2b20bd2d7fd44ebdc0b441de39dc2b1fed","Ultimate Guitar com PRO Tabs Site Rip GPX/c/crosby_stills_nash_young_101505/crosby-stills-nash-young_our-house-official-2682630.gpx"
"312","Crosby Stills Nash Young","Teach Your Children","EXISTING_DUPLICATE","EXISTING","SKIPPED_ALREADY_CURRENT","gpx","4","181","ENGLISH_TEXT_CHECK_PASS","0","NO","NO","","Existing artist/song or title variant — leave current song unchanged","d72af1e9090a5a9d229973a33894ff6a931832be615df68d0dde34fef8734879","Ultimate Guitar com PRO Tabs Site Rip GPX/c/crosby_stills_nash_young_101505/crosby-stills-nash-young_teach-your-children-official-2815919.gpx"
"313","Crosby Stills Nash Young","woodstock","REVIEWABLE_CHORD_SHEET","REVIEWABLE","PENDING_PARSE_AND_QA","gpx","5","295","ENGLISH_TEXT_CHECK_PASS","0","NO","NO","","","c1b2ac33c5ca9a6f0f6e189b35882dc6c66a49539520db838d838966dc70fdbe","Ultimate Guitar com PRO Tabs Site Rip GPX/c/crosby_stills_nash_young_101505/crosby-stills-nash-young_woodstock-official-3693884.gpx"
"314","Crowded House","weather with you","REVIEWABLE_CHORD_SHEET","REVIEWABLE","PENDING_PARSE_AND_QA","gpx","8","275","ENGLISH_TEXT_CHECK_PASS","0","NO","NO","","","48a4e39e2023f6ddf7e2695e1cb193db1ab683e7cb20077024af252fb8d98472","Ultimate Guitar com PRO Tabs Site Rip GPX/c/crowded_house_1680/crowded-house_weather-with-you-official-2978795.gpx"
"315","Dave Matthews","Christmas Song (Live @ Luther College)","TAB_ONLY_OR_EMPTY","HOLD","PENDING_PARSE_AND_QA","gp3","0","0","LANGUAGE_UNVERIFIED","0","NO","NO","","English lyrics not established from available text | No usable chord symbols in extracted sheet | Tab-only or empty extracted sheet","5b7bb47346225d64c65509b1c3d5eee14bdba63a1ad04ecacc8a94d4b53b094c","GuitarPro_Tabs/Dave Matthews - Christmas Song (Live @ Luther College).gp3"
"316","Dave Matthews","Crash into Me","TAB_ONLY_OR_EMPTY","HOLD","PENDING_PARSE_AND_QA","gp3","3","0","LANGUAGE_UNVERIFIED","0","NO","NO","","English lyrics not established from available text | Tab-only or empty extracted sheet","394d7f5f72a317f4a7cc99f31f14e71661592f1b178dcab33d255ea903acac96","GuitarPro_Tabs/Dave Matthews - Crash into Me.gp3"
"317","Dave Matthews","Dancing Nancies (Live @ Luther College)","TAB_ONLY_OR_EMPTY","HOLD","PENDING_PARSE_AND_QA","gp3","0","0","LANGUAGE_UNVERIFIED","0","NO","NO","","English lyrics not established from available text | No usable chord symbols in extracted sheet | Tab-only or empty extracted sheet","279386a8ed2aea2a239d163e65963194147923ad76878f6266a430dee657b768","GuitarPro_Tabs/Dave Matthews - Dancing Nancies (Live @ Luther College).gp3"
"318","Dave Matthews","Deed is Done (Live @ Luther College)","TAB_ONLY_OR_EMPTY","HOLD","PENDING_PARSE_AND_QA","gp3","0","0","LANGUAGE_UNVERIFIED","0","NO","NO","","English lyrics not established from available text | No usable chord symbols in extracted sheet | Tab-only or empty extracted sheet","eb74251e899414c51d00f868b6d92dfc0721b976321b8e94279bfffe3f50881b","GuitarPro_Tabs/Dave Matthews - Deed is Done (Live @ Luther College).gp3"
"319","Dave Matthews","Halloween (Live @ Luther College)","TAB_ONLY_OR_EMPTY","HOLD","PENDING_PARSE_AND_QA","gp3","0","0","LANGUAGE_UNVERIFIED","0","NO","NO","","English lyrics not established from available text | No usable chord symbols in extracted sheet | Tab-only or empty extracted sheet","5b38f598fd6dfa0815123aae4258ca3ef9ab065f3ba8639a6b5acdd00086da94","GuitarPro_Tabs/Dave Matthews - Halloween (Live @ Luther College).gp3"
"320","Dave Matthews","Interlude To Crush","TAB_ONLY_OR_EMPTY","HOLD","PENDING_PARSE_AND_QA","gp3","0","0","LANGUAGE_UNVERIFIED","0","NO","NO","","English lyrics not established from available text | No usable chord symbols in extracted sheet | Tab-only or empty extracted sheet","f696f8bf0c3d32c996f00ddf782eccf335cdf2bb5bc9f429e096ff69dd6de640","GuitarPro_Tabs/Dave Matthews - Interlude To Crush.gp3"
"321","Dave Matthews","Interlude To Pig","TAB_ONLY_OR_EMPTY","HOLD","PENDING_PARSE_AND_QA","gp3","4","0","LANGUAGE_UNVERIFIED","0","NO","NO","","English lyrics not established from available text | Tab-only or empty extracted sheet","fb9da79cf2cd957d75f7e67b5b17c2d60e4474379de5929abb73cc1cbbb571a9","GuitarPro_Tabs/Dave Matthews - Interlude To Pig.gp3"
"322","Dave Matthews","Interlude To Stay","TAB_ONLY_OR_EMPTY","HOLD","PENDING_PARSE_AND_QA","gp3","5","0","LANGUAGE_UNVERIFIED","0","NO","NO","","English lyrics not established from available text | Tab-only or empty extracted sheet","2cf9f4993e78fa7d984d1468ce6f6f09f58fc7c288f17232ac3a1dbc39eeec30","GuitarPro_Tabs/Dave Matthews - Interlude To Stay.gp3"
"323","Dave Matthews","Little Thing (Live At Luther College)","TAB_ONLY_OR_EMPTY","HOLD","PENDING_PARSE_AND_QA","gp3","0","0","LANGUAGE_UNVERIFIED","0","NO","NO","","English lyrics not established from available text | No usable chord symbols in extracted sheet | Tab-only or empty extracted sheet","905976958cc6c74f07915b0a7d70cecba530002054f91b2142aac5363fdf9946","GuitarPro_Tabs/Dave Matthews - Little Thing (Live At Luther College).gp3"
"324","Dave Matthews","Minarets","TAB_ONLY_OR_EMPTY","HOLD","PENDING_PARSE_AND_QA","gp3","0","0","LANGUAGE_UNVERIFIED","0","NO","NO","","English lyrics not established from available text | No usable chord symbols in extracted sheet | Tab-only or empty extracted sheet","e9cca925ae52730ca2d8aac75efc860939e2a26b2b5ec165236e5f92ff0859fc","GuitarPro_Tabs/Dave Matthews - Minarets.gp3"
"325","Dave Matthews","one sweet world","TAB_ONLY_OR_EMPTY","HOLD","PENDING_PARSE_AND_QA","gp3","3","0","LANGUAGE_UNVERIFIED","44","NO","NO","","Similar proposed title also exists in this queue; choose at most one after identity review. | English lyrics not established from available text | Tab-only or empty extracted sheet | Exact locked transposer fails required round-trip or slash-bass preservation","23f49d8c77760d91faa64d00c0406a6f6519f6ad256f31efa941b7dca3e5cc18","GuitarPro_Tabs/Dave Matthews - one sweet world.gp3"
"326","Dave Matthews","One Sweet World - Live Intro","TAB_ONLY_OR_EMPTY","HOLD","PENDING_PARSE_AND_QA","gp3","0","0","LANGUAGE_UNVERIFIED","0","NO","NO","","May be a medley, fragment or exercise; full-song identity needs confirmation. | Similar proposed title also exists in this queue; choose at most one after identity review. | English lyrics not established from available text | No usable chord symbols in extracted sheet | Tab-only or empty extracted sheet","32bf73973933fa0604d89d0972c3247f02008c5ea1963d25d27827f7775b3a42","GuitarPro_Tabs/Dave Matthews - One Sweet World - Live Intro.gp3"
"327","Dave Matthews","Pantala Naga Pampa (2)","TAB_ONLY_OR_EMPTY","HOLD","PENDING_PARSE_AND_QA","gp3","0","0","LANGUAGE_UNVERIFIED","0","NO","NO","","English lyrics not established from available text | No usable chord symbols in extracted sheet | Tab-only or empty extracted sheet","0c948adfb059b44fe7b6f4129877e7d91833fd8c0de55b07169bf7279b3bc1de","GuitarPro_Tabs/Dave Matthews - Pantala Naga Pampa (2).gp3"
"328","Dave Matthews","Pirate looks at 40","EXISTING_DUPLICATE","EXISTING","SKIPPED_ALREADY_CURRENT","gpx","4","227","ENGLISH_TEXT_CHECK_PASS","0","NO","NO","","Existing artist/song or title variant — leave current song unchanged","20d623aa1ad617e0d9034870a5ef236e856ee4f1a99807db6db9a0ff5e74bef5","Ultimate Guitar com PRO Tabs Site Rip GPX/d/dave_matthews_18890/jack-johnson_pirate-looks-at-forty-official-2219533.gpx"
"329","Dave Matthews","Seek Up","TAB_ONLY_OR_EMPTY","HOLD","PENDING_PARSE_AND_QA","gp3","0","0","LANGUAGE_UNVERIFIED","0","NO","NO","","English lyrics not established from available text | No usable chord symbols in extracted sheet | Tab-only or empty extracted sheet","b774b6701e5748541038fd29df667bdbfb88bceba10ca68d04fe364c285b3cb0","GuitarPro_Tabs/Dave Matthews - Seek Up.gp3"
"330","Dave Matthews","So Much To Say (2)","TAB_ONLY_OR_EMPTY","HOLD","PENDING_PARSE_AND_QA","gp3","0","0","LANGUAGE_UNVERIFIED","0","NO","NO","","English lyrics not established from available text | No usable chord symbols in extracted sheet | Tab-only or empty extracted sheet","ea18f1b59919cfe9f1da07359cb3038e89a85f4ccfae4ff9246d701f0b9da7c7","GuitarPro_Tabs/Dave Matthews - So Much To Say (2).gp3"
"331","Dave Matthews","Space Between","TAB_ONLY_OR_EMPTY","HOLD","PENDING_PARSE_AND_QA","gp3","0","0","LANGUAGE_UNVERIFIED","0","NO","NO","","Similar proposed title also exists in this queue; choose at most one after identity review. | English lyrics not established from available text | No usable chord symbols in extracted sheet | Tab-only or empty extracted sheet","44cd7991e646e74deab046e1f3ad54fca97a587c4a05e161adb9c321b175f401","GuitarPro_Tabs/Dave Matthews - Space Between.gp3"
"332","Dave Matthews","Stay (Wasting Time)","TAB_ONLY_OR_EMPTY","HOLD","PENDING_PARSE_AND_QA","gp3","0","0","LANGUAGE_UNVERIFIED","0","NO","NO","","English lyrics not established from available text | No usable chord symbols in extracted sheet | Tab-only or empty extracted sheet","d039d14fad3c25bab416d21661577ca3252a7b3bdfb94dbf34ecef8c9974cb6b","GuitarPro_Tabs/Dave Matthews - Stay (Wasting Time).gp3"
"333","Dave Matthews","The Space Between (2)","TAB_ONLY_OR_EMPTY","HOLD","PENDING_PARSE_AND_QA","gp3","0","0","LANGUAGE_UNVERIFIED","0","NO","NO","","Similar proposed title also exists in this queue; choose at most one after identity review. | English lyrics not established from available text | No usable chord symbols in extracted sheet | Tab-only or empty extracted sheet","47ab072b614f837ce64d3c2817c6f3564bbf68ec986791f1cbdb1470ad0a2dd9","GuitarPro_Tabs/Dave Matthews - The Space Between (2).gp3"
"334","Dave Matthews","Tripping Billies","TAB_ONLY_OR_EMPTY","HOLD","PENDING_PARSE_AND_QA","gp3","0","0","LANGUAGE_UNVERIFIED","0","NO","NO","","English lyrics not established from available text | No usable chord symbols in extracted sheet | Tab-only or empty extracted sheet","06da37f8aef5f4fbbfe690129334ade04b39c6c59bf43ffab5b55cad05a6f9e5","GuitarPro_Tabs/Dave Matthews - Tripping Billies.gp3"
"335","Dave Matthews","What Will Become of Me","TAB_ONLY_OR_EMPTY","HOLD","PENDING_PARSE_AND_QA","gp3","0","0","LANGUAGE_UNVERIFIED","0","NO","NO","","English lyrics not established from available text | No usable chord symbols in extracted sheet | Tab-only or empty extracted sheet","45a080f33aa97f17debd35a22363430f804e8180a2a6f34b6d4c18df63c0542a","GuitarPro_Tabs/Dave Matthews - What Will Become of Me.gp3"
"336","Dave Matthews","What Would You Say","TAB_ONLY_OR_EMPTY","HOLD","PENDING_PARSE_AND_QA","gp3","0","0","LANGUAGE_UNVERIFIED","0","NO","NO","","English lyrics not established from available text | No usable chord symbols in extracted sheet | Tab-only or empty extracted sheet","099d894a2b5f4f5aa83095772a956029ef6b232caf90bde10d769f2bacbb04ec","GuitarPro_Tabs/Dave Matthews - What Would You Say.gp3"
"337","Dave Matthews","Where Are You Going","TAB_ONLY_OR_EMPTY","HOLD","PENDING_PARSE_AND_QA","gp3","0","0","LANGUAGE_UNVERIFIED","0","NO","NO","","English lyrics not established from available text | No usable chord symbols in extracted sheet | Tab-only or empty extracted sheet","dc0e9061f105bf972b313ce9dddfb2d9b1c9ead17739504a3f7861b3039ec54f","GuitarPro_Tabs/Dave Matthews - Where Are You Going.gp3"
"338","Deep Purple","Anthem","TAB_ONLY_OR_EMPTY","HOLD","PENDING_PARSE_AND_QA","gp3","0","0","LANGUAGE_UNVERIFIED","0","NO","NO","","English lyrics not established from available text | No usable chord symbols in extracted sheet | Tab-only or empty extracted sheet","db3781f8c75a2fb6382531d4c2a064499dd495e89cd28ae3de39ec9a2d6df423","GuitarPro_Tabs/Deep Purple - Anthem.gp3"
"339","Deep Purple","Any Fule Know That","TAB_ONLY_OR_EMPTY","HOLD","PENDING_PARSE_AND_QA","gp3","0","0","LANGUAGE_UNVERIFIED","0","NO","NO","","Parsed title disagrees with proposal title | English lyrics not established from available text | No usable chord symbols in extracted sheet | Tab-only or empty extracted sheet","c745d1368d2cbbf7d089cfb5ca0d4c7c3bb203d8bba6ba2f6d2cb6a3e376a2e5","GuitarPro_Tabs/Deep Purple - Any Fule Know That.gp3"
"340","Deep Purple","Anya","TAB_ONLY_OR_EMPTY","HOLD","PENDING_PARSE_AND_QA","gp3","0","0","LANGUAGE_UNVERIFIED","0","NO","NO","","English lyrics not established from available text | No usable chord symbols in extracted sheet | Tab-only or empty extracted sheet","bd0e318539ba56a18d61e45796b1f45a934df57e840f5b17c77dd0bda8813a79","GuitarPro_Tabs/Deep Purple - Anya.gp3"
"341","Deep Purple","Bad Attitude (2)","TAB_ONLY_OR_EMPTY","HOLD","PENDING_PARSE_AND_QA","gp3","0","0","LANGUAGE_UNVERIFIED","0","NO","NO","","English lyrics not established from available text | No usable chord symbols in extracted sheet | Tab-only or empty extracted sheet","94040b909243fcd55f4e2e3fe348c326156a2a9dd1cb79521498fe3d6520ccfe","GuitarPro_Tabs/Deep Purple - Bad Attitude (2).gp3"
"342","Deep Purple","burn","TRANSPOSE_FAILURE","HOLD","PENDING_PARSE_AND_QA","gpx","15","202","ENGLISH_TEXT_CHECK_PASS","69","YES","YES","","Exact locked transposer fails required round-trip or slash-bass preservation","450404ddfe31b91b1ca7f7444745c456cf3c4f9edb90a26a62a20b79f3e4ed65","Ultimate Guitar com PRO Tabs Site Rip GPX/d/deep_purple_1636/deep-purple_burn-official-2480706.gpx"
"343","Deep Purple","Cascades I 'm Not Your Lover","TAB_ONLY_OR_EMPTY","HOLD","PENDING_PARSE_AND_QA","gp3","0","0","LANGUAGE_UNVERIFIED","0","NO","NO","","Similar proposed title also exists in this queue; choose at most one after identity review. | English lyrics not established from available text | No usable chord symbols in extracted sheet | Tab-only or empty extracted sheet","db03f046244b8851efb210af70d92e123875297320de920176039c750d3e3eb3","GuitarPro_Tabs/Deep Purple - Cascades I 'm Not Your Lover.gp3"
"344","Deep Purple","Cascades I`m Not Your Lover (Solo)","TAB_ONLY_OR_EMPTY","HOLD","PENDING_PARSE_AND_QA","gp3","0","0","LANGUAGE_UNVERIFIED","0","NO","NO","","May be a medley, fragment or exercise; full-song identity needs confirmation. | Similar proposed title also exists in this queue; choose at most one after identity review. | English lyrics not established from available text | No usable chord symbols in extracted sheet | Tab-only or empty extracted sheet","66c2c9fbe1ab0743290b2ec1e2c60d2e7306e26107593f3a5dcf21ee6a8e926e","GuitarPro_Tabs/Deep Purple - Cascades I`m Not Your Lover (Solo).gp3"
"345","Deep Purple","Child In Time (solo)","EXISTING_DUPLICATE","EXISTING","PENDING_PARSE_AND_QA","gp3","0","0","LANGUAGE_UNVERIFIED","0","NO","NO","","Existing artist/song or title variant — leave current song unchanged | Possible existing song or alternate title: Deep Purple — Child In Time | May be a medley, fragment or exercise; full-song identity needs confirmation. | English lyrics not established from available text | No usable chord symbols in extracted sheet | Tab-only or empty extracted sheet","d721f0f68f5572aafd13163eb75848098a8962587b86a86eca3ac2a3898460cb","GuitarPro_Tabs/Deep Purple - Child In Time (solo).gp3"
"346","Deep Purple","Cut Runs Deep","TAB_ONLY_OR_EMPTY","HOLD","PENDING_PARSE_AND_QA","gp3","0","0","LANGUAGE_UNVERIFIED","0","NO","NO","","English lyrics not established from available text | No usable chord symbols in extracted sheet | Tab-only or empty extracted sheet","1fa31d322f99035f927706f7800cf88cdf8f1616ef9de5dffa8f5ca32ad0362c","GuitarPro_Tabs/Deep Purple - Cut Runs Deep.gp3"
"347","Deep Purple","Demon Eye","TAB_ONLY_OR_EMPTY","HOLD","PENDING_PARSE_AND_QA","gp3","0","0","LANGUAGE_UNVERIFIED","0","NO","NO","","English lyrics not established from available text | No usable chord symbols in extracted sheet | Tab-only or empty extracted sheet","d91a677aa31b76ca86f7482b129c143c6bc49a40a241f85fc5af13d311d658c8","GuitarPro_Tabs/Deep Purple - Demon Eye.gp3"
"348","Deep Purple","Fireball","TAB_ONLY_OR_EMPTY","HOLD","PENDING_PARSE_AND_QA","gp3","0","0","LANGUAGE_UNVERIFIED","0","NO","NO","","English lyrics not established from available text | No usable chord symbols in extracted sheet | Tab-only or empty extracted sheet","266702851510242dd844768a2171870e597c86ee6e88a895f4392c79a0ddc401","GuitarPro_Tabs/Deep Purple - Fireball.gp3"
"349","Deep Purple","Gypsy's Kiss","TAB_ONLY_OR_EMPTY","HOLD","PENDING_PARSE_AND_QA","gp3","0","0","LANGUAGE_UNVERIFIED","0","NO","NO","","English lyrics not established from available text | No usable chord symbols in extracted sheet | Tab-only or empty extracted sheet","42af2490eb4a74661e96621530744caeed1e9afada6ce8023ea8beba074b3984","GuitarPro_Tabs/Deep Purple - Gypsy's Kiss.gp3"
"350","Deep Purple","Hallelujah","TAB_ONLY_OR_EMPTY","HOLD","PENDING_PARSE_AND_QA","gp4","0","0","LANGUAGE_UNVERIFIED","0","NO","NO","","English lyrics not established from available text | No usable chord symbols in extracted sheet | Tab-only or empty extracted sheet","08b39d70f8336a7b9adba827fe99741bb6c550cc688ea551d8ab6bb8f03cd4a3","GuitarPro_Tabs/Deep Purple - Hallelujah.gp4"
"351","Deep Purple","Halleujah","TAB_ONLY_OR_EMPTY","HOLD","PENDING_PARSE_AND_QA","gp4","0","0","LANGUAGE_UNVERIFIED","0","NO","NO","","English lyrics not established from available text | No usable chord symbols in extracted sheet | Tab-only or empty extracted sheet","4518d6ed32e978cd28b493606c3082f52196e5bdbc0fa780207df55b314c852d","GuitarPro_Tabs/Deep Purple - Halleujah.gp4"
"352","Deep Purple","Highway Star (Solo) (2)","EXISTING_DUPLICATE","EXISTING","PENDING_PARSE_AND_QA","gp3","0","0","LANGUAGE_UNVERIFIED","0","NO","NO","","Existing artist/song or title variant — leave current song unchanged | Possible existing song or alternate title: Deep Purple — Highway Star | May be a medley, fragment or exercise; full-song identity needs confirmation. | English lyrics not established from available text | No usable chord symbols in extracted sheet | Tab-only or empty extracted sheet","c20fb639c17e47381bec8281269f5a84e04edbb49f02d0ae70e35f07118f6172","GuitarPro_Tabs/Deep Purple - Highway Star (Solo) (2).gp3"
"353","Deep Purple","Hush (old)","EXISTING_DUPLICATE","EXISTING","PENDING_PARSE_AND_QA","gp3","0","0","LANGUAGE_UNVERIFIED","0","NO","NO","","Existing artist/song or title variant — leave current song unchanged | Possible existing song or alternate title: Deep Purple — Hush | English lyrics not established from available text | No usable chord symbols in extracted sheet | Tab-only or empty extracted sheet","9e0814ea5c1fcf6c6510c86a3fe217ef31fa9f8dd8e39c19c1b4c4b82d94c6ca","GuitarPro_Tabs/Deep Purple - Hush (old).gp3"
"354","Deep Purple","I 'm Alone","TAB_ONLY_OR_EMPTY","HOLD","PENDING_PARSE_AND_QA","gp3","0","0","LANGUAGE_UNVERIFIED","0","NO","NO","","English lyrics not established from available text | No usable chord symbols in extracted sheet | Tab-only or empty extracted sheet","ddf6e3b0b4fd87af5f8bd84f8049bbdc4579f0e9a233307e027c0ec921b5f7c4","GuitarPro_Tabs/Deep Purple - I 'm Alone.gp3"
"355","Deep Purple","Into the Fire","TAB_ONLY_OR_EMPTY","HOLD","PENDING_PARSE_AND_QA","gp3","0","0","LANGUAGE_UNVERIFIED","0","NO","NO","","English lyrics not established from available text | No usable chord symbols in extracted sheet | Tab-only or empty extracted sheet","571c1e11bd16fbb025cbdec270d89c91648a48707df561bfc5543fd687058085","GuitarPro_Tabs/Deep Purple - Into the Fire.gp3"
"356","Deep Purple","Kentucky Woman","TAB_ONLY_OR_EMPTY","HOLD","PENDING_PARSE_AND_QA","gp3","0","0","LANGUAGE_UNVERIFIED","0","NO","NO","","English lyrics not established from available text | No usable chord symbols in extracted sheet | Tab-only or empty extracted sheet","62c57d7401acceebe307ebaf3c353c600399b5739657189b99b3db4c2e29a1b0","GuitarPro_Tabs/Deep Purple - Kentucky Woman.gp3"
"357","Deep Purple","Knocking At Your Back Door (2)","TAB_ONLY_OR_EMPTY","HOLD","PENDING_PARSE_AND_QA","gp3","0","0","LANGUAGE_UNVERIFIED","0","NO","NO","","English lyrics not established from available text | No usable chord symbols in extracted sheet | Tab-only or empty extracted sheet","655a374ee36e1797eafb167d0a2b7fe07921f79a00ddff74c52022c8ad90a75f","GuitarPro_Tabs/Deep Purple - Knocking At Your Back Door (2).gp3"
"358","Deep Purple","Lady Double Dealer (solo)","TAB_ONLY_OR_EMPTY","HOLD","PENDING_PARSE_AND_QA","gp3","0","0","LANGUAGE_UNVERIFIED","0","NO","NO","","May be a medley, fragment or exercise; full-song identity needs confirmation. | English lyrics not established from available text | No usable chord symbols in extracted sheet | Tab-only or empty extracted sheet","c69f40cb78d4d6e84aa4bca022629ef33a023f33a5afd2e505a6a45de0e55cb3","GuitarPro_Tabs/Deep Purple - Lady Double Dealer (solo).gp3"
"359","Deep Purple","Lay Down, Stay Down","TAB_ONLY_OR_EMPTY","HOLD","PENDING_PARSE_AND_QA","gp3","0","0","LANGUAGE_UNVERIFIED","0","NO","NO","","English lyrics not established from available text | No usable chord symbols in extracted sheet | Tab-only or empty extracted sheet","cbffd0e762c5994f50bc9e661b6d81bc0c86689a25caa06f745c431f8b64eeaf","GuitarPro_Tabs/Deep Purple - Lay Down, Stay Down.gp3"
"360","Deep Purple","lazy","REVIEWABLE_CHORD_SHEET","REVIEWABLE","PENDING_PARSE_AND_QA","gpx","17","108","ENGLISH_TEXT_CHECK_PASS","0","YES","YES","","","61b5ccfe393786cdc30c34895425fdea49165c11edc2138c8a31ea12e9b93a32","Ultimate Guitar com PRO Tabs Site Rip GPX/d/deep_purple_1636/deep-purple_lazy-official-2767504.gpx"
"361","Deep Purple","Love Conquers All","TAB_ONLY_OR_EMPTY","HOLD","PENDING_PARSE_AND_QA","gp3","0","0","LANGUAGE_UNVERIFIED","0","NO","NO","","English lyrics not established from available text | No usable chord symbols in extracted sheet | Tab-only or empty extracted sheet","4834717d479c4df2a834987d622d3c8a6e7afc34d26ad5393ddd8cac2e0955b8","GuitarPro_Tabs/Deep Purple - Love Conquers All.gp3"
"362","Deep Purple","Maybe I'm A Leo (solo)","TAB_ONLY_OR_EMPTY","HOLD","PENDING_PARSE_AND_QA","gp3","0","0","LANGUAGE_UNVERIFIED","0","NO","NO","","May be a medley, fragment or exercise; full-song identity needs confirmation. | English lyrics not established from available text | No usable chord symbols in extracted sheet | Tab-only or empty extracted sheet","f1ff86c661307415783fdfb2349a53e8ade38ba6dc83f359ca9dcefca9085d1f","GuitarPro_Tabs/Deep Purple - Maybe I'm A Leo (solo).gp3"
"363","Deep Purple","Mistreated (2)","TAB_ONLY_OR_EMPTY","HOLD","PENDING_PARSE_AND_QA","gp3","0","0","LANGUAGE_UNVERIFIED","0","NO","NO","","English lyrics not established from available text | No usable chord symbols in extracted sheet | Tab-only or empty extracted sheet","4b8a74f1842c0532863d3a243a41761b323b0e1b45dc952924ca9ae3c69779a8","GuitarPro_Tabs/Deep Purple - Mistreated (2).gp3"
"364","Deep Purple","Nobody's Home","TAB_ONLY_OR_EMPTY","HOLD","PENDING_PARSE_AND_QA","gp3","0","0","LANGUAGE_UNVERIFIED","0","NO","NO","","English lyrics not established from available text | No usable chord symbols in extracted sheet | Tab-only or empty extracted sheet","70c252dd0597f8b417af9c5eba2d28534d5007c6983be91962f166be0142dc23","GuitarPro_Tabs/Deep Purple - Nobody's Home.gp3"
"365","Deep Purple","owed to g","TAB_ONLY_OR_EMPTY","HOLD","PENDING_PARSE_AND_QA","gpx","7","0","LANGUAGE_UNVERIFIED","23","NO","YES","","English lyrics not established from available text | Tab-only or empty extracted sheet | Exact locked transposer fails required round-trip or slash-bass preservation","fd5b5394ca915b73565a7b3faa97fad22bf2685e8b939e9b29afb73b929c8f85","Ultimate Guitar com PRO Tabs Site Rip GPX/d/deep_purple_1636/deep-purple_owed-to-g-official-2410679.gpx"
"366","Deep Purple","Picture of Home","TAB_ONLY_OR_EMPTY","HOLD","PENDING_PARSE_AND_QA","gp3","0","0","LANGUAGE_UNVERIFIED","0","NO","NO","","English lyrics not established from available text | No usable chord symbols in extracted sheet | Tab-only or empty extracted sheet","f210dad466151e9b0d9cd1d6e38b92329f20687d418c7df07f8f78c6af790f02","GuitarPro_Tabs/Deep Purple - Picture of Home.gp3"
"367","Deep Purple","Pictures Of Home","TAB_ONLY_OR_EMPTY","HOLD","PENDING_PARSE_AND_QA","gp3","0","0","LANGUAGE_UNVERIFIED","0","NO","NO","","English lyrics not established from available text | No usable chord symbols in extracted sheet | Tab-only or empty extracted sheet","0420a3c8f9fc9de55fe9109f9c5faf4dac90d3fccfb00113fc1730453354a947","GuitarPro_Tabs/Deep Purple - Pictures Of Home.gp3"
"368","Deep Purple","Rat Bat Blue","TAB_ONLY_OR_EMPTY","HOLD","PENDING_PARSE_AND_QA","gp3","0","0","LANGUAGE_UNVERIFIED","0","NO","NO","","English lyrics not established from available text | No usable chord symbols in extracted sheet | Tab-only or empty extracted sheet","fe3cc1d7ea88d7105485d6252d348ca4e554c23ac8b45d44e5f2ee9d3aac1219","GuitarPro_Tabs/Deep Purple - Rat Bat Blue.gp3"
"369","Deep Purple","Smoke Of The Water","EXISTING_DUPLICATE","EXISTING","PENDING_PARSE_AND_QA","gp3","0","0","LANGUAGE_UNVERIFIED","0","NO","NO","","Parsed title disagrees with proposal title | Existing artist/song or title variant — leave current song unchanged | English lyrics not established from available text | No usable chord symbols in extracted sheet | Tab-only or empty extracted sheet","6a1e9135a6e1b31108c9fcaf13bfe70c4a300c2ad717e22aa4c3dca2cbdba9bf","GuitarPro_Tabs/Deep Purple - Smoke Of The Water.gp3"
"370","Deep Purple","Smoke on the water (Made in Japan - full)","EXISTING_DUPLICATE","EXISTING","PENDING_PARSE_AND_QA","gp3","0","0","LANGUAGE_UNVERIFIED","0","NO","NO","","Existing artist/song or title variant — leave current song unchanged | Possible existing song or alternate title: Deep Purple — Smoke On The Water | Similar proposed title also exists in this queue; choose at most one after identity review. | English lyrics not established from available text | No usable chord symbols in extracted sheet | Tab-only or empty extracted sheet","93044fcf31e292df02e8fd24eb3f7b64c2320fa77a11eccaf75ffa0e23bf1160","GuitarPro_Tabs/Deep Purple - Smoke on the water (Made in Japan - full).gp3"
"371","Deep Purple","Smoke On The Water (Solo) (2)","EXISTING_DUPLICATE","EXISTING","PENDING_PARSE_AND_QA","gp3","2","0","LANGUAGE_UNVERIFIED","0","NO","NO","","Existing artist/song or title variant — leave current song unchanged | Possible existing song or alternate title: Deep Purple — Smoke On The Water | May be a medley, fragment or exercise; full-song identity needs confirmation. | Similar proposed title also exists in this queue; choose at most one after identity review. | English lyrics not established from available text | Tab-only or empty extracted sheet","dcd652cc0d440de700e8d8b2b82f0a0c5352e242657efa8f41f667986418b1ac","GuitarPro_Tabs/Deep Purple - Smoke On The Water (Solo) (2).gp3"
"372","Deep Purple","Smoke On The Water (Techno Remix)","EXISTING_DUPLICATE","EXISTING","PENDING_PARSE_AND_QA","gp3","0","0","LANGUAGE_UNVERIFIED","0","NO","NO","","Existing artist/song or title variant — leave current song unchanged | Possible existing song or alternate title: Deep Purple — Smoke On The Water | Similar proposed title also exists in this queue; choose at most one after identity review. | English lyrics not established from available text | No usable chord symbols in extracted sheet | Tab-only or empty extracted sheet","c7bf75879b7c408717a3a95b874b79e2a70aeedf98188a0f05f081556cf7fb84","GuitarPro_Tabs/Deep Purple - Smoke On The Water (Techno Remix).gp3"
"373","Deep Purple","sometimes i feel like screaming","IDENTITY_DIAGRAM_OR_OTHER_HOLD","HOLD","PENDING_PARSE_AND_QA","gpx","18","356","ENGLISH_TEXT_CHECK_PASS","0","YES","NO","","Similar proposed title also exists in this queue; choose at most one after identity review.","8cf7121a759f11ce6163cdba017287caac0891321b0754694a8030ffee3cda07","Ultimate Guitar com PRO Tabs Site Rip GPX/d/deep_purple_1636/deep-purple_sometimes-i-feel-like-screaming-official-3386660.gpx"
"374","Deep Purple","Sometimes I Feel Like Screaming (Intro)","TAB_ONLY_OR_EMPTY","HOLD","PENDING_PARSE_AND_QA","gp3","0","0","LANGUAGE_UNVERIFIED","0","NO","NO","","May be a medley, fragment or exercise; full-song identity needs confirmation. | Similar proposed title also exists in this queue; choose at most one after identity review. | English lyrics not established from available text | No usable chord symbols in extracted sheet | Tab-only or empty extracted sheet","1d489a42a65f618c8440f4e33f78f46baa67340f62934049ac9bdf98b4841d1f","GuitarPro_Tabs/Deep Purple - Sometimes I Feel Like Screaming (Intro).gp3"
"375","Deep Purple","Sometimes I Feel Like Screaming(Solo)","TAB_ONLY_OR_EMPTY","HOLD","PENDING_PARSE_AND_QA","gp3","0","0","LANGUAGE_UNVERIFIED","0","NO","NO","","May be a medley, fragment or exercise; full-song identity needs confirmation. | Similar proposed title also exists in this queue; choose at most one after identity review. | English lyrics not established from available text | No usable chord symbols in extracted sheet | Tab-only or empty extracted sheet","7d6c8ca160d3a8c0a07e35c57e803a5ac212189eb93eb28bfafdda7ef122f314","GuitarPro_Tabs/Deep Purple - Sometimes I Feel Like Screaming(Solo).gp3"
"376","Deep Purple","Speed King (2)","TAB_ONLY_OR_EMPTY","HOLD","PENDING_PARSE_AND_QA","gp3","0","0","LANGUAGE_UNVERIFIED","0","NO","NO","","English lyrics not established from available text | No usable chord symbols in extracted sheet | Tab-only or empty extracted sheet","9dc84537dcdce3f1d57be3edfea58546e9a26a3342caaa24a924d49a50392e98","GuitarPro_Tabs/Deep Purple - Speed King (2).gp3"
"377","Deep Purple","Stormbringer","TAB_ONLY_OR_EMPTY","HOLD","PENDING_PARSE_AND_QA","gp3","0","0","LANGUAGE_UNVERIFIED","0","NO","NO","","English lyrics not established from available text | No usable chord symbols in extracted sheet | Tab-only or empty extracted sheet","97e44ba1d884b19ba646ad2df107d0dd747ab58600fa68d8c53d1fdcb40e5a5b","GuitarPro_Tabs/Deep Purple - Stormbringer.gp3"
"378","Deep Purple","Strange Kind Of Woman (2)","TAB_ONLY_OR_EMPTY","HOLD","PENDING_PARSE_AND_QA","gp3","0","0","LANGUAGE_UNVERIFIED","0","NO","NO","","English lyrics not established from available text | No usable chord symbols in extracted sheet | Tab-only or empty extracted sheet","e3e69b4ca8c78120815db12a6cb33962f9b81a6021ffb5a312c545dad85c0b16","GuitarPro_Tabs/Deep Purple - Strange Kind Of Woman (2).gp3"
"379","Deep Purple","The Spanish Archer","TAB_ONLY_OR_EMPTY","HOLD","PENDING_PARSE_AND_QA","gp3","0","0","LANGUAGE_UNVERIFIED","0","NO","NO","","English lyrics not established from available text | No usable chord symbols in extracted sheet | Tab-only or empty extracted sheet","3b622b4bb81a7165b339e8f21422fe5381f93e303385d61427df34f3a2ae73d9","GuitarPro_Tabs/Deep Purple - The Spanish Archer.gp3"
"380","Deep Purple","Unwritten Law","TAB_ONLY_OR_EMPTY","HOLD","PENDING_PARSE_AND_QA","gp3","0","0","LANGUAGE_UNVERIFIED","0","NO","NO","","English lyrics not established from available text | No usable chord symbols in extracted sheet | Tab-only or empty extracted sheet","8a1b5d8767e828b92757f5dca159434cfa0ae69263b86459e3b27a5618595194","GuitarPro_Tabs/Deep Purple - Unwritten Law.gp3"
"381","Deep Purple","When A Blind Man Cries (Solo)","EXISTING_DUPLICATE","EXISTING","PENDING_PARSE_AND_QA","gp3","0","0","LANGUAGE_UNVERIFIED","0","NO","NO","","Existing artist/song or title variant — leave current song unchanged | Possible existing song or alternate title: Deep Purple — When a Blind Man Cries | May be a medley, fragment or exercise; full-song identity needs confirmation. | English lyrics not established from available text | No usable chord symbols in extracted sheet | Tab-only or empty extracted sheet","39a7df8c14cb5b79a764c383879d14798eb0d7fa46cf87e1dfac8f411df02fc9","GuitarPro_Tabs/Deep Purple - When A Blind Man Cries (Solo).gp3"
"382","Deep Purple","Wring That Neck","TAB_ONLY_OR_EMPTY","HOLD","PENDING_PARSE_AND_QA","gp3","0","0","LANGUAGE_UNVERIFIED","0","NO","NO","","English lyrics not established from available text | No usable chord symbols in extracted sheet | Tab-only or empty extracted sheet","c29ba17cc50c612966864018a77770e391129b1d679f95915ebec2ba37aa3bd7","GuitarPro_Tabs/Deep Purple - Wring That Neck.gp3"
"383","Deep Purple","You Can't Do It Right","TAB_ONLY_OR_EMPTY","HOLD","PENDING_PARSE_AND_QA","gp3","0","0","LANGUAGE_UNVERIFIED","0","NO","NO","","English lyrics not established from available text | No usable chord symbols in extracted sheet | Tab-only or empty extracted sheet","fa486affb13847074a18aba297c15bf2d32575abb083c8e6d0a5c1bfcab3c7b1","GuitarPro_Tabs/Deep Purple - You Can't Do It Right.gp3"
"384","Def Leppard","Bringing On The Heartbreak","TAB_ONLY_OR_EMPTY","HOLD","PENDING_PARSE_AND_QA","gp3","0","0","LANGUAGE_UNVERIFIED","0","NO","NO","","English lyrics not established from available text | No usable chord symbols in extracted sheet | Tab-only or empty extracted sheet","08465476202ec6d52f30c0ed000c577391a9697d3f2e1b52128df9a627d81e44","GuitarPro_Tabs/Def Leppard - Bringing On The Heartbreak.gp3"
"385","Def Leppard","Heaven Is","TAB_ONLY_OR_EMPTY","HOLD","PENDING_PARSE_AND_QA","gp4","0","0","LANGUAGE_UNVERIFIED","0","NO","NO","","English lyrics not established from available text | No usable chord symbols in extracted sheet | Tab-only or empty extracted sheet","a8f9a577f80481a730f6024d7d732e51ca334e803c1d073c2cfeab16393d6672","GuitarPro_Tabs/Def Leppard - Heaven Is.gp4"
"386","Def Leppard","High N Dry (solo)","EXISTING_DUPLICATE","EXISTING","PENDING_PARSE_AND_QA","gp3","3","0","LANGUAGE_UNVERIFIED","0","NO","YES","Em no 3rd","Existing artist/song or title variant — leave current song unchanged | Possible existing song or alternate title: Def Leppard — High 'n' Dry (Saturday Night) | May be a medley, fragment or exercise; full-song identity needs confirmation. | English lyrics not established from available text | Locked renderer has no chord shape for: Em no 3rd | Tab-only or empty extracted sheet","fdecd471cafa2d190afa699df0ef4f070d48478013e2383448ed979310a69ef8","GuitarPro_Tabs/Def Leppard - High N Dry (solo).gp3"
"387","Def Leppard","Let It Go (solo)","EXISTING_DUPLICATE","EXISTING","PENDING_PARSE_AND_QA","gp3","2","0","LANGUAGE_UNVERIFIED","0","NO","NO","","Existing artist/song or title variant — leave current song unchanged | Possible existing song or alternate title: Def Leppard — Let It Go | May be a medley, fragment or exercise; full-song identity needs confirmation. | English lyrics not established from available text | Tab-only or empty extracted sheet","37d293bba9eef40ded8835f49bd6a51e1fcf0de601dbafdcebba7dd619dd6a49","GuitarPro_Tabs/Def Leppard - Let It Go (solo).gp3"
"388","Def Leppard","Promises","TAB_ONLY_OR_EMPTY","HOLD","PENDING_PARSE_AND_QA","gp3","0","0","LANGUAGE_UNVERIFIED","0","NO","NO","","English lyrics not established from available text | No usable chord symbols in extracted sheet | Tab-only or empty extracted sheet","2263e5dd2da2956cdd1e4658428d1461984f4c5e2013519f72016760a06fe464","GuitarPro_Tabs/Def Leppard - Promises.gp3"
"389","Def Leppard","Ring of Fire","TAB_ONLY_OR_EMPTY","HOLD","PENDING_PARSE_AND_QA","gp3","0","0","LANGUAGE_UNVERIFIED","0","NO","NO","","English lyrics not established from available text | No usable chord symbols in extracted sheet | Tab-only or empty extracted sheet","7e697e3cad93dd3833b9900346a22ae28db387b0e1034d61426cc6c7ff7646d9","GuitarPro_Tabs/Def Leppard - Ring of Fire.gp3"
"390","Def Leppard","rock of ages","REVIEWABLE_CHORD_SHEET","REVIEWABLE","PENDING_PARSE_AND_QA","gpx","7","304","ENGLISH_TEXT_CHECK_PASS","0","NO","NO","","","1f7681ff00a4935ae4117da9767f28451dc07f72ab4f1cb114cd76786963e36a","Ultimate Guitar com PRO Tabs Site Rip GPX/d/def_leppard_1634/def-leppard_rock-of-ages-official-2660685.gpx"
"391","Def Leppard","switch 625","TAB_ONLY_OR_EMPTY","HOLD","PENDING_PARSE_AND_QA","gpx","5","0","LANGUAGE_UNVERIFIED","0","NO","NO","","English lyrics not established from available text | Tab-only or empty extracted sheet","38425f4da46c68bb70eac815678fddb492f7abf300f7d0ddc98529f6de094579","Ultimate Guitar com PRO Tabs Site Rip GPX/d/def_leppard_1634/def-leppard_switch-625-official-3414848.gpx"
"392","Def Leppard","Tonight","TAB_ONLY_OR_EMPTY","HOLD","PENDING_PARSE_AND_QA","gp4","0","0","LANGUAGE_UNVERIFIED","0","NO","NO","","English lyrics not established from available text | No usable chord symbols in extracted sheet | Tab-only or empty extracted sheet","0a5fe7f51c2795f4909b2f0d492f9edf99dbecd24437f11d8cd292b2a16fb7e2","GuitarPro_Tabs/Def Leppard - Tonight.gp4"
"393","Def Leppard","Two Steps Behind (Acoustic Version)","EXISTING_DUPLICATE","EXISTING","PENDING_PARSE_AND_QA","gp3","7","0","LANGUAGE_UNVERIFIED","0","NO","NO","","Existing artist/song or title variant — leave current song unchanged | Possible existing song or alternate title: Def Leppard — Two Steps Behind | English lyrics not established from available text | Tab-only or empty extracted sheet","d98c45744b18592427860b747f1747af03421935c85c72ef3a826b83ee8fa39e","GuitarPro_Tabs/Def Leppard - Two Steps Behind (Acoustic Version).gp3"
"394","Def Leppard","When Love and Hate Collide","TAB_ONLY_OR_EMPTY","HOLD","PENDING_PARSE_AND_QA","gp3","0","0","LANGUAGE_UNVERIFIED","0","NO","NO","","English lyrics not established from available text | No usable chord symbols in extracted sheet | Tab-only or empty extracted sheet","be818b966214e8c40468ae79777d2a4ef59246fdf4c84570f585ca229ed6b294","GuitarPro_Tabs/Def Leppard - When Love and Hate Collide.gp3"
"395","Del Shannon","broken promises","TRANSPOSE_FAILURE","HOLD","PENDING_PARSE_AND_QA","gpx","8","138","ENGLISH_TEXT_CHECK_PASS","23","NO","YES","","Exact locked transposer fails required round-trip or slash-bass preservation","0d078310d050d5f6140f9dd3f56e08da8b8d12436c61b928458f2f52a1db128f","Ultimate Guitar com PRO Tabs Site Rip GPX/d/del_shannon_11308/del-shannon_broken-promises-official-2329875.gpx"
"396","Depeche Mode","Barrel Of A Gun","TAB_ONLY_OR_EMPTY","HOLD","PENDING_PARSE_AND_QA","gp3","0","0","LANGUAGE_UNVERIFIED","0","NO","NO","","English lyrics not established from available text | No usable chord symbols in extracted sheet | Tab-only or empty extracted sheet","1cde3b7739cbcb8aad24209286f0a09c595b5c69fba5c339b65f3235d8f01b1a","GuitarPro_Tabs/Depeche Mode - Barrel Of A Gun.gp3"
"397","Depeche Mode","Black Celebration","TAB_ONLY_OR_EMPTY","HOLD","PENDING_PARSE_AND_QA","gp3","0","0","LANGUAGE_UNVERIFIED","0","NO","NO","","English lyrics not established from available text | No usable chord symbols in extracted sheet | Tab-only or empty extracted sheet","a2ceecd9bc1f90e4789b6b2b25a9133f17c0a66e2bab42e037345f9b6289f987","GuitarPro_Tabs/Depeche Mode - Black Celebration.gp3"
"398","Depeche Mode","Blasphemous Rumours","TAB_ONLY_OR_EMPTY","HOLD","PENDING_PARSE_AND_QA","gp3","0","0","LANGUAGE_UNVERIFIED","0","NO","NO","","English lyrics not established from available text | No usable chord symbols in extracted sheet | Tab-only or empty extracted sheet","ee8559b0db018de8d47b030220bb73b13be0bba9e0a38311c4b26c93669e9bd0","GuitarPro_Tabs/Depeche Mode - Blasphemous Rumours.gp3"
"399","Depeche Mode","Everything Counts","TAB_ONLY_OR_EMPTY","HOLD","PENDING_PARSE_AND_QA","gp3","0","0","LANGUAGE_UNVERIFIED","0","NO","NO","","English lyrics not established from available text | No usable chord symbols in extracted sheet | Tab-only or empty extracted sheet","9e4d1629aa48b82e3a7420da95fdbfdab26149c6fae269802b95b737fb594902","GuitarPro_Tabs/Depeche Mode - Everything Counts.gp3"
"400","Depeche Mode","Fly On The Windscreen (2)","TAB_ONLY_OR_EMPTY","HOLD","PENDING_PARSE_AND_QA","gp3","0","0","LANGUAGE_UNVERIFIED","0","NO","NO","","English lyrics not established from available text | No usable chord symbols in extracted sheet | Tab-only or empty extracted sheet","0381a9fa6eecc58a27cc1400ec36e24506927290094418fbe95fa25241734030","GuitarPro_Tabs/Depeche Mode - Fly On The Windscreen (2).gp3"
"401","Depeche Mode","Freestate","TAB_ONLY_OR_EMPTY","HOLD","PENDING_PARSE_AND_QA","gp4","0","0","LANGUAGE_UNVERIFIED","0","NO","NO","","English lyrics not established from available text | No usable chord symbols in extracted sheet | Tab-only or empty extracted sheet","8426cc18511e88ec38e282269eadc2eb0a031f3315dfc4bf0ce76d369c8a1145","GuitarPro_Tabs/Depeche Mode - Freestate.gp4"
"402","Depeche Mode","In Your Room","TAB_ONLY_OR_EMPTY","HOLD","PENDING_PARSE_AND_QA","gp3","0","0","LANGUAGE_UNVERIFIED","0","NO","NO","","English lyrics not established from available text | No usable chord symbols in extracted sheet | Tab-only or empty extracted sheet","2deec654d538211670097c1d4c477b03157ccb9f15f13253da1bc3d22ad5cf3c","GuitarPro_Tabs/Depeche Mode - In Your Room.gp3"
"403","Depeche Mode","It`s No Good","TAB_ONLY_OR_EMPTY","HOLD","PENDING_PARSE_AND_QA","gp3","0","0","LANGUAGE_UNVERIFIED","0","NO","NO","","English lyrics not established from available text | No usable chord symbols in extracted sheet | Tab-only or empty extracted sheet","a945eaac38f03419ac68f2a9b75585654b6aa5935a2fdba8f71da43c32fb0675","GuitarPro_Tabs/Depeche Mode - It`s No Good.gp3"
"404","Depeche Mode","Master","TAB_ONLY_OR_EMPTY","HOLD","PENDING_PARSE_AND_QA","gp3","0","0","LANGUAGE_UNVERIFIED","0","NO","NO","","English lyrics not established from available text | No usable chord symbols in extracted sheet | Tab-only or empty extracted sheet","7a7861fd5971e111ebbe329f85a45b7db504219c361d48e8baa0548ca5f67691","GuitarPro_Tabs/Depeche Mode - Master.gp3"
"405","Depeche Mode","never let me down again","REVIEWABLE_CHORD_SHEET","REVIEWABLE","PENDING_PARSE_AND_QA","gpx","10","244","ENGLISH_TEXT_CHECK_PASS","0","YES","NO","","","3cc243c8e6c9a0920fe4ec63ad96d4ce9b98731f95c2f8a95d187ec058dfccd6","Ultimate Guitar com PRO Tabs Site Rip GPX/d/depeche_mode_1622/depeche-mode_never-let-me-down-again-official-2776327.gpx"
"406","Depeche Mode","Photographic","TAB_ONLY_OR_EMPTY","HOLD","PENDING_PARSE_AND_QA","gp3","0","0","LANGUAGE_UNVERIFIED","0","NO","NO","","English lyrics not established from available text | No usable chord symbols in extracted sheet | Tab-only or empty extracted sheet","692dfb131864dc258d5a49f964651c3420f5389af19e477ad21c3e79ea5773a2","GuitarPro_Tabs/Depeche Mode - Photographic.gp3"
"407","Depeche Mode","policy of truth","REVIEWABLE_CHORD_SHEET","REVIEWABLE","PENDING_PARSE_AND_QA","gpx","7","293","ENGLISH_TEXT_CHECK_PASS","0","NO","YES","","","6cd93106b9b2957644dcd60c5878ee2eff35f3047ee66bef45861927116b4119","Ultimate Guitar com PRO Tabs Site Rip GPX/d/depeche_mode_1622/depeche-mode_policy-of-truth-official-3793265.gpx"
"408","Depeche Mode","Puppets","TAB_ONLY_OR_EMPTY","HOLD","PENDING_PARSE_AND_QA","gp3","0","0","LANGUAGE_UNVERIFIED","0","NO","NO","","English lyrics not established from available text | No usable chord symbols in extracted sheet | Tab-only or empty extracted sheet","ddd11b8ae2a438163076bfcd13bf88cb0d29b15c455eb90fa6ada64f4f01b569","GuitarPro_Tabs/Depeche Mode - Puppets.gp3"
"409","Depeche Mode","Shake The Disease","TAB_ONLY_OR_EMPTY","HOLD","PENDING_PARSE_AND_QA","gp3","0","0","LANGUAGE_UNVERIFIED","0","NO","NO","","English lyrics not established from available text | No usable chord symbols in extracted sheet | Tab-only or empty extracted sheet","7bc9c8b64b542bba3146d64cab23dcdbe878015be603c7304f4bdf2c945489e0","GuitarPro_Tabs/Depeche Mode - Shake The Disease.gp3"
"410","Depeche Mode","Strangelove","TAB_ONLY_OR_EMPTY","HOLD","PENDING_PARSE_AND_QA","gp3","0","0","LANGUAGE_UNVERIFIED","0","NO","NO","","English lyrics not established from available text | No usable chord symbols in extracted sheet | Tab-only or empty extracted sheet","0091cc434063fa1175de172ea813db178c25a9472b2bc3fa8f6790b521e07db0","GuitarPro_Tabs/Depeche Mode - Strangelove.gp3"
"411","Depeche Mode","Stripped","TAB_ONLY_OR_EMPTY","HOLD","PENDING_PARSE_AND_QA","gp3","0","0","LANGUAGE_UNVERIFIED","0","NO","NO","","English lyrics not established from available text | No usable chord symbols in extracted sheet | Tab-only or empty extracted sheet","7680585754c268ad81e1ef1b67a5f93ca2eca3b907eb44c3548d92bfd508cc17","GuitarPro_Tabs/Depeche Mode - Stripped.gp3"
"412","Depeche Mode","The Things You Said","TAB_ONLY_OR_EMPTY","HOLD","PENDING_PARSE_AND_QA","gp3","0","0","LANGUAGE_UNVERIFIED","0","NO","NO","","English lyrics not established from available text | No usable chord symbols in extracted sheet | Tab-only or empty extracted sheet","463f6c2f7a1980ba75e0d01ae44c4fdf685ded3fc01038329a2c4b87e5793449","GuitarPro_Tabs/Depeche Mode - The Things You Said.gp3"
"413","Depeche Mode","Useless","TAB_ONLY_OR_EMPTY","HOLD","PENDING_PARSE_AND_QA","gp4","0","0","LANGUAGE_UNVERIFIED","0","NO","NO","","English lyrics not established from available text | No usable chord symbols in extracted sheet | Tab-only or empty extracted sheet","9c3b82b08d5c306059711c122444b821c3788fd085e100cb1ff068c1ce598b5e","GuitarPro_Tabs/Depeche Mode - Useless.gp4"
"414","Derek and the Dominos","Bell Bottom Blues","EXISTING_DUPLICATE","EXISTING","SKIPPED_ALREADY_CURRENT","gpx","10","387","ENGLISH_TEXT_CHECK_PASS","0","YES","NO","","Existing artist/song or title variant — leave current song unchanged","a08d4540600d7ec55c9076ca6af336bbc14a094b2e6e7937c27c3671ae5e12ad","Ultimate Guitar com PRO Tabs Site Rip GPX/d/derek_and_the_dominos_1560/derek-and-the-dominos_bell-bottom-blues-official-2838650.gpx"
"415","Derek and the Dominos","key to the highway","TRANSPOSE_FAILURE","HOLD","PENDING_PARSE_AND_QA","gpx","4","180","ENGLISH_TEXT_CHECK_PASS","22","NO","NO","","Exact locked transposer fails required round-trip or slash-bass preservation","b8e25af8aebce7e51902faf91658887d6b00a473d23ef831b5aba42e18ef241f","Ultimate Guitar com PRO Tabs Site Rip GPX/d/derek_and_the_dominos_1560/derek-and-the-dominos_key-to-the-highway-official-3193112.gpx"
"416","Derek and the Dominos","nobody knows you when youre down and out","TRANSPOSE_FAILURE","HOLD","PENDING_PARSE_AND_QA","gpx","11","204","ENGLISH_TEXT_CHECK_PASS","45","YES","YES","","Exact locked transposer fails required round-trip or slash-bass preservation","b7cb2b788106f80e0cce87de4548461cf20556c1e37423008ef8279d53626b32","Ultimate Guitar com PRO Tabs Site Rip GPX/d/derek_and_the_dominos_1560/derek-and-the-dominos_nobody-knows-you-when-youre-down-and-out-official-2612040.gpx"
"417","Diana Ross","im coming out","REVIEWABLE_CHORD_SHEET","REVIEWABLE","PENDING_PARSE_AND_QA","gpx","5","382","ENGLISH_TEXT_CHECK_PASS","0","NO","NO","","","aa171d8448cc8b3b1b8e8c9574f552f34eaa2c57b0348b34526241bf157782c7","Ultimate Guitar com PRO Tabs Site Rip GPX/d/diana_ross_9653/diana-ross_im-coming-out-official-3366611.gpx"
"418","Dick Dale","hava nagila","TAB_ONLY_OR_EMPTY","HOLD","PENDING_PARSE_AND_QA","gpx","2","0","LANGUAGE_UNVERIFIED","0","NO","NO","","Parsed title disagrees with proposal title | English lyrics not established from available text | Tab-only or empty extracted sheet","32e8223a771daf84ad2bd685ebba4ca1be01208c55ea6f01642f64bf2fc71461","Ultimate Guitar com PRO Tabs Site Rip GPX/d/dick_dale_4897/dick-dale_hava-nagila-official-2254109.gpx"
"419","Dick Dale","misirlou","TAB_ONLY_OR_EMPTY","HOLD","PENDING_PARSE_AND_QA","gpx","4","0","LANGUAGE_UNVERIFIED","0","NO","NO","","English lyrics not established from available text | Tab-only or empty extracted sheet","2850850526b274f19baa8c00af7dbd8b3dfcfdbabd6ef5aa415051e448f53bf6","Ultimate Guitar com PRO Tabs Site Rip GPX/d/dick_dale_4897/dick-dale_misirlou-official-1962867.gpx"
"420","Dion & The Belmonts","Runaround Sue","EXISTING_DUPLICATE","EXISTING","SKIPPED_ALREADY_CURRENT","gpx","5","295","ENGLISH_TEXT_CHECK_PASS","0","NO","NO","","Existing artist/song or title variant — leave current song unchanged | Possible existing song or alternate title: Dion — Runaround Sue","121194e587ba575b417bd653f17ba598ef83125ff1208bcd703ef7d3819595a0","Ultimate Guitar com PRO Tabs Site Rip GPX/d/dion_4914/dion_runaround-sue-official-2535177.gpx"
"421","Dion & The Belmonts","The Wanderer","EXISTING_DUPLICATE","EXISTING","SKIPPED_ALREADY_CURRENT","gpx","5","382","ENGLISH_TEXT_CHECK_PASS","0","NO","NO","","Existing artist/song or title variant — leave current song unchanged | Possible existing song or alternate title: Dion — The Wanderer","4e89b0559d2507b4662bf8fc970c8f9fb43ea68fb71728fadb1309f4604b5007","Ultimate Guitar com PRO Tabs Site Rip GPX/d/dion_4914/dion_the-wanderer-official-2700585.gpx"
"422","Dolly Parton","i will always love you","TRANSPOSE_FAILURE","HOLD","PENDING_PARSE_AND_QA","gpx","5","137","ENGLISH_TEXT_CHECK_PASS","23","NO","YES","","Exact locked transposer fails required round-trip or slash-bass preservation","984525a246d146debea9af95d4bb89627a054d935bc84fbc3c5b8c2862d7c98d","Ultimate Guitar com PRO Tabs Site Rip GPX/d/dolly_parton_11081/dolly-parton_i-will-always-love-you-official-3774965.gpx"
"423","Dolly Parton","jolene","REVIEWABLE_CHORD_SHEET","REVIEWABLE","PENDING_PARSE_AND_QA","gpx","3","266","ENGLISH_TEXT_CHECK_PASS","0","NO","NO","","","b507e89561babbbdca2a68f68eba3b481e8d5f950ca12bb37c9080c89f0dd17f","Ultimate Guitar com PRO Tabs Site Rip GPX/d/dolly_parton_11081/dolly-parton_jolene-official-2401563.gpx"
"424","Dolly Parton","kenny rogers islands in the stream","REVIEWABLE_CHORD_SHEET","REVIEWABLE","PENDING_PARSE_AND_QA","gpx","10","435","ENGLISH_TEXT_CHECK_PASS","0","YES","NO","","","4b5fed96c58053fe34d99a97835b855a21d8cee146446f7264cd1daf0166606f","Ultimate Guitar com PRO Tabs Site Rip GPX/d/dolly_parton_11081/kenny-rogers_islands-in-the-stream-official-3247814.gpx"
"425","Don Henley","the heart of the matter","TRANSPOSE_FAILURE","HOLD","PENDING_PARSE_AND_QA","gpx","11","516","ENGLISH_TEXT_CHECK_PASS","46","YES","YES","","Exact locked transposer fails required round-trip or slash-bass preservation","580f653b37860d21ce8e6185e0b070b43c267e2ecbff4eff07e4b95d476bce25","Ultimate Guitar com PRO Tabs Site Rip GPX/d/don_henley_10510/don-henley_the-heart-of-the-matter-official-3189935.gpx"
"426","Dropkick Murphys","Heroes From Our Past","TAB_ONLY_OR_EMPTY","HOLD","PENDING_PARSE_AND_QA","gp3","0","0","LANGUAGE_UNVERIFIED","0","NO","NO","","English lyrics not established from available text | No usable chord symbols in extracted sheet | Tab-only or empty extracted sheet","d8fbea984a225a86967d96c72773b2ee082607db7913a310b40c52ea55579ccd","GuitarPro_Tabs/Dropkick Murphys - Heroes From Our Past.gp3"
"427","Earth Wind Fire","boogie wonderland","REVIEWABLE_CHORD_SHEET","REVIEWABLE","PENDING_PARSE_AND_QA","gpx","8","328","ENGLISH_TEXT_CHECK_PASS","0","NO","YES","","","27938e8a4e346ec6a5905e9ac18654b0f72cbe9ab685c6cd6814c1aac663d15d","Ultimate Guitar com PRO Tabs Site Rip GPX/e/earth_wind_fire_1485/earth-wind-fire_boogie-wonderland-official-3317654.gpx"
"428","Earth Wind Fire","Let's groove","EXISTING_DUPLICATE","EXISTING","SKIPPED_ALREADY_CURRENT","gpx","10","488","ENGLISH_TEXT_CHECK_PASS","23","YES","YES","","Existing artist/song or title variant — leave current song unchanged | Exact locked transposer fails required round-trip or slash-bass preservation","aa2b4e25ad6c0f305260956c797d1e53f04d7984fb3c5fb87aa464b70f53cfff","Ultimate Guitar com PRO Tabs Site Rip GPX/e/earth_wind_fire_1485/earth-wind-fire_lets-groove-official-3316205.gpx"
"429","Earth Wind Fire","September","EXISTING_DUPLICATE","EXISTING","SKIPPED_ALREADY_CURRENT","gpx","8","295","ENGLISH_TEXT_CHECK_PASS","46","NO","YES","","Existing artist/song or title variant — leave current song unchanged | Exact locked transposer fails required round-trip or slash-bass preservation","bfb15a937fa99fbab22838a5a7065ce92fee401facb98d31b5f3675e2a162e38","Ultimate Guitar com PRO Tabs Site Rip GPX/e/earth_wind_fire_1485/earth-wind-fire_september-official-2467028.gpx"
"430","Earth Wind Fire","Shining Star","EXISTING_DUPLICATE","EXISTING","SKIPPED_ALREADY_CURRENT","gpx","15","266","ENGLISH_TEXT_CHECK_PASS","68","YES","YES","","Existing artist/song or title variant — leave current song unchanged | Exact locked transposer fails required round-trip or slash-bass preservation","cc872fa1e4dd41f77d858e76387aa5043c9db89dffd966ceda29cfb7230d524c","Ultimate Guitar com PRO Tabs Site Rip GPX/e/earth_wind_fire_1485/earth-wind-fire_shining-star-official-2732244.gpx"
"431","Echo And The Bunnymen","the killing moon","TRANSPOSE_FAILURE","HOLD","PENDING_PARSE_AND_QA","gpx","6","285","ENGLISH_TEXT_CHECK_PASS","23","NO","YES","","Exact locked transposer fails required round-trip or slash-bass preservation","61daa9d1f29e8aeb25aa85c41b3745fe9378114d8f86c4afcd018485a095abad","Ultimate Guitar com PRO Tabs Site Rip GPX/e/echo_the_bunnymen_5011/echo-the-bunnymen_the-killing-moon-official-2932670.gpx"
"432","Eddie Money","shakin","REVIEWABLE_CHORD_SHEET","REVIEWABLE","PENDING_PARSE_AND_QA","gpx","3","281","ENGLISH_TEXT_CHECK_PASS","0","NO","NO","","","a3a7db6998a3e9a4f474457e3a27c7b12d4be194da09e1c141c66b16670de8c9","Ultimate Guitar com PRO Tabs Site Rip GPX/e/eddie_money_10948/eddie-money_shakin-official-3828596.gpx"
"433","Eddie Money","two tickets to paradise","REVIEWABLE_CHORD_SHEET","REVIEWABLE","PENDING_PARSE_AND_QA","gpx","3","241","ENGLISH_TEXT_CHECK_PASS","0","NO","NO","","","9ed1496645a6d4f37dec170ac9537a44afd2651a85e7f314e7b7fe1628790c7c","Ultimate Guitar com PRO Tabs Site Rip GPX/e/eddie_money_10948/eddie-money_two-tickets-to-paradise-official-2945942.gpx"
"434","Elton John","bennie and the jets","TRANSPOSE_FAILURE","HOLD","PENDING_PARSE_AND_QA","gpx","12","424","ENGLISH_TEXT_CHECK_PASS","23","YES","YES","","Exact locked transposer fails required round-trip or slash-bass preservation","2118549fd7f1fb9a05fb331abd2cdbc5a525592fd0e7f7a3b57fed1feba40e30","Ultimate Guitar com PRO Tabs Site Rip GPX/e/elton_john_10605/elton-john_bennie-and-the-jets-official-2220395.gpx"
"435","Elton John","daniel","IDENTITY_DIAGRAM_OR_OTHER_HOLD","HOLD","PENDING_PARSE_AND_QA","gpx","9","240","ENGLISH_TEXT_CHECK_PASS","0","YES","NO","","Parsed title disagrees with proposal title","a42dad3f4621b6771a6a98d3fc4a2bdc25ae9550ac6a617bd8bcdcdb91c2aa4a","Ultimate Guitar com PRO Tabs Site Rip GPX/e/elton_john_10605/elton-john_daniel-official-3013874.gpx"
"436","Elton John","dont go breaking my heart","REVIEWABLE_CHORD_SHEET","REVIEWABLE","PENDING_PARSE_AND_QA","gpx","9","443","ENGLISH_TEXT_CHECK_PASS","0","YES","NO","","","622be5ee1a204359294e379ff84c53e5daa751b52e31369454c0cc5f1f151729","Ultimate Guitar com PRO Tabs Site Rip GPX/e/elton_john_10605/elton-john_dont-go-breaking-my-heart-official-3107324.gpx"
"437","Elton John","misc cartoons the lion king circle of life","TRANSPOSE_FAILURE","HOLD","PENDING_PARSE_AND_QA","gpx","15","279","ENGLISH_TEXT_CHECK_PASS","138","YES","YES","","Exact locked transposer fails required round-trip or slash-bass preservation","c595e7b8853e31fed1d687d8078a93c30e8e4eaf4f939d2ac796e26e53d94b3b","Ultimate Guitar com PRO Tabs Site Rip GPX/e/elton_john_10605/misc-cartoons_the-lion-king-circle-of-life-official-3071333.gpx"
"438","Elton John","Song for a Guy","TAB_ONLY_OR_EMPTY","HOLD","PENDING_PARSE_AND_QA","gp3","0","0","LANGUAGE_UNVERIFIED","0","NO","NO","","English lyrics not established from available text | No usable chord symbols in extracted sheet | Tab-only or empty extracted sheet","a9755ef868278b71a63d0cfec4afecb680e6b16ccdb7215b7650c545507b8d86","GuitarPro_Tabs/Elton John - Song for a Guy.gp3"
"439","Elvis Costello","Pump It Up","EXISTING_DUPLICATE","EXISTING","SKIPPED_ALREADY_CURRENT","gpx","10","315","ENGLISH_TEXT_CHECK_PASS","66","YES","NO","","Existing artist/song or title variant — leave current song unchanged | Possible existing song or alternate title: Elvis Costello & The Attractions — Pump It Up | Exact locked transposer fails required round-trip or slash-bass preservation","f121ea34345e7202e4aa204f0ed69f822160c9cb2eede30f036fedfb8294ac18","Ultimate Guitar com PRO Tabs Site Rip GPX/e/elvis_costello_9099/elvis-costello_pump-it-up-official-3058996.gpx"
"440","Elvis Presley","all shook up","REVIEWABLE_CHORD_SHEET","REVIEWABLE","PENDING_PARSE_AND_QA","gpx","3","292","ENGLISH_TEXT_CHECK_PASS","0","NO","NO","","","4c27d9b0f85860669a36c7aa5acf38f745fc9529e7322d06c220153edf7996a7","Ultimate Guitar com PRO Tabs Site Rip GPX/e/elvis_presley_11125/elvis-presley_all-shook-up-official-2138549.gpx"
"441","Elvis Presley","blue christmas","TRANSPOSE_FAILURE","HOLD","PENDING_PARSE_AND_QA","gpx","8","104","ENGLISH_TEXT_CHECK_PASS","22","NO","NO","","Exact locked transposer fails required round-trip or slash-bass preservation","8a3fc7744a7c504e4a977cd58746bc91b33ce4c857cb24a114ff4a5f7eab3da0","Ultimate Guitar com PRO Tabs Site Rip GPX/e/elvis_presley_11125/elvis-presley_blue-christmas-official-2148563.gpx"
"442","Elvis Presley","burning love","REVIEWABLE_CHORD_SHEET","REVIEWABLE","PENDING_PARSE_AND_QA","gpx","4","268","ENGLISH_TEXT_CHECK_PASS","0","NO","NO","","","f70bd7fe87a195071a7ee9c93e5be24650c84d0882dfa886e0845cdf2debccc9","Ultimate Guitar com PRO Tabs Site Rip GPX/e/elvis_presley_11125/elvis-presley_burning-love-official-2471560.gpx"
"443","Elvis Presley","dont be cruel","REVIEWABLE_CHORD_SHEET","REVIEWABLE","PENDING_PARSE_AND_QA","gpx","5","227","ENGLISH_TEXT_CHECK_PASS","0","NO","YES","","","bb792e282acadb5b9cc6133fd6fea3b445a9f7c2421edd46bb2421bf1da99e19","Ultimate Guitar com PRO Tabs Site Rip GPX/e/elvis_presley_11125/elvis-presley_dont-be-cruel-official-2141153.gpx"
"444","Elvis Presley","let me be your teddy bear","REVIEWABLE_CHORD_SHEET","REVIEWABLE","PENDING_PARSE_AND_QA","gpx","4","203","ENGLISH_TEXT_CHECK_PASS","0","NO","YES","","","319f00fbd3f02ed329d25b7be8a99ee1908b0630d3856e0b5786212689f8bd20","Ultimate Guitar com PRO Tabs Site Rip GPX/e/elvis_presley_11125/elvis-presley_let-me-be-your-teddy-bear-official-1977277.gpx"
"445","Emerson, Lake & Palmer","The Sage","TAB_ONLY_OR_EMPTY","HOLD","PENDING_PARSE_AND_QA","gp3","0","0","LANGUAGE_UNVERIFIED","0","NO","NO","","English lyrics not established from available text | No usable chord symbols in extracted sheet | Tab-only or empty extracted sheet","184f577256b0f673ea3318cc492846b687575f078cead04e16df4a51507eed5f","GuitarPro_Tabs/Emerson Lake & Palmer - The Sage.gp3"
"446","Eminem","farewell","REVIEWABLE_CHORD_SHEET","REVIEWABLE","PENDING_PARSE_AND_QA","gpx","3","888","ENGLISH_TEXT_CHECK_PASS","0","NO","NO","","","d12b5b7427552557b6f210183ebc7f0c5f6cea7c9ccc1ab1222d38ea356d40e9","Ultimate Guitar com PRO Tabs Site Rip GPX/e/eminem_1500/eminem_farewell-official-3113963.gpx"
"447","Eminem","Forgot About Dre","TAB_ONLY_OR_EMPTY","HOLD","PENDING_PARSE_AND_QA","gp3","0","0","LANGUAGE_UNVERIFIED","0","NO","NO","","English lyrics not established from available text | No usable chord symbols in extracted sheet | Tab-only or empty extracted sheet","cb0263d3e3f578934f68350a1449e5c2f48c755812511b5c9c08eeffd4a87003","GuitarPro_Tabs/Eminem - Forgot About Dre.gp3"
"448","Eminem","Guilty Conscience","TAB_ONLY_OR_EMPTY","HOLD","PENDING_PARSE_AND_QA","gp3","0","0","LANGUAGE_UNVERIFIED","0","NO","NO","","English lyrics not established from available text | No usable chord symbols in extracted sheet | Tab-only or empty extracted sheet","807dc8e75b8e329e3ae0210c24a0b4c17eaf60fefb79b73fe0dc26653f0fdf97","GuitarPro_Tabs/Eminem - Guilty Conscience.gp3"
"449","Eminem","I Think My Dads Gone Crazy","TAB_ONLY_OR_EMPTY","HOLD","PENDING_PARSE_AND_QA","gp3","0","0","LANGUAGE_UNVERIFIED","0","NO","NO","","English lyrics not established from available text | No usable chord symbols in extracted sheet | Tab-only or empty extracted sheet","d2909b4bf0981eb8800c83f8b528f314a93f5ca9d52d23202e10fc60b5cc119a","GuitarPro_Tabs/Eminem - I Think My Dads Gone Crazy.gp3"
"450","Eminem","Lose Yourself (intro)","EXISTING_DUPLICATE","EXISTING","PENDING_PARSE_AND_QA","gp3","0","0","LANGUAGE_UNVERIFIED","0","NO","NO","","Existing artist/song or title variant — leave current song unchanged | Possible existing song or alternate title: Eminem — Lose Yourself | May be a medley, fragment or exercise; full-song identity needs confirmation. | English lyrics not established from available text | No usable chord symbols in extracted sheet | Tab-only or empty extracted sheet","1df98d04d80934057e54fab2b65e916d77cf1c3313def4958936419b7409b79f","GuitarPro_Tabs/Eminem - Lose Yourself (intro).gp3"
"451","Eminem","Love the Way You Lie","EXISTING_DUPLICATE","EXISTING","SKIPPED_ALREADY_CURRENT","gpx","4","849","ENGLISH_TEXT_CHECK_PASS","23","NO","YES","","Existing artist/song or title variant — leave current song unchanged | Possible existing song or alternate title: Eminem feat. Rihanna — Love the Way You Lie | Exact locked transposer fails required round-trip or slash-bass preservation","6c5b95ffbb95327a1b3e56567b4afa23d9311e5fe1bfddacbff2e62679f8994e","Ultimate Guitar com PRO Tabs Site Rip GPX/e/eminem_1500/eminem_love-the-way-you-lie-official-2506947.gpx"
"452","Eminem","My Name Is","TAB_ONLY_OR_EMPTY","HOLD","PENDING_PARSE_AND_QA","gp3","0","0","LANGUAGE_UNVERIFIED","0","NO","NO","","English lyrics not established from available text | No usable chord symbols in extracted sheet | Tab-only or empty extracted sheet","659859ea18a73a8aa482659514fc1c96440a003c5850da4d3f6f6880b1b68948","GuitarPro_Tabs/Eminem - My Name Is.gp3"
"453","Eminem","Real Slim Shady","TAB_ONLY_OR_EMPTY","HOLD","PENDING_PARSE_AND_QA","gp4","0","0","LANGUAGE_UNVERIFIED","0","NO","NO","","Similar proposed title also exists in this queue; choose at most one after identity review. | English lyrics not established from available text | No usable chord symbols in extracted sheet | Tab-only or empty extracted sheet","b37fc348a9db8ae63abed083f9ecc9c48956ac33c635c2ba9f012d9757fe45fe","GuitarPro_Tabs/Eminem - Real Slim Shady.gp4"
"454","Eminem","Role Model (2)","TAB_ONLY_OR_EMPTY","HOLD","PENDING_PARSE_AND_QA","gp4","0","0","LANGUAGE_UNVERIFIED","0","NO","NO","","English lyrics not established from available text | No usable chord symbols in extracted sheet | Tab-only or empty extracted sheet","0bc0b3d40d16f1d2bde65fc7ebcfe28b97e93f68a344f36731cabb0f451f8c8c","GuitarPro_Tabs/Eminem - Role Model (2).gp4"
"455","Eminem","Sing For The Moment (Solo) (2)","TAB_ONLY_OR_EMPTY","HOLD","PENDING_PARSE_AND_QA","gp4","0","0","LANGUAGE_UNVERIFIED","0","NO","NO","","May be a medley, fragment or exercise; full-song identity needs confirmation. | English lyrics not established from available text | No usable chord symbols in extracted sheet | Tab-only or empty extracted sheet","3abf6fb76fa47dc49646e675ad5a0f6487d970284211d46e13f39d02f5988c3d","GuitarPro_Tabs/Eminem - Sing For The Moment (Solo) (2).gp4"
"456","Eminem","Stan","TAB_ONLY_OR_EMPTY","HOLD","PENDING_PARSE_AND_QA","gp3","0","0","LANGUAGE_UNVERIFIED","0","NO","NO","","English lyrics not established from available text | No usable chord symbols in extracted sheet | Tab-only or empty extracted sheet","c510796c177b0497f7261143be3d251729104415e2b3a95e42139c5bb22f96b2","GuitarPro_Tabs/Eminem - Stan.gp3"
"457","Eminem","Superman","TAB_ONLY_OR_EMPTY","HOLD","PENDING_PARSE_AND_QA","gp3","0","0","LANGUAGE_UNVERIFIED","0","NO","NO","","English lyrics not established from available text | No usable chord symbols in extracted sheet | Tab-only or empty extracted sheet","ed2e42c1d86973e3ba30d6d8d307bc514b25cd57f53ccecc25899cead0b1dc55","GuitarPro_Tabs/Eminem - Superman.gp3"
"458","Eminem","the real slim shady","TRANSPOSE_FAILURE","HOLD","PENDING_PARSE_AND_QA","gpx","4","1245","ENGLISH_TEXT_CHECK_PASS","23","NO","YES","","Similar proposed title also exists in this queue; choose at most one after identity review. | Exact locked transposer fails required round-trip or slash-bass preservation","36afbecc59dd75f9e1ac57199e2870d47b55d089e4634d7e179f73a476060bba","Ultimate Guitar com PRO Tabs Site Rip GPX/e/eminem_1500/eminem_the-real-slim-shady-official-3581294.gpx"
"459","Eminem","Till I collapse","EXISTING_DUPLICATE","EXISTING","SKIPPED_ALREADY_CURRENT","gpx","2","1018","ENGLISH_TEXT_CHECK_PASS","23","NO","YES","","Existing artist/song or title variant — leave current song unchanged | Possible existing song or alternate title: Eminem feat. Nate Dogg — Till I collapse | Exact locked transposer fails required round-trip or slash-bass preservation","7ddb9c9e457866affc442c57060ef48156e2084856ccdb7877d3a59c63f63b7f","Ultimate Guitar com PRO Tabs Site Rip GPX/e/eminem_1500/eminem_till-i-collapse-official-2610219.gpx"
"460","Eric Clapton","alberta","REVIEWABLE_CHORD_SHEET","REVIEWABLE","PENDING_PARSE_AND_QA","gpx","5","126","ENGLISH_TEXT_CHECK_PASS","0","NO","NO","","","3026eb9dc0c4d4cdaaa5d494d8519962fb11e9ccf9e143118c85542fdb4b7100","Ultimate Guitar com PRO Tabs Site Rip GPX/e/eric_clapton_8974/eric-clapton_alberta-official-3629576.gpx"
"461","Eric Clapton","bad love","REVIEWABLE_CHORD_SHEET","REVIEWABLE","PENDING_PARSE_AND_QA","gpx","10","240","ENGLISH_TEXT_CHECK_PASS","0","YES","NO","","","2eb8c91e6d2969bb64b2831ec380ece6fb8052261711e5c6355203e3bab9c44b","Ultimate Guitar com PRO Tabs Site Rip GPX/e/eric_clapton_8974/eric-clapton_bad-love-official-2981054.gpx"
"462","Eric Clapton","cocaine","REVIEWABLE_CHORD_SHEET","REVIEWABLE","PENDING_PARSE_AND_QA","gpx","4","120","ENGLISH_TEXT_CHECK_PASS","0","NO","NO","","","5153b8bd59dfbbbd8711fb0f3980bfef9bd7eee46f8801cb9941e97844064dd8","Ultimate Guitar com PRO Tabs Site Rip GPX/e/eric_clapton_8974/eric-clapton_cocaine-official-2092071.gpx"
"463","Eric Clapton","howlin wolf killing floor","REVIEWABLE_CHORD_SHEET","REVIEWABLE","PENDING_PARSE_AND_QA","gpx","3","224","ENGLISH_TEXT_CHECK_PASS","0","NO","NO","","","b7f772aa015d3426763d5e9f9d1a0d9129966088ecfd5e4feabf4809a49e1d22","Ultimate Guitar com PRO Tabs Site Rip GPX/e/eric_clapton_8974/howlin-wolf_killing-floor-official-3590405.gpx"
"464","Eric Clapton","layla","TRANSPOSE_FAILURE","HOLD","PENDING_PARSE_AND_QA","gpx","12","253","ENGLISH_TEXT_CHECK_PASS","22","YES","NO","","Exact locked transposer fails required round-trip or slash-bass preservation","1ef7e21ad3b0143d5765cf1e07b20da2a28fa5e9048a9ce03fab8d60718f0971","Ultimate Guitar com PRO Tabs Site Rip GPX/e/eric_clapton_8974/eric-clapton_layla-official-3551282.gpx"
"465","Eric Clapton","signe","TAB_ONLY_OR_EMPTY","HOLD","PENDING_PARSE_AND_QA","gpx","0","0","LANGUAGE_UNVERIFIED","0","NO","NO","","English lyrics not established from available text | No usable chord symbols in extracted sheet | Tab-only or empty extracted sheet","cb695310a124e5a3791518152d13717460c5852b291165e5d423151c96a47f6f","Ultimate Guitar com PRO Tabs Site Rip GPX/e/eric_clapton_8974/eric-clapton_signe-official-2883725.gpx"
"466","Eric Clapton","tulsa time","REVIEWABLE_CHORD_SHEET","REVIEWABLE","PENDING_PARSE_AND_QA","gpx","2","278","ENGLISH_TEXT_CHECK_PASS","0","NO","NO","","","1db0b7c2d6d2f9b6035726e17aa685423558868d3d586e62237be48e19ec413b","Ultimate Guitar com PRO Tabs Site Rip GPX/e/eric_clapton_8974/eric-clapton_tulsa-time-official-3340919.gpx"
"467","Eurythmics","When Tomorrow Comes","TAB_ONLY_OR_EMPTY","HOLD","PENDING_PARSE_AND_QA","gp3","5","0","LANGUAGE_UNVERIFIED","22","NO","NO","","English lyrics not established from available text | Tab-only or empty extracted sheet | Exact locked transposer fails required round-trip or slash-bass preservation","23cfb90003bff5fccf9263679279f2a32e0eb6cc0ec49bf32f8b9a879bbffa69","GuitarPro_Tabs/Eurythmics - When Tomorrow Comes.gp3"
"468","Everything But The Girl","Everything But The Girl","EXISTING_DUPLICATE","EXISTING","SKIPPED_ALREADY_CURRENT","gpx","5","278","ENGLISH_TEXT_CHECK_PASS","23","NO","YES","","Existing artist/song or title variant — leave current song unchanged | Title repeats the artist name; song identity needs confirmation. | Exact locked transposer fails required round-trip or slash-bass preservation","db93096b0f45d8f5512243ceac3c6ca3a770b39f3dc5ed200f07f33cfc3e848e","Ultimate Guitar com PRO Tabs Site Rip GPX/e/everything_but_the_girl_5091/everything-but-the-girl_language-of-life-official-2368531.gpx"
"469","Fitz And The Tantrum","out of my league","REVIEWABLE_CHORD_SHEET","REVIEWABLE","PENDING_PARSE_AND_QA","gpx","7","271","ENGLISH_TEXT_CHECK_PASS","0","NO","NO","","","7ad2a94df3ed634e1dd5344f73f76e6336f5b27aca441eec47f2196194de07d0","Ultimate Guitar com PRO Tabs Site Rip GPX/f/fitz_and_the_tantrums_32134/fitz-and-the-tantrums_out-of-my-league-official-3299501.gpx"
"470","Fleetwood Mac","albatross","TAB_ONLY_OR_EMPTY","HOLD","PENDING_PARSE_AND_QA","gpx","2","0","LANGUAGE_UNVERIFIED","0","NO","NO","","English lyrics not established from available text | Tab-only or empty extracted sheet","2b222a384fb782287270a46da9442e13abc549bb7a02c39f015041c558dc3ccb","Ultimate Guitar com PRO Tabs Site Rip GPX/f/fleetwood_mac_1442/fleetwood-mac_albatross-official-2152877.gpx"
"471","Fleetwood Mac","Big love","EXISTING_DUPLICATE","EXISTING","SKIPPED_ALREADY_CURRENT","gpx","9","98","ENGLISH_TEXT_CHECK_PASS","23","YES","YES","","Existing artist/song or title variant — leave current song unchanged | Exact locked transposer fails required round-trip or slash-bass preservation","e865d6a1db18d38acac032717684a15b59bcb83b4abd2fcbefa9ad96194b5927","Ultimate Guitar com PRO Tabs Site Rip GPX/f/fleetwood_mac_1442/lindsey-buckingham_big-love-official-2759346.gpx"
"472","Fleetwood Mac","black magic woman","REVIEWABLE_CHORD_SHEET","REVIEWABLE","PENDING_PARSE_AND_QA","gpx","6","210","ENGLISH_TEXT_CHECK_PASS","0","NO","NO","","","76d0eb17ad662980b8c34daf28cae5b1bd97948e7c477d772097af3ff1368e97","Ultimate Guitar com PRO Tabs Site Rip GPX/f/fleetwood_mac_1442/fleetwood-mac_black-magic-woman-official-2908712.gpx"
"473","Fleetwood Mac","dont stop","REVIEWABLE_CHORD_SHEET","REVIEWABLE","PENDING_PARSE_AND_QA","gpx","4","243","ENGLISH_TEXT_CHECK_PASS","0","NO","NO","","","6eb4abe6fa6d80510b3d96e2d97006ff8d9527da7773f43efb9e27e7a9d4ff91","Ultimate Guitar com PRO Tabs Site Rip GPX/f/fleetwood_mac_1442/fleetwood-mac_dont-stop-official-2673711.gpx"
"474","Fleetwood Mac","Dragonfly","TAB_ONLY_OR_EMPTY","HOLD","PENDING_PARSE_AND_QA","gp3","6","0","LANGUAGE_UNVERIFIED","0","NO","YES","","English lyrics not established from available text | Tab-only or empty extracted sheet","187790c162b10550d83653dd33b484fd97aa453c40abac836862df7d58a4af64","GuitarPro_Tabs/Fleetwood Mac - Dragonfly.gp3"
"475","Fleetwood Mac","gypsy","TRANSPOSE_FAILURE","HOLD","PENDING_PARSE_AND_QA","gpx","7","201","ENGLISH_TEXT_CHECK_PASS","23","NO","YES","","Exact locked transposer fails required round-trip or slash-bass preservation","ceb15d4ef473320ce6f1f57eca8cdd72f144902e268adba1c2f055604b5036da","Ultimate Guitar com PRO Tabs Site Rip GPX/f/fleetwood_mac_1442/fleetwood-mac_gypsy-official-2511078.gpx"
"476","Fleetwood Mac","i dont want to know","REVIEWABLE_CHORD_SHEET","REVIEWABLE","PENDING_PARSE_AND_QA","gpx","3","294","ENGLISH_TEXT_CHECK_PASS","0","NO","NO","","","70e27edbc42e0ed6ce36946b319d58da1dbe178b4ddeb084cfa07b94c3522d81","Ultimate Guitar com PRO Tabs Site Rip GPX/f/fleetwood_mac_1442/fleetwood-mac_i-dont-want-to-know-official-2808623.gpx"
"477","Fleetwood Mac","im so afraid","REVIEWABLE_CHORD_SHEET","REVIEWABLE","PENDING_PARSE_AND_QA","gpx","5","159","ENGLISH_TEXT_CHECK_PASS","0","NO","NO","","","0425f5d6ecb9b9b03073c5a03eb2ba7eb31756fa30f1c24a7bddf344e575300c","Ultimate Guitar com PRO Tabs Site Rip GPX/f/fleetwood_mac_1442/fleetwood-mac_im-so-afraid-official-3574013.gpx"
"478","Fleetwood Mac","Landslide (Live Version)","EXISTING_DUPLICATE","EXISTING","PENDING_PARSE_AND_QA","gp3","0","0","LANGUAGE_UNVERIFIED","0","NO","NO","","Existing artist/song or title variant — leave current song unchanged | Possible existing song or alternate title: Fleetwood Mac — Landslide | English lyrics not established from available text | No usable chord symbols in extracted sheet | Tab-only or empty extracted sheet","7cba8d8ed9185c3dd940d4bc953feebfa9bdd3e4021c2c2558a733f417e6ea0a","GuitarPro_Tabs/Fleetwood Mac - Landslide (Live Version).gp3"
"479","Fleetwood Mac","Like Crying","TAB_ONLY_OR_EMPTY","HOLD","PENDING_PARSE_AND_QA","gp3","0","0","LANGUAGE_UNVERIFIED","0","NO","NO","","English lyrics not established from available text | No usable chord symbols in extracted sheet | Tab-only or empty extracted sheet","b1ee200736ab724e5dbe284cfad21dd5e20491e36413ea3e8de4ce63898d941e","GuitarPro_Tabs/Fleetwood Mac - Like Crying.gp3"
"480","Fleetwood Mac","little lies","REVIEWABLE_CHORD_SHEET","REVIEWABLE","PENDING_PARSE_AND_QA","gpx","4","315","ENGLISH_TEXT_CHECK_PASS","0","NO","NO","","","9262421b9f9972c4fac87174c2fed1c7b7310a6b59f8c46bd3617625451459d1","Ultimate Guitar com PRO Tabs Site Rip GPX/f/fleetwood_mac_1442/fleetwood-mac_little-lies-official-3286136.gpx"
"481","Fleetwood Mac","monday morning","TRANSPOSE_FAILURE","HOLD","PENDING_PARSE_AND_QA","gpx","5","252","ENGLISH_TEXT_CHECK_PASS","23","NO","YES","","Exact locked transposer fails required round-trip or slash-bass preservation","5c07c71e90c5bace7c23c693d8664e060a408b529395fb5ae21832d6d702cd5d","Ultimate Guitar com PRO Tabs Site Rip GPX/f/fleetwood_mac_1442/fleetwood-mac_monday-morning-official-2802284.gpx"
"482","Fleetwood Mac","Need Your Love So Bad","EXISTING_DUPLICATE","EXISTING","SKIPPED_ALREADY_CURRENT","gpx","12","292","ENGLISH_TEXT_CHECK_PASS","45","YES","YES","","Existing artist/song or title variant — leave current song unchanged | Possible existing song or alternate title: Fleetwood Mac - Peter Green — Need Your Love So Bad | Exact locked transposer fails required round-trip or slash-bass preservation","fded31c4b3cce2c230ab164a6c8a944f4fdb7c4af0c5c7ebdff558c87064a753","Ultimate Guitar com PRO Tabs Site Rip GPX/f/fleetwood_mac_1442/fleetwood-mac_need-your-love-so-bad-official-2005073.gpx"
"483","Fleetwood Mac","oh well","IDENTITY_DIAGRAM_OR_OTHER_HOLD","HOLD","PENDING_PARSE_AND_QA","gpx","9","89","ENGLISH_TEXT_CHECK_PASS","0","YES","NO","","Similar proposed title also exists in this queue; choose at most one after identity review.","7551c8bad1d4932ca5a12d0a98f407ae9250b014a56c7e47dbf31c157d893ff9","Ultimate Guitar com PRO Tabs Site Rip GPX/f/fleetwood_mac_1442/fleetwood-mac_oh-well-official-2439199.gpx"
"484","Fleetwood Mac","Oh Well (acoustic intro.)","TAB_ONLY_OR_EMPTY","HOLD","PENDING_PARSE_AND_QA","gp3","0","0","LANGUAGE_UNVERIFIED","0","NO","NO","","May be a medley, fragment or exercise; full-song identity needs confirmation. | Similar proposed title also exists in this queue; choose at most one after identity review. | English lyrics not established from available text | No usable chord symbols in extracted sheet | Tab-only or empty extracted sheet","312bc977756a857f8ee480ee592182909dc2250dae54684509464ee015e86a75","GuitarPro_Tabs/Fleetwood Mac - Oh Well (acoustic intro.).gp3"
"485","Fleetwood Mac","sara","TRANSPOSE_FAILURE","HOLD","PENDING_PARSE_AND_QA","gpx","5","266","ENGLISH_TEXT_CHECK_PASS","23","NO","YES","","Parsed title disagrees with proposal title | Exact locked transposer fails required round-trip or slash-bass preservation","82d4b2d46bea07e024c2edbc2abe4ed89fd86c9b27ecb7af923482f94fa046a7","Ultimate Guitar com PRO Tabs Site Rip GPX/f/fleetwood_mac_1442/fleetwood-mac_sara-official-3441881.gpx"
"486","Fleetwood Mac","The Green Manalishi","TAB_ONLY_OR_EMPTY","HOLD","PENDING_PARSE_AND_QA","gp3","0","0","LANGUAGE_UNVERIFIED","0","NO","NO","","English lyrics not established from available text | No usable chord symbols in extracted sheet | Tab-only or empty extracted sheet","e9d747f4a0cdc89076f32128224e9baa77d5ac0c37a431c385a1b8bb539fc627","GuitarPro_Tabs/Fleetwood Mac - The Green Manalishi.gp3"
"487","Fleetwood Mac","World In Harmony","TAB_ONLY_OR_EMPTY","HOLD","PENDING_PARSE_AND_QA","gp3","0","0","LANGUAGE_UNVERIFIED","0","NO","NO","","English lyrics not established from available text | No usable chord symbols in extracted sheet | Tab-only or empty extracted sheet","66602aa2828cc88f137d3b2ea7695bbbe49c6676e8ba8683e014e821d291cab9","GuitarPro_Tabs/Fleetwood Mac - World In Harmony.gp3"
"488","Foreigner","Night Life","TAB_ONLY_OR_EMPTY","HOLD","PENDING_PARSE_AND_QA","gp3","0","0","LANGUAGE_UNVERIFIED","0","NO","NO","","English lyrics not established from available text | No usable chord symbols in extracted sheet | Tab-only or empty extracted sheet","163505536763b930406534dfb7e938f155a2a354ecf85e06ede81400fed8fc2d","GuitarPro_Tabs/Foreigner - Night Life.gp3"
"489","Foreigner","waiting for a girl like you","TRANSPOSE_FAILURE","HOLD","PENDING_PARSE_AND_QA","gpx","11","302","ENGLISH_TEXT_CHECK_PASS","46","YES","YES","","Exact locked transposer fails required round-trip or slash-bass preservation","13c6dbf44974d78f3e94a07208621d645766ee5c3c95756efdbe177d07937acc","Ultimate Guitar com PRO Tabs Site Rip GPX/f/foreigner_3510/foreigner_waiting-for-a-girl-like-you-official-3001616.gpx"
"490","Frank Sinatra","My funny Valentine","EXISTING_DUPLICATE","EXISTING","SKIPPED_ALREADY_CURRENT","gpx","43","145","ENGLISH_TEXT_CHECK_PASS","368","YES","YES","","Existing artist/song or title variant — leave current song unchanged | Exact locked transposer fails required round-trip or slash-bass preservation","b1072566f54b1043bb784f664525bdb8cfde5184cde9dc03491ab55e291b840f","Ultimate Guitar com PRO Tabs Site Rip GPX/f/frank_sinatra_11333/frank-sinatra_my-funny-valentine-official-2623623.gpx"
"491","Frank Sinatra","something stupid","REVIEWABLE_CHORD_SHEET","REVIEWABLE","PENDING_PARSE_AND_QA","gpx","11","252","ENGLISH_TEXT_CHECK_PASS","0","YES","YES","","","358088fa3bf1f58c94adc35c4d7aa8872871f67ea260331d8d19abb0406e4630","Ultimate Guitar com PRO Tabs Site Rip GPX/f/frank_sinatra_11333/frank-sinatra_something-stupid-official-3806900.gpx"
"492","Frank Sinatra","the girl from ipanema","TRANSPOSE_FAILURE","HOLD","PENDING_PARSE_AND_QA","gpx","18","301","ENGLISH_TEXT_CHECK_PASS","46","YES","YES","","Exact locked transposer fails required round-trip or slash-bass preservation","c9285ec07eb2fe546e35bd0e43e2a8a411190ca3997391d9f33ec723cccb76ba","Ultimate Guitar com PRO Tabs Site Rip GPX/f/frank_sinatra_11333/frank-sinatra_the-girl-from-ipanema-official-2507685.gpx"
"493","Frank Zappa","my guitar wants to kill your mama","REVIEWABLE_CHORD_SHEET","REVIEWABLE","PENDING_PARSE_AND_QA","gpx","9","271","ENGLISH_TEXT_CHECK_PASS","0","YES","NO","","","8d8854775cf9ae24228a33a066d2ce50c551ad95deb846d24ed61a9dc6ec15fd","Ultimate Guitar com PRO Tabs Site Rip GPX/f/frank_zappa_11617/frank-zappa_my-guitar-wants-to-kill-your-mama-official-2367283.gpx"
"494","Frank Zappa","peaches en regalia","TAB_ONLY_OR_EMPTY","HOLD","PENDING_PARSE_AND_QA","gpx","19","0","LANGUAGE_UNVERIFIED","66","YES","NO","","English lyrics not established from available text | Tab-only or empty extracted sheet | Exact locked transposer fails required round-trip or slash-bass preservation","afa4958c58ce19260273be75d3ec70340f68fb35486c2bb13c404e4ded6e3037","Ultimate Guitar com PRO Tabs Site Rip GPX/f/frank_zappa_11617/frank-zappa_peaches-en-regalia-official-3462206.gpx"
"495","Frank Zappa","watermelon in easter hay","TAB_ONLY_OR_EMPTY","HOLD","PENDING_PARSE_AND_QA","gpx","2","0","LANGUAGE_UNVERIFIED","23","NO","YES","","English lyrics not established from available text | Tab-only or empty extracted sheet | Exact locked transposer fails required round-trip or slash-bass preservation","7bc88ef1b51891583188546b2a9ffa86c9639839a4b47cbdf1d7e54a92cb3f82","Ultimate Guitar com PRO Tabs Site Rip GPX/f/frank_zappa_11617/frank-zappa_watermelon-in-easter-hay-official-3702122.gpx"
"496","Frankie Valli","Can't Take My Eyes Off Of You","EXISTING_DUPLICATE","EXISTING","SKIPPED_ALREADY_CURRENT","gpx","21","301","ENGLISH_TEXT_CHECK_PASS","91","YES","YES","","Existing artist/song or title variant — leave current song unchanged | Exact locked transposer fails required round-trip or slash-bass preservation","a16db035f4d9c3609ee4543fefecdd59bc158add8253dfd50ed31b1b49386b1b","Ultimate Guitar com PRO Tabs Site Rip GPX/f/frankie_valli_15023/frankie-valli_cant-take-my-eyes-off-you-official-2172363.gpx"
"497","George Michael","freedom 90","TRANSPOSE_FAILURE","HOLD","PENDING_PARSE_AND_QA","gpx","11","799","ENGLISH_TEXT_CHECK_PASS","23","YES","YES","","Exact locked transposer fails required round-trip or slash-bass preservation","7adbcbf89da1a6e6b0593d6646d0aac50336a94b8d4c9ba62f27bb7e4d9bf9cd","Ultimate Guitar com PRO Tabs Site Rip GPX/g/george_michael_10920/george-michael_freedom-90-official-3805058.gpx"
"498","George Thorogood","Bad To The Bone","TAB_ONLY_OR_EMPTY","HOLD","PENDING_PARSE_AND_QA","gp3","0","0","LANGUAGE_UNVERIFIED","0","NO","NO","","English lyrics not established from available text | No usable chord symbols in extracted sheet | Tab-only or empty extracted sheet","bb352ca8afd5ea6b9479aa9e46f8054d664e1f83e6bea47cbd3ad66ac65f3c8a","GuitarPro_Tabs/George Thorogood - Bad To The Bone.gp3"
"499","Guns N'Roses","14 Years (2)","TAB_ONLY_OR_EMPTY","HOLD","PENDING_PARSE_AND_QA","gp3","5","0","LANGUAGE_UNVERIFIED","23","NO","YES","","English lyrics not established from available text | Tab-only or empty extracted sheet | Exact locked transposer fails required round-trip or slash-bass preservation","e24d55daa7fa7ec15f0d5e49e443a7986a4357b05cbcc0478bf227bbbf0dee63","GuitarPro_Tabs/Guns N' Roses - 14 Years (2).gp3"
"500","Guns N'Roses","aint it fun","REVIEWABLE_CHORD_SHEET","REVIEWABLE","PENDING_PARSE_AND_QA","gpx","6","281","ENGLISH_TEXT_CHECK_PASS","0","NO","NO","","","fc4d8bdba3b5720d3aff5b4bbb73047988cc7445795c4f4fa3a075aa98defb36","Ultimate Guitar com PRO Tabs Site Rip GPX/g/guns_n_roses_1367/guns-n-roses_aint-it-fun-official-2521230.gpx"
"501","Guns N'Roses","Anything goes","TAB_ONLY_OR_EMPTY","HOLD","PENDING_PARSE_AND_QA","gp3","0","0","LANGUAGE_UNVERIFIED","0","NO","NO","","Similar proposed title also exists in this queue; choose at most one after identity review. | English lyrics not established from available text | No usable chord symbols in extracted sheet | Tab-only or empty extracted sheet","fde44f0c64269aa105dc36d756dfcef234103b452a69b217c4dc98226a4743f5","GuitarPro_Tabs/Guns N' Roses - Anything goes.gp3"
"502","Guns N'Roses","Anything Goes (part 2)","TAB_ONLY_OR_EMPTY","HOLD","PENDING_PARSE_AND_QA","gp3","0","0","LANGUAGE_UNVERIFIED","0","NO","NO","","Similar proposed title also exists in this queue; choose at most one after identity review. | English lyrics not established from available text | No usable chord symbols in extracted sheet | Tab-only or empty extracted sheet","bdef3c3224a51614fb09dd05cb2972abbae4a33e80570c2d3fa1a917eebb674d","GuitarPro_Tabs/Guns N' Roses - Anything Goes (part 2).gp3"
"503","Guns N'Roses","Anything Goes (part 3)","TAB_ONLY_OR_EMPTY","HOLD","PENDING_PARSE_AND_QA","gp3","0","0","LANGUAGE_UNVERIFIED","0","NO","NO","","Similar proposed title also exists in this queue; choose at most one after identity review. | English lyrics not established from available text | No usable chord symbols in extracted sheet | Tab-only or empty extracted sheet","78d1c4675a3b06d6b5fb85325189b61bfd8471ec648af5c9242c951bcac3f19d","GuitarPro_Tabs/Guns N' Roses - Anything Goes (part 3).gp3"
"504","Guns N'Roses","Anything Goes (part 4)","TAB_ONLY_OR_EMPTY","HOLD","PENDING_PARSE_AND_QA","gp3","0","0","LANGUAGE_UNVERIFIED","0","NO","NO","","Similar proposed title also exists in this queue; choose at most one after identity review. | English lyrics not established from available text | No usable chord symbols in extracted sheet | Tab-only or empty extracted sheet","4013529c94969db8067cbad278d541f68f36dde78225e315bc87b5b5754deaeb","GuitarPro_Tabs/Guns N' Roses - Anything Goes (part 4).gp3"
"505","Guns N'Roses","Anything Goes (part 5)","TAB_ONLY_OR_EMPTY","HOLD","PENDING_PARSE_AND_QA","gp3","0","0","LANGUAGE_UNVERIFIED","0","NO","NO","","Similar proposed title also exists in this queue; choose at most one after identity review. | English lyrics not established from available text | No usable chord symbols in extracted sheet | Tab-only or empty extracted sheet","8792a5fdf13fc818a336eb5a57d579dbe51394681d31aed2b9e8aecaccab0fea","GuitarPro_Tabs/Guns N' Roses - Anything Goes (part 5).gp3"
"506","Guns N'Roses","Attitude","TAB_ONLY_OR_EMPTY","HOLD","PENDING_PARSE_AND_QA","gp3","0","0","LANGUAGE_UNVERIFIED","0","NO","NO","","English lyrics not established from available text | No usable chord symbols in extracted sheet | Tab-only or empty extracted sheet","a7c32b852096beaeb1a2fe550dde094d225b17e2ba657ca044d2d0e3c8049cf5","GuitarPro_Tabs/Guns N' Roses - Attitude.gp3"
"507","Guns N'Roses","Back Off Bitch (2)","TAB_ONLY_OR_EMPTY","HOLD","PENDING_PARSE_AND_QA","gp3","0","0","LANGUAGE_UNVERIFIED","0","NO","NO","","English lyrics not established from available text | No usable chord symbols in extracted sheet | Tab-only or empty extracted sheet","7d1ae4f905eb0a9a540de74bc6084b90301fdb907096dd0790571b2c40a805f0","GuitarPro_Tabs/Guns N' Roses - Back Off Bitch (2).gp3"
"508","Guns N'Roses","Bad Apples (2)","TAB_ONLY_OR_EMPTY","HOLD","PENDING_PARSE_AND_QA","gp3","7","0","LANGUAGE_UNVERIFIED","0","NO","NO","A5 | E5 | B5 | G5","English lyrics not established from available text | Locked renderer has no chord shape for: A5, E5, B5, G5 | Tab-only or empty extracted sheet","0cd7ab9cd6b814a45f17551ca8db1e73054889d95651a552eaa1c131c7853332","GuitarPro_Tabs/Guns N' Roses - Bad Apples (2).gp3"
"509","Guns N'Roses","Breakdown (2)","TAB_ONLY_OR_EMPTY","HOLD","PENDING_PARSE_AND_QA","gp3","8","0","LANGUAGE_UNVERIFIED","0","NO","NO","","English lyrics not established from available text | Tab-only or empty extracted sheet","84bc59c848d1a3577a6497c1a121376d6c48545549d88455b739a0b50d5fb27a","GuitarPro_Tabs/Guns N' Roses - Breakdown (2).gp3"
"510","Guns N'Roses","Buick Mackane","TAB_ONLY_OR_EMPTY","HOLD","PENDING_PARSE_AND_QA","gp3","0","0","LANGUAGE_UNVERIFIED","0","NO","NO","","Parsed title disagrees with proposal title | English lyrics not established from available text | No usable chord symbols in extracted sheet | Tab-only or empty extracted sheet","2ec32d6fd80d938a45cbfb3e5e810925355ce63af0b2392ca5bb176054026d7b","GuitarPro_Tabs/Guns N' Roses - Buick Mackane.gp3"
"511","Guns N'Roses","Chinsese Democracy","EXISTING_DUPLICATE","EXISTING","PENDING_PARSE_AND_QA","gp3","0","0","LANGUAGE_UNVERIFIED","0","NO","NO","","Parsed title disagrees with proposal title | Existing artist/song or title variant — leave current song unchanged | English lyrics not established from available text | No usable chord symbols in extracted sheet | Tab-only or empty extracted sheet","e578c9ff7002d227f748e5c0032b074917492a0ba9198d12bb70491581e947f0","GuitarPro_Tabs/Guns N' Roses - Chinsese Democracy.gp3"
"512","Guns N'Roses","Coma","TAB_ONLY_OR_EMPTY","HOLD","PENDING_PARSE_AND_QA","gp3","0","0","LANGUAGE_UNVERIFIED","0","NO","NO","","English lyrics not established from available text | No usable chord symbols in extracted sheet | Tab-only or empty extracted sheet","ad8b13f9fa783964415aaa50fc6d4009be1b720bc2ac973f26a44c0c5343a8cb","GuitarPro_Tabs/Guns N' Roses - Coma.gp3"
"513","Guns N'Roses","Crash Diet (3)","TAB_ONLY_OR_EMPTY","HOLD","PENDING_PARSE_AND_QA","gp3","0","0","LANGUAGE_UNVERIFIED","0","NO","NO","","English lyrics not established from available text | No usable chord symbols in extracted sheet | Tab-only or empty extracted sheet","5d020ce306b218ed42e9403a5a5221dd4629640d1276717b863d56f638053756","GuitarPro_Tabs/Guns N' Roses - Crash Diet (3).gp3"
"514","Guns N'Roses","Dead Horse","TAB_ONLY_OR_EMPTY","HOLD","PENDING_PARSE_AND_QA","gp3","0","0","LANGUAGE_UNVERIFIED","0","NO","NO","","English lyrics not established from available text | No usable chord symbols in extracted sheet | Tab-only or empty extracted sheet","fdcb7f02c90a96c72b2b845d3d61a918efbbde84200e390f6f4f7d9b57f2684d","GuitarPro_Tabs/Guns N' Roses - Dead Horse.gp3"
"515","Guns N'Roses","Down on the farm","PARSER_FAILURE","HOLD","PENDING_PARSE_AND_QA","gp3","0","0","LANGUAGE_UNVERIFIED","0","NO","NO","","Parser held source: {""category"":""parse_error"",""message"":""Cannot read properties of undefined (reading 'staves')""} | Parsed title disagrees with proposal title | English lyrics not established from available text | No usable chord symbols in extracted sheet | Tab-only or empty extracted sheet","95869ee4bb1cbe9b9e2fc2c5c1bc641b3edb31fc517e6aaad26a186dda83caa5","GuitarPro_Tabs/Guns N' Roses - Down on the farm.gp3"
"516","Guns N'Roses","Dust 'N Bones","TAB_ONLY_OR_EMPTY","HOLD","PENDING_PARSE_AND_QA","gp3","0","0","LANGUAGE_UNVERIFIED","0","NO","NO","","English lyrics not established from available text | No usable chord symbols in extracted sheet | Tab-only or empty extracted sheet","fa32c934b2515fe5d41b11852e8729168aea3d6418e8ad2a67a205cfe7a1ce62","GuitarPro_Tabs/Guns N' Roses - Dust 'N Bones.gp3"
"517","Guns N'Roses","Garden of Eden","TAB_ONLY_OR_EMPTY","HOLD","PENDING_PARSE_AND_QA","gp3","0","0","LANGUAGE_UNVERIFIED","0","NO","NO","","English lyrics not established from available text | No usable chord symbols in extracted sheet | Tab-only or empty extracted sheet","79fadd44e13a6353b45da42f3f63a311aa5a66839d4e09293247062a898442cc","GuitarPro_Tabs/Guns N' Roses - Garden of Eden.gp3"
"518","Guns N'Roses","Get in the Ring (2)","TAB_ONLY_OR_EMPTY","HOLD","PENDING_PARSE_AND_QA","gp3","0","0","LANGUAGE_UNVERIFIED","0","NO","NO","","English lyrics not established from available text | No usable chord symbols in extracted sheet | Tab-only or empty extracted sheet","111081a162a791dc03d3688937a4397ecf47ba05e0ccefdbd75fefdac118a82d","GuitarPro_Tabs/Guns N' Roses - Get in the Ring (2).gp3"
"519","Guns N'Roses","God Father Theme Slash 's Version","TAB_ONLY_OR_EMPTY","HOLD","PENDING_PARSE_AND_QA","gp3","0","0","LANGUAGE_UNVERIFIED","0","NO","NO","","Parsed title disagrees with proposal title | English lyrics not established from available text | No usable chord symbols in extracted sheet | Tab-only or empty extracted sheet","20bab39f2d5e60ccf41c28d3a2f02634f8954477f0efa69858038a9f5e8e1247","GuitarPro_Tabs/Guns N' Roses - God Father Theme Slash 's Version.gp3"
"520","Guns N'Roses","Hair Of The Dog (2)","TAB_ONLY_OR_EMPTY","HOLD","PENDING_PARSE_AND_QA","gp3","0","0","LANGUAGE_UNVERIFIED","0","NO","NO","","English lyrics not established from available text | No usable chord symbols in extracted sheet | Tab-only or empty extracted sheet","6c2c0b5e6f10049e943829007104e4c710377ee77094b61306929dee20c24b53","GuitarPro_Tabs/Guns N' Roses - Hair Of The Dog (2).gp3"
"521","Guns N'Roses","It 's So Easy (Live Era 87-93)","EXISTING_DUPLICATE","EXISTING","PENDING_PARSE_AND_QA","gp3","0","0","LANGUAGE_UNVERIFIED","0","NO","NO","","Existing artist/song or title variant — leave current song unchanged | Possible existing song or alternate title: Guns N Roses — It's So Easy | English lyrics not established from available text | No usable chord symbols in extracted sheet | Tab-only or empty extracted sheet","84c5c67338e59cb92d5236371c21248cd5a582797ade38bdfe8c61efc9763036","GuitarPro_Tabs/Guns N' Roses - It 's So Easy (Live Era 87-93).gp3"
"522","Guns N'Roses","Knockin ' On Heaven 's Door (Live Version)","EXISTING_DUPLICATE","EXISTING","PENDING_PARSE_AND_QA","gp3","0","0","LANGUAGE_UNVERIFIED","0","NO","NO","","Parsed title disagrees with proposal title | Existing artist/song or title variant — leave current song unchanged | Possible existing song or alternate title: Guns N' Roses — Knockin' on Heaven's Door (1st Solo, Live); Guns N' Roses — Knockin' On Heaven's Door | English lyrics not established from available text | No usable chord symbols in extracted sheet | Tab-only or empty extracted sheet","77ea952aa8fa1775ee8cdfa33778ba72ff76d550daefee588a80f02b16c30ef0","GuitarPro_Tabs/Guns N' Roses - Knockin ' On Heaven 's Door (Live Version).gp3"
"523","Guns N'Roses","Knocking on Heaven's Door","TAB_ONLY_OR_EMPTY","HOLD","PENDING_PARSE_AND_QA","gp3","7","0","LANGUAGE_UNVERIFIED","0","NO","NO","","English lyrics not established from available text | Tab-only or empty extracted sheet","9b2331cd6ac4abce1138a368b321b0e2b62c32a9ea0680dc0357b361b0425e93","GuitarPro_Tabs/Guns N' Roses - Knocking on Heaven's Door.gp3"
"524","Guns N'Roses","Locamotive (Complicity) - All Tracks","TAB_ONLY_OR_EMPTY","HOLD","PENDING_PARSE_AND_QA","gp3","0","0","LANGUAGE_UNVERIFIED","0","NO","NO","","Parsed title disagrees with proposal title | English lyrics not established from available text | No usable chord symbols in extracted sheet | Tab-only or empty extracted sheet","6dffd3cbdb4f339800aadebe77a0e0beb2525a7d0375908929ceec10c6208268","GuitarPro_Tabs/Guns N' Roses - Locamotive (Complicity) - All Tracks.gp3"
"525","Guns N'Roses","locomotive","TRANSPOSE_FAILURE","HOLD","PENDING_PARSE_AND_QA","gpx","13","865","ENGLISH_TEXT_CHECK_PASS","23","YES","YES","","Similar proposed title also exists in this queue; choose at most one after identity review. | Exact locked transposer fails required round-trip or slash-bass preservation","a06db4a72be40c44d84dfd9dca09d2c4856119e70432dd20b4473c6e8eaaf578","Ultimate Guitar com PRO Tabs Site Rip GPX/g/guns_n_roses_1367/guns-n-roses_locomotive-official-3694259.gpx"
"526","Guns N'Roses","Locomotive (Complicity) (2)","TAB_ONLY_OR_EMPTY","HOLD","PENDING_PARSE_AND_QA","gp3","13","0","LANGUAGE_UNVERIFIED","22","YES","NO","F#5 | A5 | G5 | E5 | D5 | G#5 | F5 | Eb5 | C5 | B5","Similar proposed title also exists in this queue; choose at most one after identity review. | English lyrics not established from available text | Locked renderer has no chord shape for: F#5, A5, G5, E5, D5, G#5, F5, Eb5, C5, B5 | Tab-only or empty extracted sheet | Exact locked transposer fails required round-trip or slash-bass preservation","39c7d9176151f1070c873672283ceb45632c665cc2ffae5a6d094a73da7fa9bd","GuitarPro_Tabs/Guns N' Roses - Locomotive (Complicity) (2).gp3"
"527","Guns N'Roses","Madagascar (2)","TAB_ONLY_OR_EMPTY","HOLD","PENDING_PARSE_AND_QA","gp3","0","0","LANGUAGE_UNVERIFIED","0","NO","NO","","English lyrics not established from available text | No usable chord symbols in extracted sheet | Tab-only or empty extracted sheet","5c742a30d60e8a4ebc84c5b21386153ee5a1db6c299fc1f547593d24d6935d54","GuitarPro_Tabs/Guns N' Roses - Madagascar (2).gp3"
"528","Guns N'Roses","Mama Kin","TAB_ONLY_OR_EMPTY","HOLD","PENDING_PARSE_AND_QA","gp3","0","0","LANGUAGE_UNVERIFIED","0","NO","NO","","English lyrics not established from available text | No usable chord symbols in extracted sheet | Tab-only or empty extracted sheet","156188a55e045bdc319a19d3e4ca2ed1db88bce8907f919bf3cbcfec4680271b","GuitarPro_Tabs/Guns N' Roses - Mama Kin.gp3"
"529","Guns N'Roses","Move To The City","TAB_ONLY_OR_EMPTY","HOLD","PENDING_PARSE_AND_QA","gp4","7","0","LANGUAGE_UNVERIFIED","22","NO","NO","D5 | C#5 | B5 | D#5 | E5","English lyrics not established from available text | Locked renderer has no chord shape for: D5, C#5, B5, D#5, E5 | Tab-only or empty extracted sheet | Exact locked transposer fails required round-trip or slash-bass preservation","e141f1b6e6f1f5bcb6295590f5870f04974bf33bd1fe666d103d4b1e9884f3b1","GuitarPro_Tabs/Guns N' Roses - Move To The City.gp4"
"530","Guns N'Roses","New Rose (2)","TAB_ONLY_OR_EMPTY","HOLD","PENDING_PARSE_AND_QA","gp3","12","0","LANGUAGE_UNVERIFIED","66","YES","NO","C#5 | A#5 | D#5 | G#5 | F5 | G5 | B5 | A5 | C5 | D5","English lyrics not established from available text | Locked renderer has no chord shape for: C#5, A#5, D#5, G#5, F5, G5, B5, A5, C5, D5 | Tab-only or empty extracted sheet | Exact locked transposer fails required round-trip or slash-bass preservation","11440df4f82bf58601bbbd186aed81f6b6351e46d5303d4fc85ec9a4dccb48cf","GuitarPro_Tabs/Guns N' Roses - New Rose (2).gp3"
"531","Guns N'Roses","Nice Boys","TAB_ONLY_OR_EMPTY","HOLD","PENDING_PARSE_AND_QA","gp4","6","0","LANGUAGE_UNVERIFIED","44","NO","NO","B5 | A5 | E5 | G# | A#5","English lyrics not established from available text | Locked renderer has no chord shape for: B5, A5, E5, G#, A#5 | Tab-only or empty extracted sheet | Exact locked transposer fails required round-trip or slash-bass preservation","8ccb2e77e9580cb4c0206f7717a1b47bcc233aac8138cb3f7c1bce6b10c0f917","GuitarPro_Tabs/Guns N' Roses - Nice Boys.gp4"
"532","Guns N'Roses","Nightrain (Almost Live)","EXISTING_DUPLICATE","EXISTING","PENDING_PARSE_AND_QA","gp3","0","0","LANGUAGE_UNVERIFIED","0","NO","NO","","Existing artist/song or title variant — leave current song unchanged | Possible existing song or alternate title: Guns N' Roses — Nightrain | Similar proposed title also exists in this queue; choose at most one after identity review. | English lyrics not established from available text | No usable chord symbols in extracted sheet | Tab-only or empty extracted sheet","809a162e3ee6188ec1331c0c53b0754eb23f90901e1ebd2c5d0bc57f1d3ffd8d","GuitarPro_Tabs/Guns N' Roses - Nightrain (Almost Live).gp3"
"533","Guns N'Roses","Nightrain (Live Version)","EXISTING_DUPLICATE","EXISTING","PENDING_PARSE_AND_QA","gp3","0","0","LANGUAGE_UNVERIFIED","0","NO","NO","","Existing artist/song or title variant — leave current song unchanged | Possible existing song or alternate title: Guns N' Roses — Nightrain | Similar proposed title also exists in this queue; choose at most one after identity review. | English lyrics not established from available text | No usable chord symbols in extracted sheet | Tab-only or empty extracted sheet","bcd8337e94cb1408b99a374d031fecbb53a4c7da98b7f8120b91d49b6c6d5214","GuitarPro_Tabs/Guns N' Roses - Nightrain (Live Version).gp3"
"534","Guns N'Roses","November Rain (Acoustic Version)","EXISTING_DUPLICATE","EXISTING","PENDING_PARSE_AND_QA","gp3","2","0","LANGUAGE_UNVERIFIED","0","NO","NO","","Existing artist/song or title variant — leave current song unchanged | Possible existing song or alternate title: Guns N'Roses — November Rain | Similar proposed title also exists in this queue; choose at most one after identity review. | English lyrics not established from available text | Tab-only or empty extracted sheet","500faa8f33bd184ced45d02a0bd341d89c3f6ba98418804c376c7cb2f17668e3","GuitarPro_Tabs/Guns N' Roses - November Rain (Acoustic Version).gp3"
"535","Guns N'Roses","November Rain (Live Version)","EXISTING_DUPLICATE","EXISTING","PENDING_PARSE_AND_QA","gp3","0","0","LANGUAGE_UNVERIFIED","0","NO","NO","","Existing artist/song or title variant — leave current song unchanged | Possible existing song or alternate title: Guns N'Roses — November Rain | Similar proposed title also exists in this queue; choose at most one after identity review. | English lyrics not established from available text | No usable chord symbols in extracted sheet | Tab-only or empty extracted sheet","5ca9b40e50055c567274303071bacaba3cb95286eae844459cc89cb0190b021d","GuitarPro_Tabs/Guns N' Roses - November Rain (Live Version).gp3"
"536","Guns N'Roses","Oh My God (2)","TAB_ONLY_OR_EMPTY","HOLD","PENDING_PARSE_AND_QA","gp3","0","0","LANGUAGE_UNVERIFIED","0","NO","NO","","English lyrics not established from available text | No usable chord symbols in extracted sheet | Tab-only or empty extracted sheet","4d24cdb0a1f7b372236971f5f85d3fc1c3d448c15cc3dd384d27a0a229ccf0e8","GuitarPro_Tabs/Guns N' Roses - Oh My God (2).gp3"
"537","Guns N'Roses","Only Woman Bleed - Knocking on Heavens Door","TAB_ONLY_OR_EMPTY","HOLD","PENDING_PARSE_AND_QA","gp3","0","0","LANGUAGE_UNVERIFIED","0","NO","NO","","Parsed title disagrees with proposal title | English lyrics not established from available text | No usable chord symbols in extracted sheet | Tab-only or empty extracted sheet","7e50091972d7d07f8e394ab16d24a330397b071a1e5fd06676cd26b99d665323","GuitarPro_Tabs/Guns N' Roses - Only Woman Bleed - Knocking on Heavens Door.gp3"
"538","Guns N'Roses","Patience (Live Version) (2)","EXISTING_DUPLICATE","EXISTING","PENDING_PARSE_AND_QA","gp3","0","0","LANGUAGE_UNVERIFIED","0","NO","NO","","Existing artist/song or title variant — leave current song unchanged | Possible existing song or alternate title: Guns N' Roses — Patience | Similar proposed title also exists in this queue; choose at most one after identity review. | English lyrics not established from available text | No usable chord symbols in extracted sheet | Tab-only or empty extracted sheet","f4deb7125a40feaecd769d97098adeb810618e46891781fc829e301f433124ee","GuitarPro_Tabs/Guns N' Roses - Patience (Live Version) (2).gp3"
"539","Guns N'Roses","Patience(chord style)","EXISTING_DUPLICATE","EXISTING","PENDING_PARSE_AND_QA","gp3","0","0","LANGUAGE_UNVERIFIED","0","NO","NO","","Existing artist/song or title variant — leave current song unchanged | Possible existing song or alternate title: Guns N' Roses — Patience | Similar proposed title also exists in this queue; choose at most one after identity review. | English lyrics not established from available text | No usable chord symbols in extracted sheet | Tab-only or empty extracted sheet","432aa7ac0d0082d7ebc763d4cd78f73cbdfa3d33142471819a4d7e154d6d6a8b","GuitarPro_Tabs/Guns N' Roses - Patience(chord style).gp3"
"540","Guns N'Roses","Perfect Crime","TAB_ONLY_OR_EMPTY","HOLD","PENDING_PARSE_AND_QA","gp3","0","0","LANGUAGE_UNVERIFIED","0","NO","NO","","English lyrics not established from available text | No usable chord symbols in extracted sheet | Tab-only or empty extracted sheet","d4f997214eebc7d66a5ec3b65614ee00639ddd0e8102b5959c267ae40448433e","GuitarPro_Tabs/Guns N' Roses - Perfect Crime.gp3"
"541","Guns N'Roses","Pretty Tied Up (2)","TAB_ONLY_OR_EMPTY","HOLD","PENDING_PARSE_AND_QA","gp3","9","0","LANGUAGE_UNVERIFIED","0","YES","NO","G5 | B5 | F#5 | E5 | D5 | A5 | C5 | F5","English lyrics not established from available text | Locked renderer has no chord shape for: G5, B5, F#5, E5, D5, A5, C5, F5 | Tab-only or empty extracted sheet","f4a3860a3ed714bb4a99071af3c1c170f1a0c9efbac5ab2670cf5e995ffefabf","GuitarPro_Tabs/Guns N' Roses - Pretty Tied Up (2).gp3"
"542","Guns N'Roses","Reckless Life (2)","TAB_ONLY_OR_EMPTY","HOLD","PENDING_PARSE_AND_QA","gp4","14","0","LANGUAGE_UNVERIFIED","22","YES","NO","A5 | G5 | D5 | C5 | B5 | A# | C#5 | C#sus4 | E5 | Bb5","English lyrics not established from available text | Locked renderer has no chord shape for: A5, G5, D5, C5, B5, A#, C#5, C#sus4, E5, Bb5 | Tab-only or empty extracted sheet | Exact locked transposer fails required round-trip or slash-bass preservation","1ee4d7d5e4f0beab4e3fe3c770f640d14d7fc94bd75e7ca525e6651915ad5d83","GuitarPro_Tabs/Guns N' Roses - Reckless Life (2).gp4"
"543","Guns N'Roses","Right Next Door To Hell (2)","TAB_ONLY_OR_EMPTY","HOLD","PENDING_PARSE_AND_QA","gp3","0","0","LANGUAGE_UNVERIFIED","0","NO","NO","","English lyrics not established from available text | No usable chord symbols in extracted sheet | Tab-only or empty extracted sheet","a9908404d0d72e3a2a64a83ebf8eb76571d7ddb0aa7adbf629a3ee72cc8ad909","GuitarPro_Tabs/Guns N' Roses - Right Next Door To Hell (2).gp3"
"544","Guns N'Roses","rocket queen","TRANSPOSE_FAILURE","HOLD","PENDING_PARSE_AND_QA","gpx","8","385","ENGLISH_TEXT_CHECK_PASS","23","NO","YES","","Exact locked transposer fails required round-trip or slash-bass preservation","04b49d98fa3e6e7de9a93baf5ff6abdda0912aa4aa8b6f8a9f29892de2c7c97a","Ultimate Guitar com PRO Tabs Site Rip GPX/g/guns_n_roses_1367/guns-n-roses_rocket-queen-official-2423211.gpx"
"545","Guns N'Roses","shadow of your love","REVIEWABLE_CHORD_SHEET","REVIEWABLE","PENDING_PARSE_AND_QA","gpx","8","325","ENGLISH_TEXT_CHECK_PASS","0","NO","YES","","","b0ade9d65bcb3d711bdf020a29e155824fcb52b4b684ceab13e39a7381c094c9","Ultimate Guitar com PRO Tabs Site Rip GPX/g/guns_n_roses_1367/guns-n-roses_shadow-of-your-love-official-2408969.gpx"
"546","Guns N'Roses","Shotgun Blues","TAB_ONLY_OR_EMPTY","HOLD","PENDING_PARSE_AND_QA","gp3","0","0","LANGUAGE_UNVERIFIED","0","NO","NO","","English lyrics not established from available text | No usable chord symbols in extracted sheet | Tab-only or empty extracted sheet","b861f37b2f40aa4b1798154e8fa0c37b962cb7fe0705dbd0534aa9617dbaa37c","GuitarPro_Tabs/Guns N' Roses - Shotgun Blues.gp3"
"547","Guns N'Roses","So Fine (2)","TAB_ONLY_OR_EMPTY","HOLD","PENDING_PARSE_AND_QA","gp3","0","0","LANGUAGE_UNVERIFIED","0","NO","NO","","English lyrics not established from available text | No usable chord symbols in extracted sheet | Tab-only or empty extracted sheet","56b1ddc327d7fe4428cbf3ef52af7c251f76b4343bfa846c3bc082c625c55eaf","GuitarPro_Tabs/Guns N' Roses - So Fine (2).gp3"
"548","Guns N'Roses","Sweet Child O ' Mine (Live Era '87- '93)","EXISTING_DUPLICATE","EXISTING","PENDING_PARSE_AND_QA","gp3","0","0","LANGUAGE_UNVERIFIED","0","NO","NO","","Existing artist/song or title variant — leave current song unchanged | Possible existing song or alternate title: Guns N' Roses — Sweet Child O' Mine | English lyrics not established from available text | No usable chord symbols in extracted sheet | Tab-only or empty extracted sheet","ce527e895a9626954a3e16fc2c508141feb603259358461f9a9834ad584ac202","GuitarPro_Tabs/Guns N' Roses - Sweet Child O ' Mine (Live Era '87- '93).gp3"
"549","Guns N'Roses","Sweet Child O Mines","TAB_ONLY_OR_EMPTY","HOLD","PENDING_PARSE_AND_QA","gp3","1","0","LANGUAGE_UNVERIFIED","0","NO","NO","D5","English lyrics not established from available text | Locked renderer has no chord shape for: D5 | Tab-only or empty extracted sheet","88840157d44103d6d5548b9564438cf0e5678cf3b509e8a6a69acb8497fd0634","GuitarPro_Tabs/Guns N' Roses - Sweet Child O Mines.gp3"
"550","Guns N'Roses","the godfather theme","TAB_ONLY_OR_EMPTY","HOLD","PENDING_PARSE_AND_QA","gpx","6","0","LANGUAGE_UNVERIFIED","22","NO","NO","","English lyrics not established from available text | Tab-only or empty extracted sheet | Exact locked transposer fails required round-trip or slash-bass preservation","daa080d289533fc225ed221ef35179492d310d4852813ee3e1d153156644a850","Ultimate Guitar com PRO Tabs Site Rip GPX/g/guns_n_roses_1367/guns-n-roses_the-godfather-theme-official-2752044.gpx"
"551","Guns N'Roses","The Godfrather Theme","TAB_ONLY_OR_EMPTY","HOLD","PENDING_PARSE_AND_QA","gp3","0","0","LANGUAGE_UNVERIFIED","0","NO","NO","","Parsed title disagrees with proposal title | English lyrics not established from available text | No usable chord symbols in extracted sheet | Tab-only or empty extracted sheet","b9498eac9793e2e71b826bb1f7328af1a44a2d7e7b1cd9cd31745156596001df","GuitarPro_Tabs/Guns N' Roses - The Godfrather Theme.gp3"
"552","Guns N'Roses","Welcome To The Jungle (Live Version) (2)","EXISTING_DUPLICATE","EXISTING","PENDING_PARSE_AND_QA","gp3","0","0","LANGUAGE_UNVERIFIED","0","NO","NO","","Existing artist/song or title variant — leave current song unchanged | Possible existing song or alternate title: Guns N' Roses — Welcome To The Jungle | English lyrics not established from available text | No usable chord symbols in extracted sheet | Tab-only or empty extracted sheet","98402699e51fac438399a02987d9effe0ea0d76bdbd189d11db2eaa0652a7693","GuitarPro_Tabs/Guns N' Roses - Welcome To The Jungle (Live Version) (2).gp3"
"553","Guns N'Roses","Wild Horses","TAB_ONLY_OR_EMPTY","HOLD","PENDING_PARSE_AND_QA","gp3","6","0","LANGUAGE_UNVERIFIED","0","NO","NO","","English lyrics not established from available text | Tab-only or empty extracted sheet","c7c776df8d7bb8ae9085a97dd1ce81aef2bff90f78fa6d3a4eee122c9e284d55","GuitarPro_Tabs/Guns N' Roses - Wild Horses.gp3"
"554","Guns N'Roses","Yesterdays (3)","TAB_ONLY_OR_EMPTY","HOLD","PENDING_PARSE_AND_QA","gp4","0","0","LANGUAGE_UNVERIFIED","0","NO","NO","","English lyrics not established from available text | No usable chord symbols in extracted sheet | Tab-only or empty extracted sheet","b33d7ff4524f587a80c817b7ddd5636e51efcfcc4c2858421194f593c272d097","GuitarPro_Tabs/Guns N' Roses - Yesterdays (3).gp4"
"555","Guns N'Roses","You Ain 't The First (2)","TAB_ONLY_OR_EMPTY","HOLD","PENDING_PARSE_AND_QA","gp3","6","0","LANGUAGE_UNVERIFIED","44","NO","NO","","English lyrics not established from available text | Tab-only or empty extracted sheet | Exact locked transposer fails required round-trip or slash-bass preservation","909a2f4298e58203f2c7acc0cb1b50f86ecabad1d59f8cfb70241f317e90ce85","GuitarPro_Tabs/Guns N' Roses - You Ain 't The First (2).gp3"
"556","Guns N'Roses","You Could Be Mine (Live Version)","EXISTING_DUPLICATE","EXISTING","PENDING_PARSE_AND_QA","gp3","0","0","LANGUAGE_UNVERIFIED","0","NO","NO","","Existing artist/song or title variant — leave current song unchanged | Possible existing song or alternate title: Guns N' Roses — You Could Be Mine | English lyrics not established from available text | No usable chord symbols in extracted sheet | Tab-only or empty extracted sheet","13973ff96235d8ee1ba3d3e9fbaccacfcf1369df17419e8d350bf2e2594d7c21","GuitarPro_Tabs/Guns N' Roses - You Could Be Mine (Live Version).gp3"
"557","Guns N'Roses","youre crazy","REVIEWABLE_CHORD_SHEET","REVIEWABLE","PENDING_PARSE_AND_QA","gpx","18","262","ENGLISH_TEXT_CHECK_PASS","0","YES","NO","","","82d685715075d58eb418d75ec8d14ce153e3b4b399a7c7c788f023398a105cf0","Ultimate Guitar com PRO Tabs Site Rip GPX/g/guns_n_roses_1367/guns-n-roses_youre-crazy-official-3356810.gpx"
"558","Hall and Oates","i cant go for that no can do","REVIEWABLE_CHORD_SHEET","REVIEWABLE","PENDING_PARSE_AND_QA","gpx","10","437","ENGLISH_TEXT_CHECK_PASS","0","YES","YES","","","40fb8ba570139fec679060615f2791e923984188680a83e1904e56859c6b38fd","Ultimate Guitar com PRO Tabs Site Rip GPX/h/hall_oates_1241/hall-oates_i-cant-go-for-that-no-can-do-official-3122519.gpx"
"559","Hall and Oates","Maneater","EXISTING_DUPLICATE","EXISTING","SKIPPED_ALREADY_CURRENT","gpx","11","305","ENGLISH_TEXT_CHECK_PASS","0","YES","YES","","Existing artist/song or title variant — leave current song unchanged","a096f01576d5f3c7e50ab97903a49eae72ee5ba23ca761c1d0a5b9a63f08c1ac","Ultimate Guitar com PRO Tabs Site Rip GPX/h/hall_oates_1241/hall-oates_maneater-official-2418123.gpx"
"560","Hall and Oates","rich girl","TRANSPOSE_FAILURE","HOLD","PENDING_PARSE_AND_QA","gpx","7","371","ENGLISH_TEXT_CHECK_PASS","23","NO","YES","","Exact locked transposer fails required round-trip or slash-bass preservation","e56aac4a521836d73aa71cdc51efbb1b9987193498aea448200f8b5e9ff44752","Ultimate Guitar com PRO Tabs Site Rip GPX/h/hall_oates_1241/hall-oates_rich-girl-official-2830243.gpx"
"561","Heart","alone","TRANSPOSE_FAILURE","HOLD","PENDING_PARSE_AND_QA","gpx","14","211","ENGLISH_TEXT_CHECK_PASS","115","YES","YES","","Exact locked transposer fails required round-trip or slash-bass preservation","552b41d5beca2879f8410108b642af47f251bfee768cf13bf74f3e5aa8045bb9","Ultimate Guitar com PRO Tabs Site Rip GPX/h/heart_2803/heart_alone-official-2669550.gpx"
"562","Heart","Crazy On You (Intro)","EXISTING_DUPLICATE","EXISTING","PENDING_PARSE_AND_QA","gp4","0","0","LANGUAGE_UNVERIFIED","0","NO","NO","","Existing artist/song or title variant — leave current song unchanged | Possible existing song or alternate title: Heart — Crazy on You | May be a medley, fragment or exercise; full-song identity needs confirmation. | English lyrics not established from available text | No usable chord symbols in extracted sheet | Tab-only or empty extracted sheet","1062277d9ca2bf10154293707dbad1194ce075f6920e5774ebc436b1217a3e33","GuitarPro_Tabs/heart - Crazy On You (Intro).gp4"
"563","Heart","Dreamboat Annie","TAB_ONLY_OR_EMPTY","HOLD","PENDING_PARSE_AND_QA","gp3","0","0","LANGUAGE_UNVERIFIED","0","NO","NO","","English lyrics not established from available text | No usable chord symbols in extracted sheet | Tab-only or empty extracted sheet","3cd913d7d5223f58ae0daeeb7d7b636f97830ad4967c2263afd25414f64fd418","GuitarPro_Tabs/heart - Dreamboat Annie.gp3"
"564","Heart","magic man","REVIEWABLE_CHORD_SHEET","REVIEWABLE","PENDING_PARSE_AND_QA","gpx","9","317","ENGLISH_TEXT_CHECK_PASS","0","YES","NO","","","805db2bd759799556af04bd1289bd6ca612bc1faa19b2b70ee87ac79e00d732f","Ultimate Guitar com PRO Tabs Site Rip GPX/h/heart_2803/heart_magic-man-official-2843756.gpx"
"565","Hole","violet","TRANSPOSE_FAILURE","HOLD","PENDING_PARSE_AND_QA","gpx","13","336","ENGLISH_TEXT_CHECK_PASS","23","YES","YES","","Exact locked transposer fails required round-trip or slash-bass preservation","ee307c6eb8832c881eebe7242385d713aff5013ca3c2210d8d8bfcdce7e14f9e","Ultimate Guitar com PRO Tabs Site Rip GPX/h/hole_1278/hole_violet-official-2596389.gpx"
"566","Hootie The Blowfish","Hold My Hand","EXISTING_DUPLICATE","EXISTING","SKIPPED_ALREADY_CURRENT","gpx","5","388","ENGLISH_TEXT_CHECK_PASS","0","NO","NO","","Existing artist/song or title variant — leave current song unchanged","f28e79dc4428e788e846e13d3fd3f63fd5f66e8fdb433f7b8436325caf0e5d92","Ultimate Guitar com PRO Tabs Site Rip GPX/h/hootie_the_blowfish_1244/hootie-the-blowfish_hold-my-hand-official-2690925.gpx"
"567","Hootie The Blowfish","Let Her Cry","EXISTING_DUPLICATE","EXISTING","SKIPPED_ALREADY_CURRENT","gpx","4","379","ENGLISH_TEXT_CHECK_PASS","0","NO","NO","","Existing artist/song or title variant — leave current song unchanged","75b1626526ec5d2b8acc24fb7cb67e6904f175341005639b9a0411dfa469eadd","Ultimate Guitar com PRO Tabs Site Rip GPX/h/hootie_the_blowfish_1244/hootie-the-blowfish_let-her-cry-official-2591190.gpx"
"568","Hootie The Blowfish","only wanna be with you","REVIEWABLE_CHORD_SHEET","REVIEWABLE","PENDING_PARSE_AND_QA","gpx","5","347","ENGLISH_TEXT_CHECK_PASS","0","NO","YES","","","ac4f5c45c2c25aadb7e187193a09e805b61a15251ef0136c04e951f17655d026","Ultimate Guitar com PRO Tabs Site Rip GPX/h/hootie_the_blowfish_1244/hootie-the-blowfish_only-wanna-be-with-you-official-2987159.gpx"
"569","Huey Lewis & The News","hip to be square","TRANSPOSE_FAILURE","HOLD","PENDING_PARSE_AND_QA","gpx","11","349","ENGLISH_TEXT_CHECK_PASS","46","YES","YES","","Exact locked transposer fails required round-trip or slash-bass preservation","c12ec5515a946ce422fca1c3ffbeb1e4c651e80cc122c499f9c8bb195fa9a509","Ultimate Guitar com PRO Tabs Site Rip GPX/h/huey_lewis_the_news_3819/huey-lewis-the-news_hip-to-be-square-official-3673649.gpx"
"570","Huey Lewis & The News","Power Of Love","EXISTING_DUPLICATE","EXISTING","PENDING_PARSE_AND_QA","gp4","0","0","LANGUAGE_UNVERIFIED","0","NO","NO","","Existing artist/song or title variant — leave current song unchanged | Possible existing song or alternate title: Huey Lewis & The News — The Power of Love | English lyrics not established from available text | No usable chord symbols in extracted sheet | Tab-only or empty extracted sheet","b55110411d67df90b9ffb478d8f27e85a03c69e15d5258c82e96991b29bc240b","GuitarPro_Tabs/Huey Lewis And The News - Power Of Love.gp4"
"571","Huey Lewis & The News","Slammin ' (2)","TAB_ONLY_OR_EMPTY","HOLD","PENDING_PARSE_AND_QA","gp3","0","0","LANGUAGE_UNVERIFIED","0","NO","NO","","English lyrics not established from available text | No usable chord symbols in extracted sheet | Tab-only or empty extracted sheet","2a0d3b5a8e6a64fd6b12b9c98f6b65e4ad21027e58e818aee190660ccf9c5fd8","GuitarPro_Tabs/Huey Lewis And The News - Slammin ' (2).gp3"
"572","Jackson Browne","these days","TRANSPOSE_FAILURE","HOLD","PENDING_PARSE_AND_QA","gpx","6","147","ENGLISH_TEXT_CHECK_PASS","46","NO","YES","","Parsed title disagrees with proposal title | Exact locked transposer fails required round-trip or slash-bass preservation","dae0289925d4ee119b73a0db6a3283b2670d81d52880a0d82b51839e0faaa155","Ultimate Guitar com PRO Tabs Site Rip GPX/j/jackson_browne_9892/jackson-browne_these-days-official-3347273.gpx"
"573","Jane's Addiction","Obvious","TAB_ONLY_OR_EMPTY","HOLD","PENDING_PARSE_AND_QA","gp3","0","0","LANGUAGE_UNVERIFIED","0","NO","NO","","English lyrics not established from available text | No usable chord symbols in extracted sheet | Tab-only or empty extracted sheet","d61640effaf001c89463c8294a50d1a63e9b63857600ec3a2658b711d87f50e0","GuitarPro_Tabs/Jane's Addiction - Obvious.gp3"
"574","Jane's Addiction","Stop","TAB_ONLY_OR_EMPTY","HOLD","PENDING_PARSE_AND_QA","gp3","0","0","LANGUAGE_UNVERIFIED","0","NO","NO","","English lyrics not established from available text | No usable chord symbols in extracted sheet | Tab-only or empty extracted sheet","0255f78e693ed8c580e20b28efb898a346ba2ed6c931e1e25cb2cea8c4d3b907","GuitarPro_Tabs/Jane's Addiction - Stop.gp3"
"575","Jason Mraz","93 million miles","TRANSPOSE_FAILURE","HOLD","PENDING_PARSE_AND_QA","gpx","7","294","ENGLISH_TEXT_CHECK_PASS","22","NO","YES","","Exact locked transposer fails required round-trip or slash-bass preservation","b305d185a4484fc6f2cbd2a5f95acc00ea9ac193863d0ea6ac4f9f5d88da0692","Ultimate Guitar com PRO Tabs Site Rip GPX/j/jason_mraz_10984/jason-mraz_93-million-miles-official-2453045.gpx"
"576","Jason Mraz","i wont give up","TRANSPOSE_FAILURE","HOLD","PENDING_PARSE_AND_QA","gpx","8","324","ENGLISH_TEXT_CHECK_PASS","23","NO","YES","","Exact locked transposer fails required round-trip or slash-bass preservation","9a39162a609b94fbfcb3ff533a0dd6c83f710d3ac38e2a5e8b7a5b84121fbcfa","Ultimate Guitar com PRO Tabs Site Rip GPX/j/jason_mraz_10984/jason-mraz_i-wont-give-up-official-2404601.gpx"
"577","Jason Mraz","im yours","TRANSPOSE_FAILURE","HOLD","PENDING_PARSE_AND_QA","gpx","6","418","ENGLISH_TEXT_CHECK_PASS","68","NO","YES","","Exact locked transposer fails required round-trip or slash-bass preservation","128adf36ac3b8679ca8a30e30cf4f8f511dbbeca26cb8ce24b6b58da540663fb","Ultimate Guitar com PRO Tabs Site Rip GPX/j/jason_mraz_10984/jason-mraz_im-yours-official-1910841.gpx"
"578","Jason Mraz","making it up","REVIEWABLE_CHORD_SHEET","REVIEWABLE","PENDING_PARSE_AND_QA","gpx","5","345","ENGLISH_TEXT_CHECK_PASS","0","NO","NO","","","545ec7b7aec027cf72b09702b9d478fa2b75583df9b04711ebba951e06dfc527","Ultimate Guitar com PRO Tabs Site Rip GPX/j/jason_mraz_10984/jason-mraz_making-it-up-official-2448569.gpx"
"579","Jeff Beck","cause weve ended as lovers","TAB_ONLY_OR_EMPTY","HOLD","PENDING_PARSE_AND_QA","gpx","11","0","LANGUAGE_UNVERIFIED","46","YES","YES","","English lyrics not established from available text | Tab-only or empty extracted sheet | Exact locked transposer fails required round-trip or slash-bass preservation","f1b2d2789e4531ddd3219f36925522ba8974bcfdd2ebcfda535ec1000a749d11","Ultimate Guitar com PRO Tabs Site Rip GPX/j/jeff_beck_9795/jeff-beck_cause-weve-ended-as-lovers-official-2828890.gpx"
"580","Jeff Beck","Sixteen Tons","EXISTING_DUPLICATE","EXISTING","SKIPPED_ALREADY_CURRENT","gpx","5","176","ENGLISH_TEXT_CHECK_PASS","0","NO","NO","","Existing artist/song or title variant — leave current song unchanged","0663990919be8f87cf1d4e69079f58111825928f08fe4aba758fa51150ffa80c","Ultimate Guitar com PRO Tabs Site Rip GPX/j/jeff_beck_9795/zz-top_sixteen-tons-official-2415541.gpx"
"581","Jeff Beck","the pump","TAB_ONLY_OR_EMPTY","HOLD","PENDING_PARSE_AND_QA","gpx","10","0","LANGUAGE_UNVERIFIED","0","YES","YES","","English lyrics not established from available text | Tab-only or empty extracted sheet","f4d2843dd5201d8482e19580cdb4a4ffc6a6247bde305ec6ef2ea18b9ab7333c","Ultimate Guitar com PRO Tabs Site Rip GPX/j/jeff_beck_9795/jeff-beck_the-pump-official-2338741.gpx"
"582","Jeff Beck","where were you","TAB_ONLY_OR_EMPTY","HOLD","PENDING_PARSE_AND_QA","gpx","12","0","LANGUAGE_UNVERIFIED","69","YES","YES","","English lyrics not established from available text | Tab-only or empty extracted sheet | Exact locked transposer fails required round-trip or slash-bass preservation","77c9a19767a46b190c849515b9d8de184d892d32b093a1cc797c998e0f348b42","Ultimate Guitar com PRO Tabs Site Rip GPX/j/jeff_beck_9795/jeff-beck_where-were-you-official-2280491.gpx"
"583","Jewel","Don 't","TAB_ONLY_OR_EMPTY","HOLD","PENDING_PARSE_AND_QA","gp3","0","0","LANGUAGE_UNVERIFIED","0","NO","NO","","English lyrics not established from available text | No usable chord symbols in extracted sheet | Tab-only or empty extracted sheet","91017909fb4fc53df79bd599f80f7f02858af066e68bfb8b5d3b05b9baa57c95","GuitarPro_Tabs/Jewel - Don 't.gp3"
"584","Jewel","Foolish Games","EXISTING_DUPLICATE","EXISTING","UNAVAILABLE_SOURCE","gpx","5","271","ENGLISH_TEXT_CHECK_PASS","0","NO","NO","","Existing artist/song or title variant — leave current song unchanged","77c1beb78763a2c019b5d82a2203f7cc4652fa3caac0d2a81d472c56098b47c5","Ultimate Guitar com PRO Tabs Site Rip GPX/j/jewel_1163/jewel_foolish-games-official-3808889.gpx"
"585","Jewel","Hands","TAB_ONLY_OR_EMPTY","HOLD","PENDING_PARSE_AND_QA","gp3","0","0","LANGUAGE_UNVERIFIED","0","NO","NO","","English lyrics not established from available text | No usable chord symbols in extracted sheet | Tab-only or empty extracted sheet","b5a07002a0d5a6c521e2dfe9d25b3e8d045593ce5cdd257f1b1704bffc8cbb94","GuitarPro_Tabs/Jewel - Hands.gp3"
"586","Jimmy Buffett","a pirate looks at forty","TRANSPOSE_FAILURE","HOLD","PENDING_PARSE_AND_QA","gpx","5","294","ENGLISH_TEXT_CHECK_PASS","46","NO","YES","","Exact locked transposer fails required round-trip or slash-bass preservation","5e15c3ed03f0eaa8f316894d9e981055bc0318836cdf438111bbda715d85fdb7","Ultimate Guitar com PRO Tabs Site Rip GPX/j/jimmy_buffett_9902/jimmy-buffett_a-pirate-looks-at-forty-official-3206798.gpx"
"587","Jimmy Buffett","Knee Deep","EXISTING_DUPLICATE","EXISTING","SKIPPED_ALREADY_CURRENT","gpx","9","411","ENGLISH_TEXT_CHECK_PASS","0","YES","YES","","Existing artist/song or title variant — leave current song unchanged","785edbe528295452cb212a8549e11dc300a8009b2a58e7c08e6ae7f286910b71","Ultimate Guitar com PRO Tabs Site Rip GPX/j/jimmy_buffett_9902/zac-brown-band_knee-deep-official-2792413.gpx"
"588","Joan Jett & The Blackhearts","Bad Karma","EXISTING_DUPLICATE","EXISTING","SKIPPED_ALREADY_CURRENT","gpx","3","312","ENGLISH_TEXT_CHECK_PASS","0","NO","NO","","Existing artist/song or title variant — leave current song unchanged","86672d471da2325e9580dedfa2750e8dfb9eac22043a91d9c2a86958d8803ff7","Ultimate Guitar com PRO Tabs Site Rip GPX/j/joan_jett_9132/miley-cyrus_bad-karma-official-3455705.gpx"
"589","Joan Jett & The Blackhearts","bad reputation","TRANSPOSE_FAILURE","HOLD","PENDING_PARSE_AND_QA","gpx","5","325","ENGLISH_TEXT_CHECK_PASS","22","NO","NO","","Exact locked transposer fails required round-trip or slash-bass preservation","1c1c812e72a3cb0d9acb21c08c0188e58eacc0544ef9a99830de219f134f291c","Ultimate Guitar com PRO Tabs Site Rip GPX/j/joan_jett_9132/joan-jett_bad-reputation-official-2165495.gpx"
"590","Joan Jett & The Blackhearts","real wild child","REVIEWABLE_CHORD_SHEET","REVIEWABLE","PENDING_PARSE_AND_QA","gpx","3","221","ENGLISH_TEXT_CHECK_PASS","0","NO","NO","","","056c7bf38746cf7ee0d5c3c2512b55cb7f2b9d85221af24dd57d90b1cfef69b7","Ultimate Guitar com PRO Tabs Site Rip GPX/j/joan_jett_and_the_blackhearts_36980/joan-jett-and-the-blackhearts_real-wild-child-official-2537418.gpx"
"591","Joe Jackson","is she really going out with him","TRANSPOSE_FAILURE","HOLD","PENDING_PARSE_AND_QA","gpx","9","322","ENGLISH_TEXT_CHECK_PASS","23","YES","YES","","Exact locked transposer fails required round-trip or slash-bass preservation","cfb611444fd58a2bb9e79fc995b3b0c67766a46138ea49027589f354620587b7","Ultimate Guitar com PRO Tabs Site Rip GPX/j/joe_jackson_10581/joe-jackson_is-she-really-going-out-with-him-official-3329039.gpx"
"592","Joe Jackson","nineteen forever","REVIEWABLE_CHORD_SHEET","REVIEWABLE","PENDING_PARSE_AND_QA","gpx","8","209","ENGLISH_TEXT_CHECK_PASS","0","NO","NO","","","91a739f38368dd74faf7fad181bff88033685374d3432fc1dbc3f8a704eaa638","Ultimate Guitar com PRO Tabs Site Rip GPX/j/joe_jackson_10581/joe-jackson_nineteen-forever-official-2374827.gpx"
"593","John Fogerty","centerfield","TRANSPOSE_FAILURE","HOLD","PENDING_PARSE_AND_QA","gpx","6","286","ENGLISH_TEXT_CHECK_PASS","23","NO","YES","A-","Locked renderer has no chord shape for: A- | Exact locked transposer fails required round-trip or slash-bass preservation","cf90b94d076c55660b8b1ab96a44ebc45e4d36b1b4f31c79684f949090ed0f9a","Ultimate Guitar com PRO Tabs Site Rip GPX/j/john_fogerty_10288/john-fogerty_centerfield-official-3272132.gpx"
"594","John Fogerty","looking out my back door","TRANSPOSE_FAILURE","HOLD","PENDING_PARSE_AND_QA","gpx","8","186","ENGLISH_TEXT_CHECK_PASS","23","NO","YES","","Exact locked transposer fails required round-trip or slash-bass preservation","c4b0c3df584bd4b755c230af4b90d2dd386abf77ff6267558049fb4aa0195346","Ultimate Guitar com PRO Tabs Site Rip GPX/j/john_fogerty_10288/john-fogerty_looking-out-my-back-door-official-3424703.gpx"
"595","John Lee Hooker","Boom Boom","EXISTING_DUPLICATE","EXISTING","SKIPPED_ALREADY_CURRENT","gpx","3","124","ENGLISH_TEXT_CHECK_PASS","0","NO","NO","","Existing artist/song or title variant — leave current song unchanged","1fd596568d3d9a5d25879dc866d2aaf21edceb22367ad12132756003ddbb4292","Ultimate Guitar com PRO Tabs Site Rip GPX/j/john_lee_hooker_10544/john-lee-hooker_boom-boom-official-1996645.gpx"
"596","John Lennon","oh my love","REVIEWABLE_CHORD_SHEET","REVIEWABLE","PENDING_PARSE_AND_QA","gpx","6","125","ENGLISH_TEXT_CHECK_PASS","0","NO","NO","","","1ed24096395e32b246be1178872777581e7fcfa540be1dab8e01695d581b8701","Ultimate Guitar com PRO Tabs Site Rip GPX/j/john_lennon_10753/john-lennon_oh-my-love-official-2599497.gpx"
"597","John Lennon","watching the wheels","TRANSPOSE_FAILURE","HOLD","PENDING_PARSE_AND_QA","gpx","11","265","ENGLISH_TEXT_CHECK_PASS","68","YES","YES","","Exact locked transposer fails required round-trip or slash-bass preservation","37389223db688c0928f370048d87e10a66ac440b019bfcaa47dc22d0a82cdbb6","Ultimate Guitar com PRO Tabs Site Rip GPX/j/john_lennon_10753/john-lennon_watching-the-wheels-official-3425888.gpx"
"598","John Lennon","woman","TRANSPOSE_FAILURE","HOLD","PENDING_PARSE_AND_QA","gpx","17","189","ENGLISH_TEXT_CHECK_PASS","114","YES","YES","","Exact locked transposer fails required round-trip or slash-bass preservation","df9362dce2fabbd2a1617807bf39c0edd4bb7701511656874bdf446ca5d887e7","Ultimate Guitar com PRO Tabs Site Rip GPX/j/john_lennon_10753/john-lennon_woman-official-2490900.gpx"
"599","John Mayall The Bluesbreakers","All Your Love","EXISTING_DUPLICATE","EXISTING","SKIPPED_ALREADY_CURRENT","gpx","6","167","ENGLISH_TEXT_CHECK_PASS","0","NO","NO","","Existing artist/song or title variant — leave current song unchanged","50eb88329329db8cceefc4e2bc88db57236fefe3c2265bc9204c2f5fab08e8c9","Ultimate Guitar com PRO Tabs Site Rip GPX/j/john_mayall_the_bluesbreakers_16634/john-mayall-the-bluesbreakers_all-your-love-official-3801311.gpx"
"600","John Mayall The Bluesbreakers","hideaway","TAB_ONLY_OR_EMPTY","HOLD","PENDING_PARSE_AND_QA","gpx","4","0","LANGUAGE_UNVERIFIED","0","NO","NO","","English lyrics not established from available text | Tab-only or empty extracted sheet","6210bfdcd6ea6a2ffbd8e5503b50d3e944e4d2106a062295d6bde99a89d7d4a0","Ultimate Guitar com PRO Tabs Site Rip GPX/j/john_mayall_the_bluesbreakers_16634/john-mayall-the-bluesbreakers_hideaway-official-2080829.gpx"
"601","John Mayall The Bluesbreakers","steppin out","TAB_ONLY_OR_EMPTY","HOLD","PENDING_PARSE_AND_QA","gpx","3","0","LANGUAGE_UNVERIFIED","0","NO","NO","","English lyrics not established from available text | Tab-only or empty extracted sheet","691509d9d4398a914ede968ec3dcb428f098a867dee7147dd04c5b82a05d0c17","Ultimate Guitar com PRO Tabs Site Rip GPX/j/john_mayall_the_bluesbreakers_16634/john-mayall-the-bluesbreakers_steppin-out-official-3627338.gpx"
"602","John Mayer Trio","another kind of green","TRANSPOSE_FAILURE","HOLD","PENDING_PARSE_AND_QA","gpx","8","278","ENGLISH_TEXT_CHECK_PASS","22","NO","YES","","Exact locked transposer fails required round-trip or slash-bass preservation","fec2160980e8f941cb2f3d1414226560d0ee7e164128819d848f862a394f3360","Ultimate Guitar com PRO Tabs Site Rip GPX/j/john_mayer_trio_588701/john-mayer-trio_another-kind-of-green-official-3333221.gpx"
"603","Johnny Cash","a boy named sue","REVIEWABLE_CHORD_SHEET","REVIEWABLE","PENDING_PARSE_AND_QA","gpx","3","630","ENGLISH_TEXT_CHECK_PASS","0","NO","NO","","","40244a2ae420a85a0e54d074c8e4a51a3d101f42f5974be5644c980bda1b4c00","Ultimate Guitar com PRO Tabs Site Rip GPX/j/johnny_cash_10001/johnny-cash_a-boy-named-sue-official-2434613.gpx"
"604","Johnny Cash","big iron","REVIEWABLE_CHORD_SHEET","REVIEWABLE","PENDING_PARSE_AND_QA","gpx","3","423","ENGLISH_TEXT_CHECK_PASS","0","NO","NO","","","fcaddd565ebcbee638f3ccbb1314ee907a66151691aa42cf58bfefdb952dc0b5","Ultimate Guitar com PRO Tabs Site Rip GPX/j/johnny_cash_10001/johnny-cash_big-iron-official-3756182.gpx"
"605","Johnny Cash","cry cry cry","REVIEWABLE_CHORD_SHEET","REVIEWABLE","PENDING_PARSE_AND_QA","gpx","3","255","ENGLISH_TEXT_CHECK_PASS","0","NO","NO","","","c2d0addfc7d80cfcd351a467418dd669bd805805dc3d35109b552962a6544100","Ultimate Guitar com PRO Tabs Site Rip GPX/j/johnny_cash_10001/johnny-cash_cry-cry-cry-official-2141143.gpx"
"606","Johnny Cash","danny boy","REVIEWABLE_CHORD_SHEET","REVIEWABLE","PENDING_PARSE_AND_QA","gpx","9","170","ENGLISH_TEXT_CHECK_PASS","0","YES","NO","","","377ceaff63892317419d7d5539d2524529f41e66d025d5918b72600b9bec7be1","Ultimate Guitar com PRO Tabs Site Rip GPX/j/johnny_cash_10001/johnny-cash_danny-boy-official-2742990.gpx"
"607","Johnny Cash","dont take your guns to town","REVIEWABLE_CHORD_SHEET","REVIEWABLE","PENDING_PARSE_AND_QA","gpx","3","364","ENGLISH_TEXT_CHECK_PASS","0","NO","NO","","","ce20d45f8cb9c1a8c24770857c0ab6ca9fac5bf4d8c0f2da54a7850f84de957a","Ultimate Guitar com PRO Tabs Site Rip GPX/j/johnny_cash_10001/johnny-cash_dont-take-your-guns-to-town-official-2371457.gpx"
"608","Johnny Cash","the beast in me","TRANSPOSE_FAILURE","HOLD","PENDING_PARSE_AND_QA","gpx","6","148","ENGLISH_TEXT_CHECK_PASS","22","NO","NO","","Exact locked transposer fails required round-trip or slash-bass preservation","90360e069534b8299abf95e9d3bbf69a15a42561e693a3da37e632c737360f84","Ultimate Guitar com PRO Tabs Site Rip GPX/j/johnny_cash_10001/johnny-cash_the-beast-in-me-official-2778295.gpx"
"609","Johnny Cash","the man comes around","REVIEWABLE_CHORD_SHEET","REVIEWABLE","PENDING_PARSE_AND_QA","gpx","4","390","ENGLISH_TEXT_CHECK_PASS","0","NO","NO","","","387790633cb8467aa65d5bab043dfe36b0c38b409122ff5d4baa3b116da8081a","Ultimate Guitar com PRO Tabs Site Rip GPX/j/johnny_cash_10001/johnny-cash_the-man-comes-around-official-2926013.gpx"
"610","Johnny Cash","We'll Meet Again","EXISTING_DUPLICATE","EXISTING","SKIPPED_ALREADY_CURRENT","gpx","21","215","ENGLISH_TEXT_CHECK_PASS","90","YES","YES","","Existing artist/song or title variant — leave current song unchanged | Exact locked transposer fails required round-trip or slash-bass preservation","706175a2474552f0f45968ca0a2804b0856d388a8603d5a5d84734d537786099","Ultimate Guitar com PRO Tabs Site Rip GPX/j/johnny_cash_10001/johnny-cash_well-meet-again-official-3413258.gpx"
"611","Josie And The Pussycats","Three Small Words","TAB_ONLY_OR_EMPTY","HOLD","PENDING_PARSE_AND_QA","gp3","0","0","LANGUAGE_UNVERIFIED","0","NO","NO","","English lyrics not established from available text | No usable chord symbols in extracted sheet | Tab-only or empty extracted sheet","ebd638a1cb34dd603de5f0bba43231be221c33b6b56a0601699f15052e078281","GuitarPro_Tabs/Josie And The Pussycats - Three Small Words.gp3"
"612","Josie And The Pussycats","You 're A Star","TAB_ONLY_OR_EMPTY","HOLD","PENDING_PARSE_AND_QA","gp3","0","0","LANGUAGE_UNVERIFIED","0","NO","NO","","English lyrics not established from available text | No usable chord symbols in extracted sheet | Tab-only or empty extracted sheet","1e7da6d67966be02725b06dd8e8468d75b3b3684a2d588f8f059ea3eb05fec1e","GuitarPro_Tabs/Josie And The Pussycats - You 're A Star.gp3"
"613","Journey","do you recall","REVIEWABLE_CHORD_SHEET","REVIEWABLE","PENDING_PARSE_AND_QA","gpx","5","218","ENGLISH_TEXT_CHECK_PASS","0","NO","NO","","","0d2da4b0ebe87d87445a951d000c5e909bc227895ece64590fdd03b5a2a7e48f","Ultimate Guitar com PRO Tabs Site Rip GPX/j/journey_1158/journey_do-you-recall-official-2334363.gpx"
"614","Journey","Seperate Ways","TAB_ONLY_OR_EMPTY","HOLD","PENDING_PARSE_AND_QA","gp3","0","0","LANGUAGE_UNVERIFIED","0","NO","NO","","English lyrics not established from available text | No usable chord symbols in extracted sheet | Tab-only or empty extracted sheet","af3f081e30a5c176a3ba2bbff20a59cc3aeab17c9dca8fcbe00485c8648172cf","GuitarPro_Tabs/Journey - Seperate Ways.gp3"
"615","Journey","stone in love","TRANSPOSE_FAILURE","HOLD","PENDING_PARSE_AND_QA","gpx","11","182","ENGLISH_TEXT_CHECK_PASS","113","YES","YES","","Exact locked transposer fails required round-trip or slash-bass preservation","af5121cd7e340429b62a902e3cd61f6b82ad4f40c4ed6dc3f9c36ccba4eb347f","Ultimate Guitar com PRO Tabs Site Rip GPX/j/journey_1158/journey_stone-in-love-official-2906900.gpx"
"616","Juice Newton","queen of hearts","REVIEWABLE_CHORD_SHEET","REVIEWABLE","PENDING_PARSE_AND_QA","gpx","5","385","ENGLISH_TEXT_CHECK_PASS","0","NO","NO","","","52eb71b7b3444264d87b84300b78f98db6eee7d936a283fae84ce33f841a16ab","Ultimate Guitar com PRO Tabs Site Rip GPX/j/juice_newton_11009/juice-newton_queen-of-hearts-official-3714149.gpx"
"617","Kate Bush","wuthering heights","TRANSPOSE_FAILURE","HOLD","PENDING_PARSE_AND_QA","gpx","11","321","ENGLISH_TEXT_CHECK_PASS","23","YES","YES","","Exact locked transposer fails required round-trip or slash-bass preservation","d5480a9110ddb3492fa96f78a0a1e79f84602577d2abfbd5997d8c629a8f57ed","Ultimate Guitar com PRO Tabs Site Rip GPX/k/kate_bush_9914/kate-bush_wuthering-heights-official-2544384.gpx"
"618","Katrina And The Waves","walking on sunshine","REVIEWABLE_CHORD_SHEET","REVIEWABLE","PENDING_PARSE_AND_QA","gpx","3","418","ENGLISH_TEXT_CHECK_PASS","0","NO","NO","","","c20b8e542a1e9d1e697b7a4ff789d0288d79b06b18c8fea96abcdcdeff89719a","Ultimate Guitar com PRO Tabs Site Rip GPX/k/katrina_and_the_waves_13463/katrina-and-the-waves_walking-on-sunshine-official-2850608.gpx"
"619","Keb' Mo'","Hand It Over","TAB_ONLY_OR_EMPTY","HOLD","PENDING_PARSE_AND_QA","gp3","12","0","LANGUAGE_UNVERIFIED","115","YES","YES","","English lyrics not established from available text | Tab-only or empty extracted sheet | Exact locked transposer fails required round-trip or slash-bass preservation","bee3c818d1b1eea8260fe4527387c3935d45b86bdd0a9e012959ab2251846dc1","GuitarPro_Tabs/Keb'Mo' - Hand It Over.gp3"
"620","Keb' Mo'","Love Blues","TAB_ONLY_OR_EMPTY","HOLD","PENDING_PARSE_AND_QA","gp3","5","0","LANGUAGE_UNVERIFIED","0","NO","NO","","English lyrics not established from available text | Tab-only or empty extracted sheet","dbe34a7f4a39e3d494ccce1459cafb81272bf64085f62080c58045497bea463c","GuitarPro_Tabs/Keb'Mo' - Love Blues.gp3"
"621","Keb' Mo'","Perpetual Blues Machine","TAB_ONLY_OR_EMPTY","HOLD","PENDING_PARSE_AND_QA","gp3","8","0","LANGUAGE_UNVERIFIED","46","NO","YES","D9/F# | D7/F#","English lyrics not established from available text | Locked renderer has no chord shape for: D9/F#, D7/F# | Tab-only or empty extracted sheet | Exact locked transposer fails required round-trip or slash-bass preservation","cdbd80c3fd0f83b481310f590ef29cc0ca81369edd4eff1c831aad0353030775","GuitarPro_Tabs/Keb'Mo' - Perpetual Blues Machine.gp3"
"622","Keb' Mo'","You Can Love Yourself (1)","TAB_ONLY_OR_EMPTY","HOLD","PENDING_PARSE_AND_QA","gp3","8","0","LANGUAGE_UNVERIFIED","0","NO","YES","","English lyrics not established from available text | Tab-only or empty extracted sheet","94cc39c46ec3833f64e7c33b6dec899ea2977b462b82c175ee63fa3d07def0c1","GuitarPro_Tabs/Keb'Mo' - You Can Love Yourself (1).gp3"
"623","Lady Gaga","911","TRANSPOSE_FAILURE","HOLD","PENDING_PARSE_AND_QA","gpx","9","416","ENGLISH_TEXT_CHECK_PASS","46","YES","YES","","Exact locked transposer fails required round-trip or slash-bass preservation","4bd642b0e43c2b08e7d410dbe87c69b310b9a18e56246025a377829f74d09f48","Ultimate Guitar com PRO Tabs Site Rip GPX/l/lady_gaga_21818/lady-gaga_911-official-3271295.gpx"
"624","Lady Gaga","A Star Is Born - Diggin My Grave","EXISTING_DUPLICATE","EXISTING","SKIPPED_ALREADY_CURRENT","gpx","4","294","ENGLISH_TEXT_CHECK_PASS","0","NO","NO","","Existing artist/song or title variant — leave current song unchanged","c81430e71b1139ae8a558dace61706db4d34b6e79b2c3c791ed88b5edba24ed2","Ultimate Guitar com PRO Tabs Site Rip GPX/l/lady_gaga_21818/misc-soundtrack_a-star-is-born-diggin-my-grave-official-2940074.gpx"
"625","Lady Gaga","enigma","REVIEWABLE_CHORD_SHEET","REVIEWABLE","PENDING_PARSE_AND_QA","gpx","5","348","ENGLISH_TEXT_CHECK_PASS","0","NO","NO","","","096e62935e9116a18042d13cdf834ded0206065102d0772b34941f7b08bbdfa1","Ultimate Guitar com PRO Tabs Site Rip GPX/l/lady_gaga_21818/lady-gaga_enigma-official-3260228.gpx"
"626","Lady Gaga","free woman","REVIEWABLE_CHORD_SHEET","REVIEWABLE","PENDING_PARSE_AND_QA","gpx","7","347","ENGLISH_TEXT_CHECK_PASS","0","NO","YES","","","1af837d105bdf28dd50361388b2a7573b7f2fa9fbe3ac44870fab58a2c7c44e3","Ultimate Guitar com PRO Tabs Site Rip GPX/l/lady_gaga_21818/lady-gaga_free-woman-official-3248897.gpx"
"627","Lady Gaga","I'll Never Love Again","EXISTING_DUPLICATE","EXISTING","SKIPPED_ALREADY_CURRENT","gpx","8","409","ENGLISH_TEXT_CHECK_PASS","0","NO","NO","","Existing artist/song or title variant — leave current song unchanged","f705e9b842a55ebf59a3afc874946252a82a36142e109e67e6dccefc32adebad","Ultimate Guitar com PRO Tabs Site Rip GPX/l/lady_gaga_21818/misc-soundtrack_a-star-is-born-ill-never-love-again-official-2489607.gpx"
"628","Lady Gaga","just dance","REVIEWABLE_CHORD_SHEET","REVIEWABLE","PENDING_PARSE_AND_QA","gpx","5","631","ENGLISH_TEXT_CHECK_PASS","0","NO","NO","","","ce4cad6718d3906d119032b8ac9b5d4024af8b328f792a002de43d88b5d1fed3","Ultimate Guitar com PRO Tabs Site Rip GPX/l/lady_gaga_21818/lady-gaga_just-dance-official-2524083.gpx"
"629","Lady Gaga","paparazzi","REVIEWABLE_CHORD_SHEET","REVIEWABLE","PENDING_PARSE_AND_QA","gpx","5","410","ENGLISH_TEXT_CHECK_PASS","0","NO","NO","","","dc3a4c05ad27c35f3c31e5d5e2a20dc2a8a56b2e4b99435b0b76cbf1351685cc","Ultimate Guitar com PRO Tabs Site Rip GPX/l/lady_gaga_21818/lady-gaga_paparazzi-official-1976883.gpx"
"630","Lady Gaga","plastic doll","TRANSPOSE_FAILURE","HOLD","PENDING_PARSE_AND_QA","gpx","6","284","ENGLISH_TEXT_CHECK_PASS","23","NO","YES","","Exact locked transposer fails required round-trip or slash-bass preservation","5a732655b58dae2697e14a87b597f8f3963f7676005735283a189fae5b8f394f","Ultimate Guitar com PRO Tabs Site Rip GPX/l/lady_gaga_21818/lady-gaga_plastic-doll-official-3250553.gpx"
"631","Lady Gaga","replay","TRANSPOSE_FAILURE","HOLD","PENDING_PARSE_AND_QA","gpx","6","364","ENGLISH_TEXT_CHECK_PASS","23","NO","YES","","Exact locked transposer fails required round-trip or slash-bass preservation","54bb1653e636daa2d09781a439c561b842fc275df03d8a4433f3455a0f8c233b","Ultimate Guitar com PRO Tabs Site Rip GPX/l/lady_gaga_21818/lady-gaga_replay-official-3299606.gpx"
"632","Lady Gaga","sine from above","REVIEWABLE_CHORD_SHEET","REVIEWABLE","PENDING_PARSE_AND_QA","gpx","5","337","ENGLISH_TEXT_CHECK_PASS","0","NO","NO","","","a20de73e1830efeb8169e56280eef1b313663865f0c88509e3f8302cf28b183a","Ultimate Guitar com PRO Tabs Site Rip GPX/l/lady_gaga_21818/lady-gaga_sine-from-above-official-3259490.gpx"
"633","Lady Gaga","you and i","REVIEWABLE_CHORD_SHEET","REVIEWABLE","PENDING_PARSE_AND_QA","gpx","6","498","ENGLISH_TEXT_CHECK_PASS","0","NO","NO","","","f6d25984afc010a11b26475f3fa2229825468523c80a576e59e07dbe9fa078ab","Ultimate Guitar com PRO Tabs Site Rip GPX/l/lady_gaga_21818/lady-gaga_you-and-i-official-3583418.gpx"
"634","Led Zeppelin","Absolution Blues (intro)","TAB_ONLY_OR_EMPTY","HOLD","PENDING_PARSE_AND_QA","gp3","0","0","LANGUAGE_UNVERIFIED","0","NO","NO","","May be a medley, fragment or exercise; full-song identity needs confirmation. | English lyrics not established from available text | No usable chord symbols in extracted sheet | Tab-only or empty extracted sheet","ea20d355346a56ea72c2f09adde44a6bdcfac181c78f106c26781e610d2c2203","GuitarPro_Tabs/Led Zeppelin - Absolution Blues (intro).gp3"
"635","Led Zeppelin","babe im gonna leave you","TRANSPOSE_FAILURE","HOLD","PENDING_PARSE_AND_QA","gpx","11","392","ENGLISH_TEXT_CHECK_PASS","115","YES","YES","","Exact locked transposer fails required round-trip or slash-bass preservation","76139ffab767f0cbc1e7c3f16909bfce3b73a2542831d3fceb80e142b26933d5","Ultimate Guitar com PRO Tabs Site Rip GPX/l/led_zeppelin_1036/led-zeppelin_babe-im-gonna-leave-you-official-2450563.gpx"
"636","Led Zeppelin","black mountain side","TAB_ONLY_OR_EMPTY","HOLD","PENDING_PARSE_AND_QA","gpx","4","0","LANGUAGE_UNVERIFIED","22","NO","NO","","English lyrics not established from available text | Tab-only or empty extracted sheet | Exact locked transposer fails required round-trip or slash-bass preservation","163eb867649abe1ccb04f29db1b70c32bfd7019f5577ef1b41a3fa280da1c946","Ultimate Guitar com PRO Tabs Site Rip GPX/l/led_zeppelin_1036/led-zeppelin_black-mountain-side-official-2106793.gpx"
"637","Led Zeppelin","boogie mama jam","TAB_ONLY_OR_EMPTY","HOLD","PENDING_PARSE_AND_QA","gpx","3","0","LANGUAGE_UNVERIFIED","0","NO","NO","","English lyrics not established from available text | Tab-only or empty extracted sheet","177f5436259fd4e2fddaebc916697acf61559e8e9045721f1975d01cfad95e99","Ultimate Guitar com PRO Tabs Site Rip GPX/l/led_zeppelin_1036/led-zeppelin_boogie-mama-jam-official-2346671.gpx"
"638","Led Zeppelin","Boogie With Stu (2)","TAB_ONLY_OR_EMPTY","HOLD","PENDING_PARSE_AND_QA","gp3","0","0","LANGUAGE_UNVERIFIED","0","NO","NO","","English lyrics not established from available text | No usable chord symbols in extracted sheet | Tab-only or empty extracted sheet","d8fe238d61447ab20c961cf2bd476f8bc2cad50641e6b1f1defd76a4a2cbda98","GuitarPro_Tabs/Led Zeppelin - Boogie With Stu (2).gp3"
"639","Led Zeppelin","Braun Yr Aur","TAB_ONLY_OR_EMPTY","HOLD","PENDING_PARSE_AND_QA","gp3","0","0","LANGUAGE_UNVERIFIED","0","NO","NO","","English lyrics not established from available text | No usable chord symbols in extracted sheet | Tab-only or empty extracted sheet","b2aacb938ee13ea6f1392a46bc9c24084d80fb31106d14820c0f3645b23859cf","GuitarPro_Tabs/Led Zeppelin - Braun Yr Aur.gp3"
"640","Led Zeppelin","Bron Y Aur","TAB_ONLY_OR_EMPTY","HOLD","PENDING_PARSE_AND_QA","gp3","6","0","LANGUAGE_UNVERIFIED","0","NO","YES","E4","English lyrics not established from available text | Locked renderer has no chord shape for: E4 | Tab-only or empty extracted sheet","a4ff252c14ff64dec51b3556be5671d840f8bc4103a171c8e0f11fa5db01086a","GuitarPro_Tabs/Led Zeppelin - Bron Y Aur.gp3"
"641","Led Zeppelin","bron yr aur","TAB_ONLY_OR_EMPTY","HOLD","PENDING_PARSE_AND_QA","gpx","11","0","LANGUAGE_UNVERIFIED","69","YES","YES","","English lyrics not established from available text | Tab-only or empty extracted sheet | Exact locked transposer fails required round-trip or slash-bass preservation","5194e13c03c555f2d076e51de4ef710d9612a511e747eccd033a2794034d0eb8","Ultimate Guitar com PRO Tabs Site Rip GPX/l/led_zeppelin_1036/led-zeppelin_bron-yr-aur-official-2242297.gpx"
"642","Led Zeppelin","Bron-Y-Aur Stomp","TAB_ONLY_OR_EMPTY","HOLD","PENDING_PARSE_AND_QA","gp4","0","0","LANGUAGE_UNVERIFIED","0","NO","NO","","English lyrics not established from available text | No usable chord symbols in extracted sheet | Tab-only or empty extracted sheet","40a3647ad2c0e92b66469d9021684684deefcb41ad1eaa1c1a2f8591c2374679","GuitarPro_Tabs/Led Zeppelin - Bron-Y-Aur Stomp.gp4"
"643","Led Zeppelin","Candy Store Rock","TAB_ONLY_OR_EMPTY","HOLD","PENDING_PARSE_AND_QA","gp3","0","0","LANGUAGE_UNVERIFIED","0","NO","NO","","English lyrics not established from available text | No usable chord symbols in extracted sheet | Tab-only or empty extracted sheet","86b92f0385d6b25c331a3e7caa17d14402a05db6784fcbd78139a91b06fce11a","GuitarPro_Tabs/Led Zeppelin - Candy Store Rock.gp3"
"644","Led Zeppelin","celebration day","TRANSPOSE_FAILURE","HOLD","PENDING_PARSE_AND_QA","gpx","10","246","ENGLISH_TEXT_CHECK_PASS","44","YES","NO","","Exact locked transposer fails required round-trip or slash-bass preservation","9fc9b5e7179644dacbd8086f4c60f08697d9ba3457ca1f2851d531d3a6e2451c","Ultimate Guitar com PRO Tabs Site Rip GPX/l/led_zeppelin_1036/led-zeppelin_celebration-day-official-2439205.gpx"
"645","Led Zeppelin","Communication Breakdown (Iron Maiden Version)","EXISTING_DUPLICATE","EXISTING","PENDING_PARSE_AND_QA","gp3","0","0","LANGUAGE_UNVERIFIED","0","NO","NO","","Existing artist/song or title variant — leave current song unchanged | Possible existing song or alternate title: Led Zeppelin — Communication Breakdown | English lyrics not established from available text | No usable chord symbols in extracted sheet | Tab-only or empty extracted sheet","4a27f8b4152d7f3a28bfebe3837b831a6cb934e1b09dd5b42264817b609d55ba","GuitarPro_Tabs/Led Zeppelin - Communication Breakdown (Iron Maiden Version).gp3"
"646","Led Zeppelin","Comunication Breakdown","TAB_ONLY_OR_EMPTY","HOLD","PENDING_PARSE_AND_QA","gp3","0","0","LANGUAGE_UNVERIFIED","0","NO","NO","","English lyrics not established from available text | No usable chord symbols in extracted sheet | Tab-only or empty extracted sheet","ee9b45a06a936d86d69a32d64defbb95066cc790540e1f47586db1dd0b68e5a4","GuitarPro_Tabs/Led Zeppelin - Comunication Breakdown.gp3"
"647","Led Zeppelin","Custard Pie","TAB_ONLY_OR_EMPTY","HOLD","UNAVAILABLE_SOURCE","gp3","0","4","LANGUAGE_UNVERIFIED","0","NO","NO","","English lyrics not established from available text | No usable chord symbols in extracted sheet","12c097906f98fe0e1f0ac1c1dadb82c844fc6dcda5e713632a522711ad3f9736","GuitarPro_Tabs/Led Zeppelin - Custard pie.gp3"
"648","Led Zeppelin","Dazed & Confused (Bass Completed)","EXISTING_DUPLICATE","EXISTING","PENDING_PARSE_AND_QA","gp3","1","0","LANGUAGE_UNVERIFIED","0","NO","NO","B5","Existing artist/song or title variant — leave current song unchanged | Possible existing song or alternate title: Led Zeppelin — Dazed And Confused | Similar proposed title also exists in this queue; choose at most one after identity review. | English lyrics not established from available text | Locked renderer has no chord shape for: B5 | Tab-only or empty extracted sheet","1d17d4ebcfb9f71085b58701f0061329580895351cc12e851bd07a307fda1348","GuitarPro_Tabs/Led Zeppelin - Dazed & Confused (Bass Completed).gp3"
"649","Led Zeppelin","Dazed and Confused (TSRTS)","EXISTING_DUPLICATE","EXISTING","PENDING_PARSE_AND_QA","gp3","5","0","LANGUAGE_UNVERIFIED","0","NO","NO","Gsus2","Existing artist/song or title variant — leave current song unchanged | Possible existing song or alternate title: Led Zeppelin — Dazed And Confused | Similar proposed title also exists in this queue; choose at most one after identity review. | English lyrics not established from available text | Locked renderer has no chord shape for: Gsus2 | Tab-only or empty extracted sheet","f07d4881451846d226c8f331cf8febd22f4570eee358aa4ae56f335faf7c964a","GuitarPro_Tabs/Led Zeppelin - Dazed and Confused (TSRTS).gp3"
"650","Led Zeppelin","Down By The Seaside","TAB_ONLY_OR_EMPTY","HOLD","PENDING_PARSE_AND_QA","gp4","0","0","LANGUAGE_UNVERIFIED","0","NO","NO","","English lyrics not established from available text | No usable chord symbols in extracted sheet | Tab-only or empty extracted sheet","7b61d0eb9238d6e21e9b7911841dbeb90955c1346d6db63f5fc7ce42d2cf2e15","GuitarPro_Tabs/Led Zeppelin - Down By The Seaside.gp4"
"651","Led Zeppelin","fool in the rain","TRANSPOSE_FAILURE","HOLD","PENDING_PARSE_AND_QA","gpx","6","459","ENGLISH_TEXT_CHECK_PASS","46","NO","YES","","Exact locked transposer fails required round-trip or slash-bass preservation","aecb92669369ff30adc13eaf4cc29b8a558b9abb3b13aae46e8ad944016e3065","Ultimate Guitar com PRO Tabs Site Rip GPX/l/led_zeppelin_1036/led-zeppelin_fool-in-the-rain-official-2669667.gpx"
"652","Led Zeppelin","For Your Life","TAB_ONLY_OR_EMPTY","HOLD","PENDING_PARSE_AND_QA","gp3","0","0","LANGUAGE_UNVERIFIED","0","NO","NO","","English lyrics not established from available text | No usable chord symbols in extracted sheet | Tab-only or empty extracted sheet","a380b8ace99359d3a655f76851d166c4ace5ce903616471489ad5b5dde30d18f","GuitarPro_Tabs/Led Zeppelin - For Your Life.gp3"
"653","Led Zeppelin","gallows pole","TRANSPOSE_FAILURE","HOLD","PENDING_PARSE_AND_QA","gpx","9","409","ENGLISH_TEXT_CHECK_PASS","69","YES","YES","","Parsed title disagrees with proposal title | Exact locked transposer fails required round-trip or slash-bass preservation","c7cbb716ced5ab660bd80b3408af59a48f294c31200eaae1fd82a5e173409882","Ultimate Guitar com PRO Tabs Site Rip GPX/l/led_zeppelin_1036/led-zeppelin_gallows-pole-official-2829052.gpx"
"654","Led Zeppelin","how many more times","REVIEWABLE_CHORD_SHEET","REVIEWABLE","PENDING_PARSE_AND_QA","gpx","5","363","ENGLISH_TEXT_CHECK_PASS","0","NO","NO","","","45af4e67832e48d8b1c3dce3efd0c530a425110925acaf3be4e6054b291e305b","Ultimate Guitar com PRO Tabs Site Rip GPX/l/led_zeppelin_1036/led-zeppelin_how-many-more-times-official-3714365.gpx"
"655","Led Zeppelin","Im Gonna Crawl","TAB_ONLY_OR_EMPTY","HOLD","PENDING_PARSE_AND_QA","gp3","0","0","LANGUAGE_UNVERIFIED","0","NO","NO","","English lyrics not established from available text | No usable chord symbols in extracted sheet | Tab-only or empty extracted sheet","df812ce8b9b879a9a13e81ace123fb56eb9512446ddb6a5a23fa50e68fb620a9","GuitarPro_Tabs/Led Zeppelin - Im Gonna Crawl.gp3"
"656","Led Zeppelin","immigrant song","TRANSPOSE_FAILURE","HOLD","PENDING_PARSE_AND_QA","gpx","6","177","ENGLISH_TEXT_CHECK_PASS","23","NO","YES","","Exact locked transposer fails required round-trip or slash-bass preservation","7326c0524d03819fa29413861cafc6a9676472b7ad1c11350bf91fe773a5a2a1","Ultimate Guitar com PRO Tabs Site Rip GPX/l/led_zeppelin_1036/led-zeppelin_immigrant-song-official-1920319.gpx"
"657","Led Zeppelin","in my time of dying","REVIEWABLE_CHORD_SHEET","REVIEWABLE","PENDING_PARSE_AND_QA","gpx","6","510","ENGLISH_TEXT_CHECK_PASS","0","NO","NO","","","ddd6d0638f343bc55079f5369e9cc0e4dee914d4037dfa737a3f0aafcf1e20ab","Ultimate Guitar com PRO Tabs Site Rip GPX/l/led_zeppelin_1036/led-zeppelin_in-my-time-of-dying-official-2665833.gpx"
"658","Led Zeppelin","In The Evening","TAB_ONLY_OR_EMPTY","HOLD","PENDING_PARSE_AND_QA","gp3","0","0","LANGUAGE_UNVERIFIED","0","NO","NO","","English lyrics not established from available text | No usable chord symbols in extracted sheet | Tab-only or empty extracted sheet","0a9f0e3381d1a10e0fe89c2e6cefa1d3ee0b0244493029b2409305eed0fb0bea","GuitarPro_Tabs/Led Zeppelin - In The Evening.gp3"
"659","Led Zeppelin","Kashmir (Unplugged).","EXISTING_DUPLICATE","EXISTING","PENDING_PARSE_AND_QA","gp3","0","0","LANGUAGE_UNVERIFIED","0","NO","NO","","Existing artist/song or title variant — leave current song unchanged | Possible existing song or alternate title: Led Zeppelin — Kashmir | English lyrics not established from available text | No usable chord symbols in extracted sheet | Tab-only or empty extracted sheet","04316ac4ad47c6c3f33182a7ea9fef872ba1388decdb5d0df02898931817fc06","GuitarPro_Tabs/Led Zeppelin - Kashmir (Unplugged)..gp3"
"660","Led Zeppelin","Led Zeppelin - Stairway To Heaven","EXISTING_DUPLICATE","EXISTING","PENDING_PARSE_AND_QA","gp3","19","0","LANGUAGE_UNVERIFIED","207","YES","YES","G/B | E+5/G# | A7sus4 | D/A | Em/D | C/D | Em/A | Dsus4 | Cadd9 | Cadd9#11","Parsed title disagrees with proposal title | Existing artist/song or title variant — leave current song unchanged | Artist name appears inside the source title. | Possible existing song or alternate title: Led Zeppelin — Stairway To Heaven | English lyrics not established from available text | Locked renderer has no chord shape for: G/B, E+5/G#, A7sus4, D/A, Em/D, C/D, Em/A, Dsus4, Cadd9, Cadd9#11 | Tab-only or empty extracted sheet | Exact locked transposer fails required round-trip or slash-bass preservation","5e36c68854e038e81b7ea7b42c19744c10d32e0484c9ad17f46a62772e5d894d","GuitarPro_Tabs/Led Zeppelin - Led Zeppelin - Stairway To Heaven.gp3"
"661","Led Zeppelin","Livin ' Lovin ' Maid","EXISTING_DUPLICATE","EXISTING","PENDING_PARSE_AND_QA","gp3","2","0","LANGUAGE_UNVERIFIED","0","NO","NO","","Parsed title disagrees with proposal title | Existing artist/song or title variant — leave current song unchanged | English lyrics not established from available text | Tab-only or empty extracted sheet","bcfdcc5dcd6910b4c96afd1a329307b53f51c399ef195628d68cbc74bd773a54","GuitarPro_Tabs/Led Zeppelin - Livin ' Lovin ' Maid.gp3"
"662","Led Zeppelin","moby dick","TAB_ONLY_OR_EMPTY","HOLD","PENDING_PARSE_AND_QA","gpx","6","0","LANGUAGE_UNVERIFIED","23","NO","YES","","English lyrics not established from available text | Tab-only or empty extracted sheet | Exact locked transposer fails required round-trip or slash-bass preservation","545a18890dc931c0ba0734b42febc4b20b4fe24585bfdd30a83f0f53573f798a","Ultimate Guitar com PRO Tabs Site Rip GPX/l/led_zeppelin_1036/led-zeppelin_moby-dick-official-2583852.gpx"
"663","Led Zeppelin","Moby Dick - Bonzo 's Montreux","TAB_ONLY_OR_EMPTY","HOLD","PENDING_PARSE_AND_QA","gp3","0","0","LANGUAGE_UNVERIFIED","0","NO","NO","","English lyrics not established from available text | No usable chord symbols in extracted sheet | Tab-only or empty extracted sheet","449a65f843cc51e22ab7d0792cd8cffd76941a91b7ff75f6ffd3b63a213d1ea1","GuitarPro_Tabs/Led Zeppelin - Moby Dick - Bonzo 's Montreux.gp3"
"664","Led Zeppelin","Night Flight","TAB_ONLY_OR_EMPTY","HOLD","UNAVAILABLE_SOURCE","gp3","0","100","ENGLISH_TEXT_CHECK_PASS","0","NO","NO","","No usable chord symbols in extracted sheet","0164c8b8eed4c5e9170602f133b21e7cbcbdb0f970ab49545b8aede185d8cc26","GuitarPro_Tabs/Led Zeppelin - Night Flight (2).gp3"
"665","Led Zeppelin","nobodys fault but mine","IDENTITY_DIAGRAM_OR_OTHER_HOLD","HOLD","PENDING_PARSE_AND_QA","gpx","7","146","ENGLISH_TEXT_CHECK_PASS","0","NO","NO","","Parsed title disagrees with proposal title","39c1c998cb57022891a1416b5e916f1c1612199b880658cf0e522a155f41839d","Ultimate Guitar com PRO Tabs Site Rip GPX/l/led_zeppelin_1036/led-zeppelin_nobodys-fault-but-mine-official-2830246.gpx"
"666","Led Zeppelin","out on the tiles","REVIEWABLE_CHORD_SHEET","REVIEWABLE","PENDING_PARSE_AND_QA","gpx","6","344","ENGLISH_TEXT_CHECK_PASS","0","NO","NO","","","99265f30f52d0e38f73deb42ee06a15d28f8e6df71a00f210dc472a76dc1ade0","Ultimate Guitar com PRO Tabs Site Rip GPX/l/led_zeppelin_1036/led-zeppelin_out-on-the-tiles-official-2631762.gpx"
"667","Led Zeppelin","Ozone Baby","TAB_ONLY_OR_EMPTY","HOLD","PENDING_PARSE_AND_QA","gp4","0","0","LANGUAGE_UNVERIFIED","0","NO","NO","","English lyrics not established from available text | No usable chord symbols in extracted sheet | Tab-only or empty extracted sheet","0eeaad1fd2330b59aebd5f3824c319307188098334a3abea454219f56e8da2ea","GuitarPro_Tabs/Led Zeppelin - Ozone Baby.gp4"
"668","Led Zeppelin","rock and roll","REVIEWABLE_CHORD_SHEET","REVIEWABLE","PENDING_PARSE_AND_QA","gpx","3","215","ENGLISH_TEXT_CHECK_PASS","0","NO","NO","","","0e8eecf3701e385ac32a2bc48a9548fab72196794688c482947940817cadc9ec","Ultimate Guitar com PRO Tabs Site Rip GPX/l/led_zeppelin_1036/led-zeppelin_rock-and-roll-official-1945431.gpx"
"669","Led Zeppelin","Royal Orleans","TAB_ONLY_OR_EMPTY","HOLD","PENDING_PARSE_AND_QA","gp3","0","0","LANGUAGE_UNVERIFIED","0","NO","NO","","English lyrics not established from available text | No usable chord symbols in extracted sheet | Tab-only or empty extracted sheet","59f66c257e74398e59b707b329fee396165c18777ddd09958d6d54ed940eb093","GuitarPro_Tabs/Led Zeppelin - Royal Orleans.gp3"
"670","Led Zeppelin","Stairway To Heaven (extended solo)","EXISTING_DUPLICATE","EXISTING","PENDING_PARSE_AND_QA","gp3","0","0","LANGUAGE_UNVERIFIED","0","NO","NO","","Existing artist/song or title variant — leave current song unchanged | Possible existing song or alternate title: Led Zeppelin — Stairway To Heaven | May be a medley, fragment or exercise; full-song identity needs confirmation. | English lyrics not established from available text | No usable chord symbols in extracted sheet | Tab-only or empty extracted sheet","a0b71454b70cf11c710b209e8586d7180feb5fac5f129878345cbd90da0d9a0e","GuitarPro_Tabs/Led Zeppelin - Stairway To Heaven (extended solo).gp3"
"671","Led Zeppelin","Tea For One","TAB_ONLY_OR_EMPTY","HOLD","PENDING_PARSE_AND_QA","gp4","0","0","LANGUAGE_UNVERIFIED","0","NO","NO","","English lyrics not established from available text | No usable chord symbols in extracted sheet | Tab-only or empty extracted sheet","7f3ba5d59a316ded32d3274ec7131f1c8df925859f2b81e725a7873d25bfe8bc","GuitarPro_Tabs/Led Zeppelin - Tea For One.gp4"
"672","Led Zeppelin","the battle of evermore","REVIEWABLE_CHORD_SHEET","REVIEWABLE","PENDING_PARSE_AND_QA","gpx","8","414","ENGLISH_TEXT_CHECK_PASS","0","NO","NO","","","9cad9051b2752204a35c9ff8d31e3d1978c6cb56d1f6caa34c2546926f8b6f1f","Ultimate Guitar com PRO Tabs Site Rip GPX/l/led_zeppelin_1036/led-zeppelin_the-battle-of-evermore-official-2914409.gpx"
"673","Led Zeppelin","The Girl I Love She Got Long Black Wavy Hair","TAB_ONLY_OR_EMPTY","HOLD","PENDING_PARSE_AND_QA","gp3","0","0","LANGUAGE_UNVERIFIED","0","NO","NO","","English lyrics not established from available text | No usable chord symbols in extracted sheet | Tab-only or empty extracted sheet","ba509a76142c0fb859d567beb57a68df7fe5af3fe3a29bf78e579c3f73d12a61","GuitarPro_Tabs/Led Zeppelin - The Girl I Love She Got Long Black Wavy Hair.gp3"
"674","Led Zeppelin","the rover","TRANSPOSE_FAILURE","HOLD","PENDING_PARSE_AND_QA","gpx","9","318","ENGLISH_TEXT_CHECK_PASS","23","YES","YES","","Exact locked transposer fails required round-trip or slash-bass preservation","4141757ac53a069df3a1b21e58b41567485088334e4152d55b46fda8181a2a2f","Ultimate Guitar com PRO Tabs Site Rip GPX/l/led_zeppelin_1036/led-zeppelin_the-rover-official-2606532.gpx"
"675","Led Zeppelin","The Song Remains The Same","TAB_ONLY_OR_EMPTY","HOLD","UNAVAILABLE_SOURCE","gp3","0","91","ENGLISH_TEXT_CHECK_PASS","0","NO","NO","","No usable chord symbols in extracted sheet","e6c94b8c03edf1534eb2f2ee2c14a9a2f4a1c219700e78b02bac3005edfa965a","GuitarPro_Tabs/Led Zeppelin - The Song Remains The Same.gp3"
"676","Led Zeppelin","the wanton song","REVIEWABLE_CHORD_SHEET","REVIEWABLE","PENDING_PARSE_AND_QA","gpx","15","166","ENGLISH_TEXT_CHECK_PASS","0","YES","YES","","","70c4e3883f67abe8c1f6e568ae62f9a7576215627c8cbb5adc1a846df9ec4a2b","Ultimate Guitar com PRO Tabs Site Rip GPX/l/led_zeppelin_1036/led-zeppelin_the-wanton-song-official-3414866.gpx"
"677","Led Zeppelin","Walters Walk","TAB_ONLY_OR_EMPTY","HOLD","PENDING_PARSE_AND_QA","gp4","0","0","LANGUAGE_UNVERIFIED","0","NO","NO","","English lyrics not established from available text | No usable chord symbols in extracted sheet | Tab-only or empty extracted sheet","d52ec52b08cd3ef2981ae1ac2384d7b0519e7cd505ebb1bfab422ee3540681c8","GuitarPro_Tabs/Led Zeppelin - Walters Walk.gp4"
"678","Led Zeppelin","what is and what should never be","TRANSPOSE_FAILURE","HOLD","PENDING_PARSE_AND_QA","gpx","12","353","ENGLISH_TEXT_CHECK_PASS","45","YES","YES","","Exact locked transposer fails required round-trip or slash-bass preservation","db456302c68b6d61aa95fdaf85b07a4bf61dc27ee216aeb518ff1b125622fff1","Ultimate Guitar com PRO Tabs Site Rip GPX/l/led_zeppelin_1036/led-zeppelin_what-is-and-what-should-never-be-official-2667162.gpx"
"679","Led Zeppelin","Whole Lotta Love (solo)","EXISTING_DUPLICATE","EXISTING","PENDING_PARSE_AND_QA","gp3","0","0","LANGUAGE_UNVERIFIED","0","NO","NO","","Existing artist/song or title variant — leave current song unchanged | Possible existing song or alternate title: Led Zeppelin — Whole Lotta Love | May be a medley, fragment or exercise; full-song identity needs confirmation. | English lyrics not established from available text | No usable chord symbols in extracted sheet | Tab-only or empty extracted sheet","87578834ae5263d1ee419d05ec50d7adade65b605b8fea40fea595487366731b","GuitarPro_Tabs/Led Zeppelin - Whole Lotta Love (solo).gp3"
"680","Lenny Kravitz","Fly Away","EXISTING_DUPLICATE","EXISTING","SKIPPED_ALREADY_CURRENT","gpx","4","262","ENGLISH_TEXT_CHECK_PASS","0","NO","NO","","Existing artist/song or title variant — leave current song unchanged","6ec995f095526b80d50a2a74d3eba351a9b082ce1e148fd6664ffbcb53c3326f","Ultimate Guitar com PRO Tabs Site Rip GPX/l/lenny_kravitz_9285/lenny-kravitz_fly-away-official-1948613.gpx"
"681","Lenny Kravitz","Lenny Kravitz","EXISTING_DUPLICATE","EXISTING","SKIPPED_ALREADY_CURRENT","gpx","4","189","ENGLISH_TEXT_CHECK_PASS","0","NO","NO","","Existing artist/song or title variant — leave current song unchanged | Title repeats the artist name; song identity needs confirmation.","e6fe65231acf46822ee97774a80e64bdddcf0198b87794a7512a855aa415d308","Ultimate Guitar com PRO Tabs Site Rip GPX/l/lenny_kravitz_9285/lenny-kravitz_rock-and-roll-is-dead-official-1983919.gpx"
"682","Linda Ronstadt","youre no good","REVIEWABLE_CHORD_SHEET","REVIEWABLE","PENDING_PARSE_AND_QA","gpx","6","220","ENGLISH_TEXT_CHECK_PASS","0","NO","NO","","","ee4426028eed5330d408eb99ef85847e395df79dd689656fe1a5270c60fe0b51","Ultimate Guitar com PRO Tabs Site Rip GPX/l/linda_ronstadt_11220/linda-ronstadt_youre-no-good-official-3045760.gpx"
"683","Linkin Park","Crawling (with Reanimation Arrangements)","EXISTING_DUPLICATE","EXISTING","PENDING_PARSE_AND_QA","gp3","0","0","LANGUAGE_UNVERIFIED","0","NO","NO","","Existing artist/song or title variant — leave current song unchanged | Possible existing song or alternate title: Linkin Park — Crawling | English lyrics not established from available text | No usable chord symbols in extracted sheet | Tab-only or empty extracted sheet","1f229ad95aadeda0a5b2a7b0d4a53ba2d77cc8551410c865d49e16794cd0a386","GuitarPro_Tabs/Linkin Park - Crawling (with Reanimation Arrangements).gp3"
"684","Linkin Park","Cure For The Itch","TAB_ONLY_OR_EMPTY","HOLD","PENDING_PARSE_AND_QA","gp3","0","0","LANGUAGE_UNVERIFIED","0","NO","NO","","English lyrics not established from available text | No usable chord symbols in extracted sheet | Tab-only or empty extracted sheet","048ba935582b93596e142634f10facce9e7d0bcffe28bb18caa34ca2a01d9106","GuitarPro_Tabs/Linkin Park - Cure For The Itch.gp3"
"685","Linkin Park","Enth E Nd","TAB_ONLY_OR_EMPTY","HOLD","PENDING_PARSE_AND_QA","gp4","0","0","LANGUAGE_UNVERIFIED","0","NO","NO","","English lyrics not established from available text | No usable chord symbols in extracted sheet | Tab-only or empty extracted sheet","2080834d5e193b908516dd2acd77f7d45eb8dadf8e2f90e7049bd9ba3ff92726","GuitarPro_Tabs/Linkin Park - Enth E Nd.gp4"
"686","Linkin Park","Figure","EXISTING_DUPLICATE","EXISTING","PENDING_PARSE_AND_QA","gp3","0","0","LANGUAGE_UNVERIFIED","0","NO","NO","","Parsed title disagrees with proposal title | Existing artist/song or title variant — leave current song unchanged | English lyrics not established from available text | No usable chord symbols in extracted sheet | Tab-only or empty extracted sheet","d24fafc24e3f7249d99eaa9df9f4f111110e31a971e02d19b15b404919d4e188","GuitarPro_Tabs/Linkin Park - Figure.gp3"
"687","Linkin Park","In The End (Remix)","EXISTING_DUPLICATE","EXISTING","PENDING_PARSE_AND_QA","gp3","0","0","LANGUAGE_UNVERIFIED","0","NO","NO","","Existing artist/song or title variant — leave current song unchanged | Possible existing song or alternate title: Linkin Park — In the End | English lyrics not established from available text | No usable chord symbols in extracted sheet | Tab-only or empty extracted sheet","39f4dfe65dd834b532cf0a88ec48ec7444431040678cee04e1b786958ce63978","GuitarPro_Tabs/Linkin Park - In The End (Remix).gp3"
"688","Linkin Park","KRWLNG","TAB_ONLY_OR_EMPTY","HOLD","PENDING_PARSE_AND_QA","gp3","0","0","LANGUAGE_UNVERIFIED","0","NO","NO","","Parsed title disagrees with proposal title | English lyrics not established from available text | No usable chord symbols in extracted sheet | Tab-only or empty extracted sheet","2089a53dff0b3a64e5b05abf165342f9e081d89bde5ab76ff4a3f619cfd81177","GuitarPro_Tabs/Linkin Park - KRWLNG.gp3"
"689","Linkin Park","Linkin Park - A Place For My Head (intro)","EXISTING_DUPLICATE","EXISTING","PENDING_PARSE_AND_QA","gp3","0","0","LANGUAGE_UNVERIFIED","0","NO","NO","","Parsed title disagrees with proposal title | Existing artist/song or title variant — leave current song unchanged | Artist name appears inside the source title. | Possible existing song or alternate title: Linkin Park — A Place For My Head | May be a medley, fragment or exercise; full-song identity needs confirmation. | English lyrics not established from available text | No usable chord symbols in extracted sheet | Tab-only or empty extracted sheet","0a322c844cbcdf855cb9530df2661bf62914c88b41f164216814e64ffd762719","GuitarPro_Tabs/Linkin Park - Linkin Park - A Place For My Head (intro).gp3"
"690","Linkin Park","Ntr Mission","TAB_ONLY_OR_EMPTY","HOLD","PENDING_PARSE_AND_QA","gp4","0","0","LANGUAGE_UNVERIFIED","0","NO","NO","","English lyrics not established from available text | No usable chord symbols in extracted sheet | Tab-only or empty extracted sheet","84b3cd4462e14a27394c4922ffb65837ccdb4c69f071dfed404fac10bb7917b2","GuitarPro_Tabs/Linkin Park - Ntr Mission.gp4"
"691","Linkin Park","P5hng me A WY (2)","TAB_ONLY_OR_EMPTY","HOLD","PENDING_PARSE_AND_QA","gp3","0","0","LANGUAGE_UNVERIFIED","0","NO","NO","","English lyrics not established from available text | No usable chord symbols in extracted sheet | Tab-only or empty extracted sheet","787d59d4a8670c17331bb13834b8a04821cc07f7d3923eb5ddd3612fbb6c3ddb","GuitarPro_Tabs/Linkin Park - P5hng me A WY (2).gp3"
"692","Linkin Park","Points Of Authority (Main Riff)","EXISTING_DUPLICATE","EXISTING","PENDING_PARSE_AND_QA","gp3","0","0","LANGUAGE_UNVERIFIED","0","NO","NO","","Existing artist/song or title variant — leave current song unchanged | Possible existing song or alternate title: Linkin Park — Points Of Authority | English lyrics not established from available text | No usable chord symbols in extracted sheet | Tab-only or empty extracted sheet","eb6b4649737af69ef5784416fd35469d0f2eb483b3af05b155e680bea2b7dc81","GuitarPro_Tabs/Linkin Park - Points Of Authority (Main Riff).gp3"
"693","Linkin Park","Somewhere I Belong (string intro)","EXISTING_DUPLICATE","EXISTING","PENDING_PARSE_AND_QA","gp3","0","0","LANGUAGE_UNVERIFIED","0","NO","NO","","Parsed title disagrees with proposal title | Existing artist/song or title variant — leave current song unchanged | Possible existing song or alternate title: Linkin Park — Somewhere I Belong | May be a medley, fragment or exercise; full-song identity needs confirmation. | English lyrics not established from available text | No usable chord symbols in extracted sheet | Tab-only or empty extracted sheet","61b907da88632d3b0f3519ef081f30a4f7d5907cc794539c853abecab5b438ff","GuitarPro_Tabs/Linkin Park - Somewhere I Belong (string intro).gp3"
"694","Linkin Park","The Morning After (Chester Bennington)","TAB_ONLY_OR_EMPTY","HOLD","PENDING_PARSE_AND_QA","gp3","0","0","LANGUAGE_UNVERIFIED","0","NO","NO","","English lyrics not established from available text | No usable chord symbols in extracted sheet | Tab-only or empty extracted sheet","08bebd742e47a793254d5723c186d667ba5495e5a5f8eb8b44de89fd98b72a7a","GuitarPro_Tabs/Linkin Park - The Morning After (Chester Bennington).gp3"
"695","Linkin Park","The Mourning After","TAB_ONLY_OR_EMPTY","HOLD","PENDING_PARSE_AND_QA","gp3","0","0","LANGUAGE_UNVERIFIED","0","NO","NO","","English lyrics not established from available text | No usable chord symbols in extracted sheet | Tab-only or empty extracted sheet","95aa85f746c5952024e57e913d418edb7e2ee224559c61e7ac2717bf389cc757","GuitarPro_Tabs/Linkin Park - The Mourning After.gp3"
"696","Linkin Park","waiting for the end","REVIEWABLE_CHORD_SHEET","REVIEWABLE","PENDING_PARSE_AND_QA","gpx","5","391","ENGLISH_TEXT_CHECK_PASS","0","NO","NO","","","1addd86b8f3186b8806de3d6528ee1b9379396af254e5e7f1e3fc8cd0c18aaaf","Ultimate Guitar com PRO Tabs Site Rip GPX/l/linkin_park_1025/linkin-park_waiting-for-the-end-official-3567131.gpx"
"697","Linkin Park","wake","TAB_ONLY_OR_EMPTY","HOLD","PENDING_PARSE_AND_QA","gpx","4","0","LANGUAGE_UNVERIFIED","0","NO","NO","","English lyrics not established from available text | Tab-only or empty extracted sheet","d18967dd3bac1a261a84eac1595f1dad751a2b83a80ac3c97188acb4afe7c0e4","Ultimate Guitar com PRO Tabs Site Rip GPX/l/linkin_park_1025/linkin-park_wake-official-1968073.gpx"
"698","Lionel Richie","all night long","IDENTITY_DIAGRAM_OR_OTHER_HOLD","HOLD","PENDING_PARSE_AND_QA","gpx","3","435","ENGLISH_TEXT_CHECK_PASS","0","NO","NO","","Parsed title disagrees with proposal title","70d93b35f0481aec9ff36ae20b366e3fb0821cdf59658ee7bfcf5541bfdda65d","Ultimate Guitar com PRO Tabs Site Rip GPX/l/lionel_richie_11185/lionel-richie_all-night-long-official-2738220.gpx"
"699","Lionel Richie","easy","TRANSPOSE_FAILURE","HOLD","PENDING_PARSE_AND_QA","gpx","13","216","ENGLISH_TEXT_CHECK_PASS","23","YES","YES","","Exact locked transposer fails required round-trip or slash-bass preservation","e0e2f23b83fce22fbd7a5c0ec8be92e6ead7aed495a1630039aa205f51de5fa1","Ultimate Guitar com PRO Tabs Site Rip GPX/l/lionel_richie_11185/lionel-richie_easy-official-2541420.gpx"
"700","Lionel Richie","hello","TRANSPOSE_FAILURE","HOLD","PENDING_PARSE_AND_QA","gpx","12","245","ENGLISH_TEXT_CHECK_PASS","46","YES","YES","","Exact locked transposer fails required round-trip or slash-bass preservation","aab6c882ecf370a7e72af8a325f77daed6da93420d7c2958030a72cefe0ee0d8","Ultimate Guitar com PRO Tabs Site Rip GPX/l/lionel_richie_11185/lionel-richie_hello-official-2421577.gpx"
"701","Lionel Richie","stuck on you","TRANSPOSE_FAILURE","HOLD","PENDING_PARSE_AND_QA","gpx","6","205","ENGLISH_TEXT_CHECK_PASS","22","NO","NO","","Exact locked transposer fails required round-trip or slash-bass preservation","07d6c891af51be34311e5f60a6f135ba2c1c61b14b4c405be851dbd191563a9c","Ultimate Guitar com PRO Tabs Site Rip GPX/l/lionel_richie_11185/lionel-richie_stuck-on-you-official-3447935.gpx"
"702","Little Richard","lucille","TRANSPOSE_FAILURE","HOLD","PENDING_PARSE_AND_QA","gpx","3","202","ENGLISH_TEXT_CHECK_PASS","22","NO","NO","","Exact locked transposer fails required round-trip or slash-bass preservation","c28c802c0f799441fe353166bea8c59f8834f3b9ffaefc33478a2a8e2a01bd2d","Ultimate Guitar com PRO Tabs Site Rip GPX/l/little_richard_5991/little-richard_lucille-official-2233643.gpx"
"703","Little River Band","Help Is On Its Way","TAB_ONLY_OR_EMPTY","HOLD","PENDING_PARSE_AND_QA","gp4","0","0","LANGUAGE_UNVERIFIED","0","NO","NO","","English lyrics not established from available text | No usable chord symbols in extracted sheet | Tab-only or empty extracted sheet","22594ca54e901ec801c9b6076d377db46e5d49140109f3cdd4dedfa317c919b4","GuitarPro_Tabs/Little River Band - Help Is On Its Way.gp4"
"704","Living Colour","Glamour Boys","TAB_ONLY_OR_EMPTY","HOLD","PENDING_PARSE_AND_QA","gp3","0","0","LANGUAGE_UNVERIFIED","0","NO","NO","","English lyrics not established from available text | No usable chord symbols in extracted sheet | Tab-only or empty extracted sheet","85c51d7fdbe0e3553d4911b1a1c47a2df90e8410bc4b4d134245e89c94f3c8a5","GuitarPro_Tabs/Living Colour - Glamour Boys.gp3"
"705","Living Colour","Type","TAB_ONLY_OR_EMPTY","HOLD","PENDING_PARSE_AND_QA","gp3","7","0","LANGUAGE_UNVERIFIED","66","NO","NO","A# | D# | E#","English lyrics not established from available text | Locked renderer has no chord shape for: A#, D#, E# | Tab-only or empty extracted sheet | Exact locked transposer fails required round-trip or slash-bass preservation","d8a32c69ca146e501e8da51e860e01a06d8042694d30bfaf20e39026291ae168","GuitarPro_Tabs/Living Colour - Type.gp3"
"706","Liz Phair","Help Me Mary","TAB_ONLY_OR_EMPTY","HOLD","PENDING_PARSE_AND_QA","gp3","0","0","LANGUAGE_UNVERIFIED","0","NO","NO","","English lyrics not established from available text | No usable chord symbols in extracted sheet | Tab-only or empty extracted sheet","7600ab2b8602b4f2ff6f5f9e73b67ed4360b7895f111b979e5cef5cf22baadce","GuitarPro_Tabs/Liz Phair - Help Me Mary.gp3"
"707","Liz Phair","Turning Japanese","TAB_ONLY_OR_EMPTY","HOLD","PENDING_PARSE_AND_QA","gp3","0","0","LANGUAGE_UNVERIFIED","0","NO","NO","","English lyrics not established from available text | No usable chord symbols in extracted sheet | Tab-only or empty extracted sheet","5f86384d55359fefee3ed64e75b4eeb0d7594202f22a0bf4452bf383c140d1b0","GuitarPro_Tabs/Liz Phair - Turning Japanese.gp3"
"708","Loggins Kenny","Danger Zone","TAB_ONLY_OR_EMPTY","HOLD","PENDING_PARSE_AND_QA","gp3","7","0","LANGUAGE_UNVERIFIED","66","NO","NO","","English lyrics not established from available text | Tab-only or empty extracted sheet | Exact locked transposer fails required round-trip or slash-bass preservation","da629406c7882a1c8d4f89187cd2b50aa011a873f8e83a8355cd27d26fd021ae","GuitarPro_Tabs/Loggins Kenny - Danger Zone.gp3"
"709","Loggins Kenny","Danny 's Song","TAB_ONLY_OR_EMPTY","HOLD","PENDING_PARSE_AND_QA","gp4","0","0","LANGUAGE_UNVERIFIED","0","NO","NO","","English lyrics not established from available text | No usable chord symbols in extracted sheet | Tab-only or empty extracted sheet","576fa809479758040307f584ee6beed0dc06bce5ea644ec30e2f99ffbe7b559d","GuitarPro_Tabs/Loggins, Kenny - Danny 's Song.gp4"
"710","Loggins Messina","Danny's Song","EXISTING_DUPLICATE","EXISTING","SKIPPED_ALREADY_CURRENT","gpx","6","406","ENGLISH_TEXT_CHECK_PASS","0","NO","NO","","Existing artist/song or title variant — leave current song unchanged","a05f07681ba9a5b22ec7589a83a80cc881dd445e2c5fe4968845815ccaaa163b","Ultimate Guitar com PRO Tabs Site Rip GPX/l/loggins_messina_6005/loggins-messina_dannys-song-official-2960693.gpx"
"711","Luther Vandross","never too much","TRANSPOSE_FAILURE","HOLD","PENDING_PARSE_AND_QA","gpx","11","378","ENGLISH_TEXT_CHECK_PASS","115","YES","YES","","Exact locked transposer fails required round-trip or slash-bass preservation","f49d65f4d06a4e1812f70667df6ec659ffaff58818ab9296a9f328ef8c75f776","Ultimate Guitar com PRO Tabs Site Rip GPX/l/luther_vandross_11513/luther-vandross_never-too-much-official-3302270.gpx"
"712","Madness","it must be love","TAB_ONLY_OR_EMPTY","HOLD","PENDING_PARSE_AND_QA","gp3","0","0","LANGUAGE_UNVERIFIED","0","NO","NO","","English lyrics not established from available text | No usable chord symbols in extracted sheet | Tab-only or empty extracted sheet","85649c2c578a380490a83eb7488ea2a14591d26fe8e7e19ad68960c1d80dfc36","GuitarPro_Tabs/madness - it must be love.gp3"
"713","Madness","our house","REVIEWABLE_CHORD_SHEET","REVIEWABLE","PENDING_PARSE_AND_QA","gpx","15","372","ENGLISH_TEXT_CHECK_PASS","0","YES","NO","","","ca51458a2edb42793590ace273261aaef606b614474760bd57f2e516876e2182","Ultimate Guitar com PRO Tabs Site Rip GPX/m/madness_931/madness_our-house-official-3309329.gpx"
"714","Marianne Faithfull","this little bird","REVIEWABLE_CHORD_SHEET","REVIEWABLE","PENDING_PARSE_AND_QA","gpx","6","123","ENGLISH_TEXT_CHECK_PASS","0","NO","NO","","","2fdc51b99a10acc650c4c0c990048cd11b83747ebb51362124ea8987d8099c7e","Ultimate Guitar com PRO Tabs Site Rip GPX/m/marianne_faithfull_10264/marianne-faithfull_this-little-bird-official-1991557.gpx"
"715","Maroon 5","lost","REVIEWABLE_CHORD_SHEET","REVIEWABLE","PENDING_PARSE_AND_QA","gpx","3","397","ENGLISH_TEXT_CHECK_PASS","0","NO","NO","","","33561403d314ca6926fbe7f774e2fa0e544c4ec27bd73573f6520edc3eacb3b8","Ultimate Guitar com PRO Tabs Site Rip GPX/m/maroon_5_3474/maroon-5_lost-official-3747623.gpx"
"716","Maroon 5","lovesick","REVIEWABLE_CHORD_SHEET","REVIEWABLE","PENDING_PARSE_AND_QA","gpx","4","231","ENGLISH_TEXT_CHECK_PASS","0","NO","NO","","","bd39ce71756385ad242dcd0ac5f0ac4d7ffddc37b57f88c568b4942c5bb64627","Ultimate Guitar com PRO Tabs Site Rip GPX/m/maroon_5_3474/maroon-5_lovesick-official-3758189.gpx"
"717","Maroon 5","makes me wonder","REVIEWABLE_CHORD_SHEET","REVIEWABLE","PENDING_PARSE_AND_QA","gpx","9","467","ENGLISH_TEXT_CHECK_PASS","0","YES","NO","","","bd8542c2cc9dca6f13add448866efa87af24f107b40b94210c67eec31b9aec14","Ultimate Guitar com PRO Tabs Site Rip GPX/m/maroon_5_3474/maroon-5_makes-me-wonder-official-2303259.gpx"
"718","Maroon 5","Moves Like Jagger","EXISTING_DUPLICATE","EXISTING","SKIPPED_ALREADY_CURRENT","gpx","2","516","ENGLISH_TEXT_CHECK_PASS","0","NO","NO","","Existing artist/song or title variant — leave current song unchanged | Possible existing song or alternate title: Maroon 5 Featuring Christina Aguilera — Moves Like Jagger","8bff72d83355a654473f88afda3c63b16eea0b17725743a050fbfa4b8f982323","Ultimate Guitar com PRO Tabs Site Rip GPX/m/maroon_5_3474/maroon-5_moves-like-jagger-official-1945831.gpx"
"719","Maroon 5","remedy","REVIEWABLE_CHORD_SHEET","REVIEWABLE","PENDING_PARSE_AND_QA","gpx","4","379","ENGLISH_TEXT_CHECK_PASS","0","NO","NO","","","1d676832f1b867457b951d7d22bda6ffc30f837a0ab502167a519b25b0fe3637","Ultimate Guitar com PRO Tabs Site Rip GPX/m/maroon_5_3474/maroon-5_remedy-official-3749999.gpx"
"720","Maroon 5","she will be loved","REVIEWABLE_CHORD_SHEET","REVIEWABLE","PENDING_PARSE_AND_QA","gpx","5","379","ENGLISH_TEXT_CHECK_PASS","0","NO","NO","","","4aaeed4ef016343d3b4cc266ff50ed455b4693604715446ba8c86aa466255342","Ultimate Guitar com PRO Tabs Site Rip GPX/m/maroon_5_3474/maroon-5_she-will-be-loved-official-1960189.gpx"
"721","Maroon 5","sugar","TRANSPOSE_FAILURE","HOLD","PENDING_PARSE_AND_QA","gpx","4","543","ENGLISH_TEXT_CHECK_PASS","44","NO","YES","","Exact locked transposer fails required round-trip or slash-bass preservation","ca5fa5a2174e48f34da8e2864175966f23295e4fc2df6cfdff49e44ef137ed84","Ultimate Guitar com PRO Tabs Site Rip GPX/m/maroon_5_3474/maroon-5_sugar-official-1963507.gpx"
"722","Martha And The Vandellas","Dancing in the Streets","TAB_ONLY_OR_EMPTY","HOLD","PENDING_PARSE_AND_QA","gp3","0","0","LANGUAGE_UNVERIFIED","0","NO","NO","","English lyrics not established from available text | No usable chord symbols in extracted sheet | Tab-only or empty extracted sheet","16c66f96b822f3111f2344a9c7b0898e6f48bf3343827fa039771c83dc7232f0","GuitarPro_Tabs/Martha And The Vandellas - Dancing in the Streets.gp3"
"723","Marvin Gaye","Ain't No Mountain High Enough","EXISTING_DUPLICATE","EXISTING","SKIPPED_ALREADY_CURRENT","gpx","21","341","ENGLISH_TEXT_CHECK_PASS","92","YES","YES","","Existing artist/song or title variant — leave current song unchanged | Possible existing song or alternate title: Marvin Gaye & Tammi Terrell — Ain't No Mountain High Enough | Exact locked transposer fails required round-trip or slash-bass preservation","4b2204dc65dfb232e7c85fbe633e73097f13807112164b9dce634dd9cc378a78","Ultimate Guitar com PRO Tabs Site Rip GPX/m/marvin_gaye_10361/marvin-gaye_aint-no-mountain-high-enough-official-2468996.gpx"
"724","Marvin Gaye","i heard it through the grapevine","REVIEWABLE_CHORD_SHEET","REVIEWABLE","PENDING_PARSE_AND_QA","gpx","4","289","ENGLISH_TEXT_CHECK_PASS","0","NO","NO","","","b23ae18f935cfb216d4cfbba594d6f5a2f7e158ba73f5018fa017e6cecc2ae36","Ultimate Guitar com PRO Tabs Site Rip GPX/m/marvin_gaye_10361/marvin-gaye_i-heard-it-through-the-grapevine-official-2681793.gpx"
"725","Metallica","-Human","TAB_ONLY_OR_EMPTY","HOLD","UNAVAILABLE_SOURCE","gp3","0","40","ENGLISH_TEXT_CHECK_PASS","0","NO","NO","","No usable chord symbols in extracted sheet","bd7925ad3a1051e59c45614604f5be5594d8100a2ae67ad29f5de0b95acb3978","GuitarPro_Tabs/Metallica - Human (2).gp3"
"726","Metallica","... And Justice Medley","TAB_ONLY_OR_EMPTY","HOLD","PENDING_PARSE_AND_QA","gp3","0","0","LANGUAGE_UNVERIFIED","0","NO","NO","","Parsed title disagrees with proposal title | May be a medley, fragment or exercise; full-song identity needs confirmation. | English lyrics not established from available text | No usable chord symbols in extracted sheet | Tab-only or empty extracted sheet","29c1b737bb873e60eccc12a6ba0b664bbd1b42754aeabf92e8bd304521b168d9","GuitarPro_Tabs/Metallica -... And Justice Medley.gp3"
"727","Metallica","53rd & 3rd","TAB_ONLY_OR_EMPTY","HOLD","PENDING_PARSE_AND_QA","gp3","5","0","LANGUAGE_UNVERIFIED","0","NO","NO","","Similar proposed title also exists in this queue; choose at most one after identity review. | English lyrics not established from available text | Tab-only or empty extracted sheet","38b08f561fd03836b03b41af761ed35c683fa8977877d93b7c3db95a91c29316","GuitarPro_Tabs/Metallica - 53rd & 3rd.gp3"
"728","Metallica","53rd and 3rd","TAB_ONLY_OR_EMPTY","HOLD","PENDING_PARSE_AND_QA","gp3","0","0","LANGUAGE_UNVERIFIED","0","NO","NO","","Similar proposed title also exists in this queue; choose at most one after identity review. | English lyrics not established from available text | No usable chord symbols in extracted sheet | Tab-only or empty extracted sheet","90d5ed31a9ea0a8ee1c2a9075566d0c6673db0cb84fd262774eb297b343d418a","GuitarPro_Tabs/Metallica - 53rd and 3rd.gp3"
"729","Metallica","anesthesia pulling teeth","TAB_ONLY_OR_EMPTY","HOLD","PENDING_PARSE_AND_QA","gpx","0","0","LANGUAGE_UNVERIFIED","0","NO","NO","","Parsed title disagrees with proposal title | English lyrics not established from available text | No usable chord symbols in extracted sheet | Tab-only or empty extracted sheet","4950aeb8bb47203cf564689e6c53b6b8d47744a2dffe5c5c11ef9db17703dfc8","Ultimate Guitar com PRO Tabs Site Rip GPX/m/metallica_954/metallica_anesthesia-pulling-teeth-official-2444981.gpx"
"730","Metallica","Anesthesia Pulling teeth with Wah sound","TAB_ONLY_OR_EMPTY","HOLD","PENDING_PARSE_AND_QA","gp3","0","0","LANGUAGE_UNVERIFIED","0","NO","NO","","Parsed title disagrees with proposal title | English lyrics not established from available text | No usable chord symbols in extracted sheet | Tab-only or empty extracted sheet","6343bbc7745379222ae60d6746fd97aacd18e32355520d8e78ab4e7cca88ad9a","GuitarPro_Tabs/Metallica - Anesthesia Pulling teeth with Wah sound.gp3"
"731","Metallica","Apocalypse Dawn","TAB_ONLY_OR_EMPTY","HOLD","PENDING_PARSE_AND_QA","gp4","2","0","LANGUAGE_UNVERIFIED","0","NO","YES","","Parsed title disagrees with proposal title | English lyrics not established from available text | Tab-only or empty extracted sheet","141b6e2fedda4e6ebbe4c6de255d02ae816f7cad6dcd6436c8dfa3b2dedae9cb","GuitarPro_Tabs/Metallica - Apocalypse Dawn.gp4"
"732","Metallica","Astronomy (2)","TAB_ONLY_OR_EMPTY","HOLD","PENDING_PARSE_AND_QA","gp3","0","0","LANGUAGE_UNVERIFIED","0","NO","NO","","English lyrics not established from available text | No usable chord symbols in extracted sheet | Tab-only or empty extracted sheet","b37e5efd93f63bba97577b8c87d2f70776602b1b52163874e9537a83b8b8a29a","GuitarPro_Tabs/Metallica - Astronomy (2).gp3"
"733","Metallica","Backstage Jam (Cunning Stunts)","TAB_ONLY_OR_EMPTY","HOLD","PENDING_PARSE_AND_QA","gp3","0","0","LANGUAGE_UNVERIFIED","0","NO","NO","","English lyrics not established from available text | No usable chord symbols in extracted sheet | Tab-only or empty extracted sheet","38fd128c1e53e0ecf70064bd9355cf37471ddb2a64ec09580c429a842eac3437","GuitarPro_Tabs/Metallica - Backstage Jam (Cunning Stunts).gp3"
"734","Metallica","Bass & Guitar Doodle","TAB_ONLY_OR_EMPTY","HOLD","PENDING_PARSE_AND_QA","gp4","0","0","LANGUAGE_UNVERIFIED","0","NO","NO","","English lyrics not established from available text | No usable chord symbols in extracted sheet | Tab-only or empty extracted sheet","0ed25a51be745a10a071c966b7710a923da76062b7f3238ed44ad82736f8de0d","GuitarPro_Tabs/Metallica - Bass & Guitar Doodle.gp4"
"735","Metallica","Bass & Guitar Doodle in Paris","TAB_ONLY_OR_EMPTY","HOLD","PENDING_PARSE_AND_QA","gp3","0","0","LANGUAGE_UNVERIFIED","0","NO","NO","","English lyrics not established from available text | No usable chord symbols in extracted sheet | Tab-only or empty extracted sheet","9871d4d88efd73f95e92335097fb7de5ef781908d19023edb04d804661cb8d47","GuitarPro_Tabs/Metallica - Bass & Guitar Doodle in Paris.gp3"
"736","Metallica","Battery (S&M)","EXISTING_DUPLICATE","EXISTING","PENDING_PARSE_AND_QA","gp3","0","0","LANGUAGE_UNVERIFIED","0","NO","NO","","Existing artist/song or title variant — leave current song unchanged | Possible existing song or alternate title: Metallica — Battery | English lyrics not established from available text | No usable chord symbols in extracted sheet | Tab-only or empty extracted sheet","569498567568bccbebce471110dd3f12bc2fc20020c8836cd40da9d3819be999","GuitarPro_Tabs/Metallica - Battery (S&M).gp3"
"737","Metallica","Best Of Metallica I","TAB_ONLY_OR_EMPTY","HOLD","PENDING_PARSE_AND_QA","gp3","0","0","LANGUAGE_UNVERIFIED","0","NO","NO","","Parsed title disagrees with proposal title | English lyrics not established from available text | No usable chord symbols in extracted sheet | Tab-only or empty extracted sheet","4d46d0ccd8467f3966d474e83960d5b2c8f9f879d0b19234a8e314847ae2c810","GuitarPro_Tabs/Metallica - Best Of Metallica I.gp3"
"738","Metallica","Black Album *alt","TAB_ONLY_OR_EMPTY","HOLD","UNAVAILABLE_SOURCE","gp3","0","82","LANGUAGE_UNVERIFIED","0","NO","NO","","English lyrics not established from available text | No usable chord symbols in extracted sheet","78db6f44e1bc1b83d551aa8d586beb7ab1efa080331814d2bd47a506d095639d","GuitarPro_Tabs/Metallica - Black Album Part 2.gp3"
"739","Metallica","Black Album Part 1","TAB_ONLY_OR_EMPTY","HOLD","PENDING_PARSE_AND_QA","gp3","0","0","LANGUAGE_UNVERIFIED","0","NO","NO","","Parsed title disagrees with proposal title | English lyrics not established from available text | No usable chord symbols in extracted sheet | Tab-only or empty extracted sheet","c01cfb7b42cf6f93c0bbd5d02e8dab08dacf0d4e4dce4235c25a217929581876","GuitarPro_Tabs/Metallica - Black Album Part 1.gp3"
"740","Metallica","Blackened [Mistery Intro]","EXISTING_DUPLICATE","EXISTING","PENDING_PARSE_AND_QA","gp3","0","0","LANGUAGE_UNVERIFIED","0","NO","NO","","Existing artist/song or title variant — leave current song unchanged | Possible existing song or alternate title: Metallica — Blackened | May be a medley, fragment or exercise; full-song identity needs confirmation. | English lyrics not established from available text | No usable chord symbols in extracted sheet | Tab-only or empty extracted sheet","dde9ceafa60c43c437dd883fb021cc804026164a4b7634c03584a61a72519748","GuitarPro_Tabs/Metallica - Blackened [Mistery Intro].gp3"
"741","Metallica","Bleeding Me - S&M","EXISTING_DUPLICATE","EXISTING","PENDING_PARSE_AND_QA","gp3","0","0","LANGUAGE_UNVERIFIED","0","NO","NO","","Parsed title disagrees with proposal title | Existing artist/song or title variant — leave current song unchanged | English lyrics not established from available text | No usable chord symbols in extracted sheet | Tab-only or empty extracted sheet","03ddddb3a6a3f113b7da54b5a9452372758b6de28378e38aeebedb296a41381b","GuitarPro_Tabs/Metallica - Bleeding Me - S&M.gp3"
"742","Metallica","blitzkrieg","TRANSPOSE_FAILURE","HOLD","PENDING_PARSE_AND_QA","gpx","15","120","ENGLISH_TEXT_CHECK_PASS","22","YES","YES","","Exact locked transposer fails required round-trip or slash-bass preservation","3fade15e6405853cd4961a52d10390cf6251e416bde6a4ba5b4fd6aaa71d0bc8","Ultimate Guitar com PRO Tabs Site Rip GPX/m/metallica_954/metallica_blitzkrieg-official-2143135.gpx"
"743","Metallica","Bredfan","TAB_ONLY_OR_EMPTY","HOLD","UNAVAILABLE_SOURCE","gp3","0","277","ENGLISH_TEXT_CHECK_PASS","0","NO","NO","","No usable chord symbols in extracted sheet","ddbc8965567539e2818bdf098ed0a5efa0afa49958cb91dd662c4f198cdef9b9","GuitarPro_Tabs/Metallica - Bredfan.gp3"
"744","Metallica","Bredfan Live Shit Version","TAB_ONLY_OR_EMPTY","HOLD","PENDING_PARSE_AND_QA","gp3","0","0","LANGUAGE_UNVERIFIED","0","NO","NO","","Parsed title disagrees with proposal title | English lyrics not established from available text | No usable chord symbols in extracted sheet | Tab-only or empty extracted sheet","a21f70b74aff0f9ac278e472b1247fd71c65951634ea4044ede59adf36f4849f","GuitarPro_Tabs/Metallica - Bredfan Live Shit Version.gp3"
"745","Metallica","Burn It Down","TAB_ONLY_OR_EMPTY","HOLD","PENDING_PARSE_AND_QA","gp3","0","0","LANGUAGE_UNVERIFIED","0","NO","NO","","English lyrics not established from available text | No usable chord symbols in extracted sheet | Tab-only or empty extracted sheet","02b2558bbb1d69f0e3868431071b2c8bdbea13a059ce482e5b0bca58b5bd9f98","GuitarPro_Tabs/Metallica - Burn It Down.gp3"
"746","Metallica","Call of Ktulu","TAB_ONLY_OR_EMPTY","HOLD","PENDING_PARSE_AND_QA","gp3","0","0","LANGUAGE_UNVERIFIED","0","NO","NO","","Similar proposed title also exists in this queue; choose at most one after identity review. | English lyrics not established from available text | No usable chord symbols in extracted sheet | Tab-only or empty extracted sheet","27d0e611acbfdd7852b093ffbcdc85e197c672b4a021253d0e0bd18b0c3159e6","GuitarPro_Tabs/Metallica - Call of Ktulu.gp3"
"747","Metallica","Capre diem Baby","TAB_ONLY_OR_EMPTY","HOLD","PENDING_PARSE_AND_QA","gp3","0","0","LANGUAGE_UNVERIFIED","0","NO","NO","","English lyrics not established from available text | No usable chord symbols in extracted sheet | Tab-only or empty extracted sheet","3bd49afb2a672c0e6d8a6c33952f9d08a7b43da1db15b606e897bb8684dce0ea","GuitarPro_Tabs/Metallica - Capre diem Baby.gp3"
"748","Metallica","Crash Course In Brain Surgery (2)","TAB_ONLY_OR_EMPTY","HOLD","PENDING_PARSE_AND_QA","gp4","0","0","LANGUAGE_UNVERIFIED","0","NO","NO","","English lyrics not established from available text | No usable chord symbols in extracted sheet | Tab-only or empty extracted sheet","e1ca56886c08c1a7528cb3ad5df160b0e625fe684af568a9c8da2d16812d13a8","GuitarPro_Tabs/Metallica - Crash Course In Brain Surgery (2).gp4"
"749","Metallica","Creeping Death (CUNNING STUNTS)","EXISTING_DUPLICATE","EXISTING","PENDING_PARSE_AND_QA","gp4","0","0","LANGUAGE_UNVERIFIED","0","NO","NO","","Existing artist/song or title variant — leave current song unchanged | Possible existing song or alternate title: Metallica — Creeping Death | Similar proposed title also exists in this queue; choose at most one after identity review. | English lyrics not established from available text | No usable chord symbols in extracted sheet | Tab-only or empty extracted sheet","20df1b8f7853c10daa0b4af4ca863aa2fcc330aebca1e3967ee0ec4e38ce1af4","GuitarPro_Tabs/Metallica - Creeping Death (CUNNING STUNTS).gp4"
"750","Metallica","Creeping Death (solo)","EXISTING_DUPLICATE","EXISTING","PENDING_PARSE_AND_QA","gp3","0","0","LANGUAGE_UNVERIFIED","0","NO","NO","","Existing artist/song or title variant — leave current song unchanged | Possible existing song or alternate title: Metallica — Creeping Death | May be a medley, fragment or exercise; full-song identity needs confirmation. | Similar proposed title also exists in this queue; choose at most one after identity review. | English lyrics not established from available text | No usable chord symbols in extracted sheet | Tab-only or empty extracted sheet","ca927ade968dbb62647705ad3ea254fb7b6f36ee046e84154755931b0b6d6ee3","GuitarPro_Tabs/Metallica - Creeping Death (solo).gp3"
"751","Metallica","Cunning Stunts Bass Guitar Doodle","TAB_ONLY_OR_EMPTY","HOLD","PENDING_PARSE_AND_QA","gp3","0","0","LANGUAGE_UNVERIFIED","0","NO","NO","","Parsed title disagrees with proposal title | English lyrics not established from available text | No usable chord symbols in extracted sheet | Tab-only or empty extracted sheet","fb1aa9c9de8a8bdaaa37dce81c19a76844fc70f09d74b52c05a345a107f03967","GuitarPro_Tabs/Metallica - Cunning Stunts Bass Guitar Doodle.gp3"
"752","Metallica","cyanide","TRANSPOSE_FAILURE","HOLD","PENDING_PARSE_AND_QA","gpx","8","298","ENGLISH_TEXT_CHECK_PASS","115","NO","YES","","Exact locked transposer fails required round-trip or slash-bass preservation","5b59bc81c91b109d06d3daa4d1c1cdcdf0059ed9fd581dbb2417a20b6628afa5","Ultimate Guitar com PRO Tabs Site Rip GPX/m/metallica_954/metallica_cyanide-official-2165521.gpx"
"753","Metallica","Dirty Window (2)","TAB_ONLY_OR_EMPTY","HOLD","PENDING_PARSE_AND_QA","gp4","0","0","LANGUAGE_UNVERIFIED","0","NO","NO","","English lyrics not established from available text | No usable chord symbols in extracted sheet | Tab-only or empty extracted sheet","cc3b5aa52e4a7f43f2443a6f4f3e3a3a403a15e6fc3cd55b09c6095b5a64224d","GuitarPro_Tabs/Metallica - Dirty Window (2).gp4"
"754","Metallica","Disposable Heros","TAB_ONLY_OR_EMPTY","HOLD","PENDING_PARSE_AND_QA","gp3","0","0","LANGUAGE_UNVERIFIED","0","NO","NO","","English lyrics not established from available text | No usable chord symbols in extracted sheet | Tab-only or empty extracted sheet","6cfc7e969ce8b32f546975dd16978f5187ca351cd0aaf50e74d568fa0d9ecd09","GuitarPro_Tabs/Metallica - Disposable Heros.gp3"
"755","Metallica","Doodle","TAB_ONLY_OR_EMPTY","HOLD","PENDING_PARSE_AND_QA","gp3","0","0","LANGUAGE_UNVERIFIED","0","NO","NO","","English lyrics not established from available text | No usable chord symbols in extracted sheet | Tab-only or empty extracted sheet","144514ea77710d9af4f56854eb5dddbb55c79a29d99f3bc2dcdac9c20eded7cd","GuitarPro_Tabs/Metallica - Doodle.gp3"
"756","Metallica","Ecstacy Of Gold (Symphony Version)","TAB_ONLY_OR_EMPTY","HOLD","PENDING_PARSE_AND_QA","gp3","0","0","LANGUAGE_UNVERIFIED","0","NO","NO","","English lyrics not established from available text | No usable chord symbols in extracted sheet | Tab-only or empty extracted sheet","a089047a82a282c88f87ee576d42e5aeea6e703dec7025adc4af1ed602917c5b","GuitarPro_Tabs/Metallica - Ecstacy Of Gold (Symphony Version).gp3"
"757","Metallica","Enter Sandman (s&m)","EXISTING_DUPLICATE","EXISTING","PENDING_PARSE_AND_QA","gp3","0","0","LANGUAGE_UNVERIFIED","0","NO","NO","","Existing artist/song or title variant — leave current song unchanged | Possible existing song or alternate title: Metallica — Enter Sandman | English lyrics not established from available text | No usable chord symbols in extracted sheet | Tab-only or empty extracted sheet","eeb90a95047d20438dfa0a1ee97af0a2823513a6b299c1283c1db54b816f598c","GuitarPro_Tabs/Metallica - Enter Sandman (s&m).gp3"
"758","Metallica","Fade To Black (cunning stunts)","TAB_ONLY_OR_EMPTY","HOLD","PENDING_PARSE_AND_QA","gp3","0","0","LANGUAGE_UNVERIFIED","0","NO","NO","","Similar proposed title also exists in this queue; choose at most one after identity review. | English lyrics not established from available text | No usable chord symbols in extracted sheet | Tab-only or empty extracted sheet","68992f809cddff7b7da4966b0a48ae1445e52f04fdfab9df4a74a4324699244b","GuitarPro_Tabs/Metallica - Fade To Black (cunning stunts).gp3"
"759","Metallica","Fade to Black (LIVE SHIT)","TAB_ONLY_OR_EMPTY","HOLD","PENDING_PARSE_AND_QA","gp3","0","0","LANGUAGE_UNVERIFIED","0","NO","NO","","Similar proposed title also exists in this queue; choose at most one after identity review. | English lyrics not established from available text | No usable chord symbols in extracted sheet | Tab-only or empty extracted sheet","c4643a028ed63783a32dfe2e61bcd1819ff3f7c8e96425ecb69bafa719892b56","GuitarPro_Tabs/Metallica - Fade to Black (LIVE SHIT).gp3"
"760","Metallica","Fight Fire With Fire (Intro)","EXISTING_DUPLICATE","EXISTING","PENDING_PARSE_AND_QA","gp3","0","0","LANGUAGE_UNVERIFIED","0","NO","NO","","Existing artist/song or title variant — leave current song unchanged | Possible existing song or alternate title: Metallica — Fight Fire With Fire | May be a medley, fragment or exercise; full-song identity needs confirmation. | English lyrics not established from available text | No usable chord symbols in extracted sheet | Tab-only or empty extracted sheet","18456f1289c836c985bbddbf190ca0a31a4725a103cfd31597f9dd9a0e20c476","GuitarPro_Tabs/Metallica - Fight Fire With Fire (Intro).gp3"
"761","Metallica","Fight With Fire (Woodstock '99)","EXISTING_DUPLICATE","EXISTING","PENDING_PARSE_AND_QA","gp3","0","0","LANGUAGE_UNVERIFIED","0","NO","NO","","Parsed title disagrees with proposal title | Existing artist/song or title variant — leave current song unchanged | English lyrics not established from available text | No usable chord symbols in extracted sheet | Tab-only or empty extracted sheet","04d619afc0546ad2e4b1c0fbf33521d3f6f913446ff1b95dab8bc64bf9c8a4dc","GuitarPro_Tabs/Metallica - Fight With Fire (Woodstock '99).gp3"
"762","Metallica","For Whom The Bell Tools","TAB_ONLY_OR_EMPTY","HOLD","PENDING_PARSE_AND_QA","gp3","7","0","LANGUAGE_UNVERIFIED","0","NO","NO","","English lyrics not established from available text | Tab-only or empty extracted sheet","b812b7fa4396003341557620fc8ee90d704bb2542448d99462a08cd5be12924c","GuitarPro_Tabs/Metallica - For Whom The Bell Tools.gp3"
"763","Metallica","For Whom The Bells Tolls (Live in Woodstock '99)","EXISTING_DUPLICATE","EXISTING","PENDING_PARSE_AND_QA","gp3","0","0","LANGUAGE_UNVERIFIED","0","NO","NO","","Parsed title disagrees with proposal title | Existing artist/song or title variant — leave current song unchanged | English lyrics not established from available text | No usable chord symbols in extracted sheet | Tab-only or empty extracted sheet","f63f4e2047cc1e34b02acf5dd3775a77877995bc9f83c27b432090b8dc91922f","GuitarPro_Tabs/Metallica - For Whom The Bells Tolls (Live in Woodstock '99).gp3"
"764","Metallica","Frantic (Live MTV Icon 2003)","EXISTING_DUPLICATE","EXISTING","PENDING_PARSE_AND_QA","gp3","0","0","LANGUAGE_UNVERIFIED","0","NO","NO","","Existing artist/song or title variant — leave current song unchanged | Possible existing song or alternate title: Metallica — Frantic | Similar proposed title also exists in this queue; choose at most one after identity review. | English lyrics not established from available text | No usable chord symbols in extracted sheet | Tab-only or empty extracted sheet","7cedc4015d94762c44b4ae9bd851b428a372005258aec8c6523a908f38d7afb0","GuitarPro_Tabs/Metallica - Frantic (Live MTV Icon 2003).gp3"
"765","Metallica","Frantic (Live MTV)","EXISTING_DUPLICATE","EXISTING","PENDING_PARSE_AND_QA","gp3","0","0","LANGUAGE_UNVERIFIED","0","NO","NO","","Existing artist/song or title variant — leave current song unchanged | Possible existing song or alternate title: Metallica — Frantic | Similar proposed title also exists in this queue; choose at most one after identity review. | English lyrics not established from available text | No usable chord symbols in extracted sheet | Tab-only or empty extracted sheet","1caa60ad6c3a17485d65463782b11846267a3dbdae96598ad839b83fb2b2e0fa","GuitarPro_Tabs/Metallica - Frantic (Live MTV).gp3"
"766","Metallica","Frantic (MTV)","EXISTING_DUPLICATE","EXISTING","PENDING_PARSE_AND_QA","gp3","0","0","LANGUAGE_UNVERIFIED","0","NO","NO","","Existing artist/song or title variant — leave current song unchanged | Possible existing song or alternate title: Metallica — Frantic | Similar proposed title also exists in this queue; choose at most one after identity review. | English lyrics not established from available text | No usable chord symbols in extracted sheet | Tab-only or empty extracted sheet","5932a2610fd02fcff27b43684a40f99b3992b802cfc05d36b0044c88598bb2cc","GuitarPro_Tabs/Metallica - Frantic (MTV).gp3"
"767","Metallica","Free Speech For the Dumb","TAB_ONLY_OR_EMPTY","HOLD","PENDING_PARSE_AND_QA","gp3","0","0","LANGUAGE_UNVERIFIED","0","NO","NO","","English lyrics not established from available text | No usable chord symbols in extracted sheet | Tab-only or empty extracted sheet","08b3938bd0991be7ef5101155132737668ab160bc4d92fe01297782851e60a7c","GuitarPro_Tabs/Metallica - Free Speech For the Dumb.gp3"
"768","Metallica","Fuck like a Beaver","TAB_ONLY_OR_EMPTY","HOLD","PENDING_PARSE_AND_QA","gp3","0","0","LANGUAGE_UNVERIFIED","0","NO","NO","","English lyrics not established from available text | No usable chord symbols in extracted sheet | Tab-only or empty extracted sheet","9744aa8504f461be718b9acdac250fce58616d0e776525e0cec41535941c859e","GuitarPro_Tabs/Metallica - Fuck like a Beaver.gp3"
"769","Metallica","fuel","TRANSPOSE_FAILURE","HOLD","PENDING_PARSE_AND_QA","gpx","8","289","ENGLISH_TEXT_CHECK_PASS","22","NO","YES","A-","Locked renderer has no chord shape for: A- | Exact locked transposer fails required round-trip or slash-bass preservation","4cc390951dbc1edb8c5076bdbb9b644ac13f6a1285c1f8303ab4dc070860f59e","Ultimate Guitar com PRO Tabs Site Rip GPX/m/metallica_954/metallica_fuel-official-2148549.gpx"
"770","Metallica","Harvester Of Sorrow Live","TAB_ONLY_OR_EMPTY","HOLD","PENDING_PARSE_AND_QA","gp4","0","0","LANGUAGE_UNVERIFIED","0","NO","NO","","English lyrics not established from available text | No usable chord symbols in extracted sheet | Tab-only or empty extracted sheet","b53a02bed18ee9e293991f42f445139df61ecccae53a2883ac529421078702d9","GuitarPro_Tabs/Metallica - Harvester Of Sorrow Live.gp4"
"771","Metallica","here comes revenge","TRANSPOSE_FAILURE","HOLD","PENDING_PARSE_AND_QA","gpx","3","316","ENGLISH_TEXT_CHECK_PASS","23","NO","YES","","Exact locked transposer fails required round-trip or slash-bass preservation","1d2aa8a39db32617bb7bf1bf08f427b4396e3952017a8853e196b0fbfb8581fe","Ultimate Guitar com PRO Tabs Site Rip GPX/m/metallica_954/metallica_here-comes-revenge-official-2849450.gpx"
"772","Metallica","I Dissapear (2)","TAB_ONLY_OR_EMPTY","HOLD","PENDING_PARSE_AND_QA","gp3","0","0","LANGUAGE_UNVERIFIED","0","NO","NO","","English lyrics not established from available text | No usable chord symbols in extracted sheet | Tab-only or empty extracted sheet","d341dce1db92f24d52c2b04b03f3c2ebcf650d8b4f7b740738c118d39228919c","GuitarPro_Tabs/Metallica - I Dissapear (2).gp3"
"773","Metallica","Imperial March","TAB_ONLY_OR_EMPTY","HOLD","PENDING_PARSE_AND_QA","gp3","0","0","LANGUAGE_UNVERIFIED","0","NO","NO","","Similar proposed title also exists in this queue; choose at most one after identity review. | English lyrics not established from available text | No usable chord symbols in extracted sheet | Tab-only or empty extracted sheet","fc07c0f0db3473749dc8663078ed0cece86a716cf50e42bd11792484c6433e89","GuitarPro_Tabs/Metallica - Imperial March.gp3"
"774","Metallica","Killing Time","TAB_ONLY_OR_EMPTY","HOLD","PENDING_PARSE_AND_QA","gp3","0","0","LANGUAGE_UNVERIFIED","0","NO","NO","","English lyrics not established from available text | No usable chord symbols in extracted sheet | Tab-only or empty extracted sheet","cd3936aae6e011d43c977dc930865b9ad6fb80f21d32e06e0e66854260f61c0a","GuitarPro_Tabs/Metallica - Killing Time.gp3"
"775","Metallica","Kirk Hammet Blues(sample)","TAB_ONLY_OR_EMPTY","HOLD","PENDING_PARSE_AND_QA","gp3","0","0","LANGUAGE_UNVERIFIED","0","NO","NO","","English lyrics not established from available text | No usable chord symbols in extracted sheet | Tab-only or empty extracted sheet","81cbf94ca0144e109e7ade1a1b90820b9416cc1bb5c1ef809303eb833eb60509","GuitarPro_Tabs/Metallica - Kirk Hammet Blues(sample).gp3"
"776","Metallica","Kirk Hammet solo in San Francisco","TAB_ONLY_OR_EMPTY","HOLD","PENDING_PARSE_AND_QA","gp3","0","0","LANGUAGE_UNVERIFIED","0","NO","NO","","May be a medley, fragment or exercise; full-song identity needs confirmation. | English lyrics not established from available text | No usable chord symbols in extracted sheet | Tab-only or empty extracted sheet","31c0bb0e4336129eae29e14f823ab4e3d1ba652eaafa8b63299862bc53eef136","GuitarPro_Tabs/Metallica - Kirk Hammet solo in San Francisco.gp3"
"777","Metallica","Last Caerss","EXISTING_DUPLICATE","EXISTING","PENDING_PARSE_AND_QA","gp3","0","0","LANGUAGE_UNVERIFIED","0","NO","NO","","Parsed title disagrees with proposal title | Existing artist/song or title variant — leave current song unchanged | English lyrics not established from available text | No usable chord symbols in extracted sheet | Tab-only or empty extracted sheet","59f1e80606d50529f86056625f6ed6c5acf846e6f3ad904d54db15986c74688b","GuitarPro_Tabs/Metallica - Last Caerss.gp3"
"778","Metallica","leper messiah","TRANSPOSE_FAILURE","HOLD","PENDING_PARSE_AND_QA","gpx","16","256","ENGLISH_TEXT_CHECK_PASS","137","YES","YES","","Exact locked transposer fails required round-trip or slash-bass preservation","3e8c9bbbc01a4006e7e4f030a1413f5e39d3b070d3e358425f2123d64e4635d3","Ultimate Guitar com PRO Tabs Site Rip GPX/m/metallica_954/metallica_leper-messiah-official-2169887.gpx"
"779","Metallica","Little Wing","TAB_ONLY_OR_EMPTY","HOLD","PENDING_PARSE_AND_QA","gp3","0","0","LANGUAGE_UNVERIFIED","0","NO","NO","","English lyrics not established from available text | No usable chord symbols in extracted sheet | Tab-only or empty extracted sheet","7d7a389e390f27ac05d26481ca9f64ff26aa6d8df56d2d21f02dcf36ce07e55d","GuitarPro_Tabs/Metallica - Little Wing.gp3"
"780","Metallica","Live Sh t Seattle Bass Solo","TAB_ONLY_OR_EMPTY","HOLD","PENDING_PARSE_AND_QA","gp3","0","0","LANGUAGE_UNVERIFIED","0","NO","NO","","Parsed title disagrees with proposal title | May be a medley, fragment or exercise; full-song identity needs confirmation. | English lyrics not established from available text | No usable chord symbols in extracted sheet | Tab-only or empty extracted sheet","3af12874dac2dfcd29a8966afe77661116c6830b051ce90d5975a7523fa1c9ab","GuitarPro_Tabs/Metallica - Live Sh t Seattle Bass Solo.gp3"
"781","Metallica","Loverman","TAB_ONLY_OR_EMPTY","HOLD","PENDING_PARSE_AND_QA","gp3","0","0","LANGUAGE_UNVERIFIED","0","NO","NO","","English lyrics not established from available text | No usable chord symbols in extracted sheet | Tab-only or empty extracted sheet","37ac421d3bf2a61a0b444bad464b80e6db5878cf9d03abcfeed18cac68e2009c","GuitarPro_Tabs/Metallica - Loverman.gp3"
"782","Metallica","low mans lyric","REVIEWABLE_CHORD_SHEET","REVIEWABLE","PENDING_PARSE_AND_QA","gpx","9","398","ENGLISH_TEXT_CHECK_PASS","0","YES","NO","","","59ff12afa1466672e1ee6953dc96ca187c784c6695c9c95c7bc05d7a7d22621a","Ultimate Guitar com PRO Tabs Site Rip GPX/m/metallica_954/metallica_low-mans-lyric-official-3223925.gpx"
"783","Metallica","Master Of Puppets (Live in Woodstock '99)","EXISTING_DUPLICATE","EXISTING","PENDING_PARSE_AND_QA","gp3","0","0","LANGUAGE_UNVERIFIED","0","NO","NO","","Existing artist/song or title variant — leave current song unchanged | Possible existing song or alternate title: Metallica — Master of Puppets | Similar proposed title also exists in this queue; choose at most one after identity review. | English lyrics not established from available text | No usable chord symbols in extracted sheet | Tab-only or empty extracted sheet","04546f529a7a63bfb0ce3c40b0d5ea8823f6aa13f3eb43f7700db0cd121c8aa2","GuitarPro_Tabs/Metallica - Master Of Puppets (Live in Woodstock '99).gp3"
"784","Metallica","Master Of Puppets (s&m)","EXISTING_DUPLICATE","EXISTING","PENDING_PARSE_AND_QA","gp3","0","0","LANGUAGE_UNVERIFIED","0","NO","NO","","Existing artist/song or title variant — leave current song unchanged | Possible existing song or alternate title: Metallica — Master of Puppets | Similar proposed title also exists in this queue; choose at most one after identity review. | English lyrics not established from available text | No usable chord symbols in extracted sheet | Tab-only or empty extracted sheet","0a223cf8f45898571af77b50f3c0ee4515099bff15db1433a2dacefb8b4a285e","GuitarPro_Tabs/Metallica - Master Of Puppets (s&m).gp3"
"785","Metallica","Mercyful fate","TAB_ONLY_OR_EMPTY","HOLD","PENDING_PARSE_AND_QA","gp3","0","0","LANGUAGE_UNVERIFIED","0","NO","NO","","English lyrics not established from available text | No usable chord symbols in extracted sheet | Tab-only or empty extracted sheet","1a5f9c80ccd851f8ddcff532f61c7f09a9c3c00b6c19e6111103fdd36c8e7c3e","GuitarPro_Tabs/Metallica - Mercyful fate.gp3"
"786","Metallica","Mercyfull Fate","TAB_ONLY_OR_EMPTY","HOLD","PENDING_PARSE_AND_QA","gp3","0","0","LANGUAGE_UNVERIFIED","0","NO","NO","","English lyrics not established from available text | No usable chord symbols in extracted sheet | Tab-only or empty extracted sheet","6c6567494ead60780fd77d258271b11b0f72d1f8e72b487ae0e66e065fadd038","GuitarPro_Tabs/Metallica - Mercyfull Fate.gp3"
"787","Metallica","Metallica","EXISTING_DUPLICATE","EXISTING","SKIPPED_ALREADY_CURRENT","gpx","15","175","ENGLISH_TEXT_CHECK_PASS","23","YES","YES","","Existing artist/song or title variant — leave current song unchanged | Title repeats the artist name; song identity needs confirmation. | Exact locked transposer fails required round-trip or slash-bass preservation","50ad51230177054e3c5a9f0ead77caf318757da5e97ef8ed5afe21c180e89976","Ultimate Guitar com PRO Tabs Site Rip GPX/m/metallica_954/metallica_fade-to-black-official-1930269.gpx"
"788","Metallica","Mexico City Guitar Solo (2)","TAB_ONLY_OR_EMPTY","HOLD","PENDING_PARSE_AND_QA","gp3","0","0","LANGUAGE_UNVERIFIED","0","NO","NO","","Parsed title disagrees with proposal title | May be a medley, fragment or exercise; full-song identity needs confirmation. | English lyrics not established from available text | No usable chord symbols in extracted sheet | Tab-only or empty extracted sheet","42f3913f0d83c3a55c8f1295c538cd7110edeec40bdf91a377b6c6cbfb5788ba","GuitarPro_Tabs/Metallica - Mexico City Guitar Solo (2).gp3"
"789","Metallica","Mexico City Solo (Excerpt)","TAB_ONLY_OR_EMPTY","HOLD","PENDING_PARSE_AND_QA","gp3","0","0","LANGUAGE_UNVERIFIED","0","NO","NO","","Parsed title disagrees with proposal title | May be a medley, fragment or exercise; full-song identity needs confirmation. | English lyrics not established from available text | No usable chord symbols in extracted sheet | Tab-only or empty extracted sheet","dd5fd74a0a332602973af52a86a3fdc2890d758d735693dc080cb093158d2153","GuitarPro_Tabs/Metallica - Mexico City Solo (Excerpt).gp3"
"790","Metallica","my friend of misery","TRANSPOSE_FAILURE","HOLD","PENDING_PARSE_AND_QA","gpx","10","252","ENGLISH_TEXT_CHECK_PASS","68","YES","YES","","Exact locked transposer fails required round-trip or slash-bass preservation","0061357b9d4b929bb2ed1dc26e4387f2a2fef5ccda806bc89567dfd892b7933d","Ultimate Guitar com PRO Tabs Site Rip GPX/m/metallica_954/metallica_my-friend-of-misery-official-2159215.gpx"
"791","Metallica","My World (2)","TAB_ONLY_OR_EMPTY","HOLD","PENDING_PARSE_AND_QA","gp4","0","0","LANGUAGE_UNVERIFIED","0","NO","NO","","English lyrics not established from available text | No usable chord symbols in extracted sheet | Tab-only or empty extracted sheet","2aa4a2db7ce61bc92518698b889d28fd384b7d8e2da57e0e18e8d7ea1e87e411","GuitarPro_Tabs/Metallica - My World (2).gp4"
"792","Metallica","No Leaf Clover - S&M (3)","EXISTING_DUPLICATE","EXISTING","PENDING_PARSE_AND_QA","gp3","0","0","LANGUAGE_UNVERIFIED","0","NO","NO","","Parsed title disagrees with proposal title | Existing artist/song or title variant — leave current song unchanged | English lyrics not established from available text | No usable chord symbols in extracted sheet | Tab-only or empty extracted sheet","3abfa8ad8fd98008cd81cd8746f77897235a37a7750b52cdda659269a41071d1","GuitarPro_Tabs/Metallica - No Leaf Clover - S&M (3).gp3"
"793","Metallica","no remorse","TRANSPOSE_FAILURE","HOLD","PENDING_PARSE_AND_QA","gpx","7","367","ENGLISH_TEXT_CHECK_PASS","22","NO","NO","","Exact locked transposer fails required round-trip or slash-bass preservation","79d6ca6708ac1f1db2c9b4fadc156b0088d0e5377f81a0a04da7d48214063c00","Ultimate Guitar com PRO Tabs Site Rip GPX/m/metallica_954/metallica_no-remorse-official-2156759.gpx"
"794","Metallica","Nothing Else Mathers (Paris)","TAB_ONLY_OR_EMPTY","HOLD","PENDING_PARSE_AND_QA","gp3","0","0","LANGUAGE_UNVERIFIED","0","NO","NO","","Parsed title disagrees with proposal title | English lyrics not established from available text | No usable chord symbols in extracted sheet | Tab-only or empty extracted sheet","56d554fdae94b4a3343060db554d832a7dd2d0c32da9488c0c604079c7f9ef26","GuitarPro_Tabs/Metallica - Nothing Else Mathers (Paris).gp3"
"795","Metallica","Nothing Else Matters - Acoustic Remix","EXISTING_DUPLICATE","EXISTING","PENDING_PARSE_AND_QA","gp3","0","0","LANGUAGE_UNVERIFIED","0","NO","NO","","Parsed title disagrees with proposal title | Existing artist/song or title variant — leave current song unchanged | English lyrics not established from available text | No usable chord symbols in extracted sheet | Tab-only or empty extracted sheet","b619b79718a2729ff7e97c29ecfb2cad99ce33a71a4fb8cf03ce32322f7a3e76","GuitarPro_Tabs/Metallica - Nothing Else Matters - Acoustic Remix.gp3"
"796","Metallica","Nothing Else Matters - S&M","EXISTING_DUPLICATE","EXISTING","PENDING_PARSE_AND_QA","gp4","0","0","LANGUAGE_UNVERIFIED","0","NO","NO","","Parsed title disagrees with proposal title | Existing artist/song or title variant — leave current song unchanged | English lyrics not established from available text | No usable chord symbols in extracted sheet | Tab-only or empty extracted sheet","12021c1246c943cb2cc97c719c553da4c9e40ac1479d216116ca8bec8394995e","GuitarPro_Tabs/Metallica - Nothing Else Matters - S&M.gp4"
"797","Metallica","Nothing Else Matters (accoustic guitar solo)","EXISTING_DUPLICATE","EXISTING","PENDING_PARSE_AND_QA","gp3","0","0","LANGUAGE_UNVERIFIED","0","NO","NO","","Existing artist/song or title variant — leave current song unchanged | Possible existing song or alternate title: Metallica — Nothing Else Matters | May be a medley, fragment or exercise; full-song identity needs confirmation. | Similar proposed title also exists in this queue; choose at most one after identity review. | English lyrics not established from available text | No usable chord symbols in extracted sheet | Tab-only or empty extracted sheet","6894dca630ac590def09085acb20c289a60c8ce4d6ef418ece1c05596e2a0b7f","GuitarPro_Tabs/Metallica - Nothing Else Matters (accoustic guitar solo).gp3"
"798","Metallica","Nothing Else Matters (arranged for one acoustic guitar)","EXISTING_DUPLICATE","EXISTING","PENDING_PARSE_AND_QA","gp3","0","0","LANGUAGE_UNVERIFIED","0","NO","NO","","Existing artist/song or title variant — leave current song unchanged | Possible existing song or alternate title: Metallica — Nothing Else Matters | Similar proposed title also exists in this queue; choose at most one after identity review. | English lyrics not established from available text | No usable chord symbols in extracted sheet | Tab-only or empty extracted sheet","7488d5b7958cb500e2a2697327079851116440fa3cf014ec5747a156f438949b","GuitarPro_Tabs/Metallica - Nothing Else Matters (arranged for one acoustic guitar).gp3"
"799","Metallica","Nothing Else Matters (Whole Song Single Guitar)","EXISTING_DUPLICATE","EXISTING","PENDING_PARSE_AND_QA","gp4","11","0","LANGUAGE_UNVERIFIED","46","YES","YES","","Existing artist/song or title variant — leave current song unchanged | Possible existing song or alternate title: Metallica — Nothing Else Matters | Similar proposed title also exists in this queue; choose at most one after identity review. | English lyrics not established from available text | Tab-only or empty extracted sheet | Exact locked transposer fails required round-trip or slash-bass preservation","ca02fa5a672c804ae4e480f5deccdb9b75d7f45a837ada1f415403b9f2429572","GuitarPro_Tabs/Metallica - Nothing Else Matters (Whole Song Single Guitar).gp4"
"800","Metallica","Nothing Else Matters Intro","EXISTING_DUPLICATE","EXISTING","PENDING_PARSE_AND_QA","gp3","6","0","LANGUAGE_UNVERIFIED","0","NO","NO","","Existing artist/song or title variant — leave current song unchanged | Possible existing song or alternate title: Metallica — Nothing Else Matters | May be a medley, fragment or exercise; full-song identity needs confirmation. | Similar proposed title also exists in this queue; choose at most one after identity review. | English lyrics not established from available text | Tab-only or empty extracted sheet","b3b3621877895d09253f7efde4eab7d86662a109bddea460ad41ad0c31870b8a","GuitarPro_Tabs/Metallica - Nothing Else Matters Intro.gp3"
"801","Metallica","One - S&M","EXISTING_DUPLICATE","EXISTING","PENDING_PARSE_AND_QA","gp3","0","0","LANGUAGE_UNVERIFIED","0","NO","NO","","Parsed title disagrees with proposal title | Existing artist/song or title variant — leave current song unchanged | English lyrics not established from available text | No usable chord symbols in extracted sheet | Tab-only or empty extracted sheet","31517b3781423f69c3e7b14f19d42a8b329baa92121d0c66d88516e90c9907a0","GuitarPro_Tabs/Metallica - One - S&M.gp3"
"802","Metallica","One (arranged for one guitar)","EXISTING_DUPLICATE","EXISTING","PENDING_PARSE_AND_QA","gp3","0","0","LANGUAGE_UNVERIFIED","0","NO","NO","","Existing artist/song or title variant — leave current song unchanged | Possible existing song or alternate title: Metallica — One | Similar proposed title also exists in this queue; choose at most one after identity review. | English lyrics not established from available text | No usable chord symbols in extracted sheet | Tab-only or empty extracted sheet","43161ec24600bb92c3ddac885090c864a58ae318bcf28249bd16f53c904981a1","GuitarPro_Tabs/Metallica - One (arranged for one guitar).gp3"
"803","Metallica","One (Live in Woodstock '99)","EXISTING_DUPLICATE","EXISTING","PENDING_PARSE_AND_QA","gp3","0","0","LANGUAGE_UNVERIFIED","0","NO","NO","","Existing artist/song or title variant — leave current song unchanged | Possible existing song or alternate title: Metallica — One | Similar proposed title also exists in this queue; choose at most one after identity review. | English lyrics not established from available text | No usable chord symbols in extracted sheet | Tab-only or empty extracted sheet","71e7291118b77eab29682304cc60fe91592de17dc1ca043b443511e64dc4fc50","GuitarPro_Tabs/Metallica - One (Live in Woodstock '99).gp3"
"804","Metallica","One (Paris)","EXISTING_DUPLICATE","EXISTING","PENDING_PARSE_AND_QA","gp3","0","0","LANGUAGE_UNVERIFIED","0","NO","NO","","Existing artist/song or title variant — leave current song unchanged | Possible existing song or alternate title: Metallica — One | Similar proposed title also exists in this queue; choose at most one after identity review. | English lyrics not established from available text | No usable chord symbols in extracted sheet | Tab-only or empty extracted sheet","4e2aa54c9282bb505d237906299289734cb663bb05ec076a0819fcb7139d07bd","GuitarPro_Tabs/Metallica - One (Paris).gp3"
"805","Metallica","One (with war sound 's)","EXISTING_DUPLICATE","EXISTING","PENDING_PARSE_AND_QA","gp3","0","0","LANGUAGE_UNVERIFIED","0","NO","NO","","Existing artist/song or title variant — leave current song unchanged | Possible existing song or alternate title: Metallica — One | Similar proposed title also exists in this queue; choose at most one after identity review. | English lyrics not established from available text | No usable chord symbols in extracted sheet | Tab-only or empty extracted sheet","a8054949e87d5d06f44af815f54853ba4df4cdb9b5fe4f30d4eeaec54a47d8b3","GuitarPro_Tabs/Metallica - One (with war sound 's).gp3"
"806","Metallica","orion","TAB_ONLY_OR_EMPTY","HOLD","PENDING_PARSE_AND_QA","gpx","18","0","LANGUAGE_UNVERIFIED","23","YES","YES","","Similar proposed title also exists in this queue; choose at most one after identity review. | English lyrics not established from available text | Tab-only or empty extracted sheet | Exact locked transposer fails required round-trip or slash-bass preservation","89dc4eff33eec5a57bf69a15dc9372c2a32698b44800f0d149df8a77d53e01ae","Ultimate Guitar com PRO Tabs Site Rip GPX/m/metallica_954/metallica_orion-official-2081421.gpx"
"807","Metallica","Orion (bass Riff)","TAB_ONLY_OR_EMPTY","HOLD","PENDING_PARSE_AND_QA","gp3","0","0","LANGUAGE_UNVERIFIED","0","NO","NO","","Parsed title disagrees with proposal title | Similar proposed title also exists in this queue; choose at most one after identity review. | English lyrics not established from available text | No usable chord symbols in extracted sheet | Tab-only or empty extracted sheet","9bf70a398c0f8b0e38728d1d7a660ce69b94526f990b5191b87d19bd87d565bb","GuitarPro_Tabs/Metallica - Orion (bass Riff).gp3"
"808","Metallica","Outlaw Torn (Outro)","EXISTING_DUPLICATE","EXISTING","PENDING_PARSE_AND_QA","gp3","4","0","LANGUAGE_UNVERIFIED","22","NO","NO","D#5 | E5 | F5 | F#5","Existing artist/song or title variant — leave current song unchanged | Possible existing song or alternate title: Metallica — The Outlaw Torn | English lyrics not established from available text | Locked renderer has no chord shape for: D#5, E5, F5, F#5 | Tab-only or empty extracted sheet | Exact locked transposer fails required round-trip or slash-bass preservation","7aeb4f2ee645e12168e055637f732e2b09906539e235cbebb39bc54ce3178170","GuitarPro_Tabs/Metallica - Outlaw Torn (Outro).gp3"
"809","Metallica","Overkill","TAB_ONLY_OR_EMPTY","HOLD","UNAVAILABLE_SOURCE","gp3","0","78","ENGLISH_TEXT_CHECK_PASS","0","NO","NO","","No usable chord symbols in extracted sheet","9dcaf5fd7ca357f2704d3d18ed86c8d0f855639c0e51156a87b32caf31865272","GuitarPro_Tabs/Metallica - Overkill (2).gp3"
"810","Metallica","Puppets Medley","TAB_ONLY_OR_EMPTY","HOLD","UNAVAILABLE_SOURCE","gp3","0","337","ENGLISH_TEXT_CHECK_PASS","0","NO","NO","","May be a medley, fragment or exercise; full-song identity needs confirmation. | No usable chord symbols in extracted sheet","98f52a2c6395df829f9897a199fb660372a0a2f49702ec481d25497ad97ec5e2","GuitarPro_Tabs/Metallica - Silent Distortions Puppets Medley.gp3"
"811","Metallica","Ride The Lightning (including solos)","EXISTING_DUPLICATE","EXISTING","PENDING_PARSE_AND_QA","gp3","0","0","LANGUAGE_UNVERIFIED","0","NO","NO","","Existing artist/song or title variant — leave current song unchanged | Possible existing song or alternate title: Metallica — Ride the Lightning | English lyrics not established from available text | No usable chord symbols in extracted sheet | Tab-only or empty extracted sheet","4133f1aca83876dd4088db69f1d2d5d824cb8c3df2bd2670257cfe636ac69671","GuitarPro_Tabs/Metallica - Ride The Lightning (including solos).gp3"
"812","Metallica","Sabbra Cadabra (2)","TAB_ONLY_OR_EMPTY","HOLD","PENDING_PARSE_AND_QA","gp3","0","0","LANGUAGE_UNVERIFIED","0","NO","NO","","English lyrics not established from available text | No usable chord symbols in extracted sheet | Tab-only or empty extracted sheet","1e63f03c6ddcde357f7c789f90c9382e4c11e4faabb97d685665a96319fa504e","GuitarPro_Tabs/Metallica - Sabbra Cadabra (2).gp3"
"813","Metallica","Sabbra Cadadra","TAB_ONLY_OR_EMPTY","HOLD","PENDING_PARSE_AND_QA","gp3","0","0","LANGUAGE_UNVERIFIED","0","NO","NO","","Parsed title disagrees with proposal title | English lyrics not established from available text | No usable chord symbols in extracted sheet | Tab-only or empty extracted sheet","18d8a993521851a18ed47a6488b274108ab7a477a8b623dcefce4263bf5bd126","GuitarPro_Tabs/Metallica - Sabbra Cadadra.gp3"
"814","Metallica","Sanitarium (2nd Solo)","TAB_ONLY_OR_EMPTY","HOLD","PENDING_PARSE_AND_QA","gp3","0","0","LANGUAGE_UNVERIFIED","0","NO","NO","","May be a medley, fragment or exercise; full-song identity needs confirmation. | English lyrics not established from available text | No usable chord symbols in extracted sheet | Tab-only or empty extracted sheet","20eabffc22da19901a406fb95e8da876f45ec54ce2fb27ba32fc10e2401847fd","GuitarPro_Tabs/Metallica - Sanitarium (2nd Solo).gp3"
"815","Metallica","Seattle Guitar Solo (Excerpt) Little Wing","TAB_ONLY_OR_EMPTY","HOLD","PENDING_PARSE_AND_QA","gp3","0","0","LANGUAGE_UNVERIFIED","0","NO","NO","","May be a medley, fragment or exercise; full-song identity needs confirmation. | English lyrics not established from available text | No usable chord symbols in extracted sheet | Tab-only or empty extracted sheet","1569b23ed8c9e6238dd3ee7db8c11280354f3d95c792717b8624334f5a911ab0","GuitarPro_Tabs/Metallica - Seattle Guitar Solo (Excerpt) Little Wing.gp3"
"816","Metallica","Shoot Me Again","TAB_ONLY_OR_EMPTY","HOLD","PENDING_PARSE_AND_QA","gp4","0","0","LANGUAGE_UNVERIFIED","0","NO","NO","","English lyrics not established from available text | No usable chord symbols in extracted sheet | Tab-only or empty extracted sheet","4e2420f6cf158dfc6bdce306f8094b549729ef9e4afec5974bdbe4f448a2c162","GuitarPro_Tabs/Metallica - Shoot Me Again.gp4"
"817","Metallica","Solo of Enter Sandman (Remix)","TAB_ONLY_OR_EMPTY","HOLD","PENDING_PARSE_AND_QA","gp3","0","0","LANGUAGE_UNVERIFIED","0","NO","NO","","May be a medley, fragment or exercise; full-song identity needs confirmation. | English lyrics not established from available text | No usable chord symbols in extracted sheet | Tab-only or empty extracted sheet","d0796898aed059515a7ca783bda6693a21827ac79ddca9615876b344d8552255","GuitarPro_Tabs/Metallica - Solo of Enter Sandman (Remix).gp3"
"818","Metallica","Solos Of Metallica","TAB_ONLY_OR_EMPTY","HOLD","PENDING_PARSE_AND_QA","gp4","1","0","LANGUAGE_UNVERIFIED","0","NO","YES","Am I Evil? (Tempo 200)","English lyrics not established from available text | Locked renderer has no chord shape for: Am I Evil? (Tempo 200) | Tab-only or empty extracted sheet","e6e62bf8369928e0a168c9033307c7185b86b14287d257a9a334315d9b8b11b8","GuitarPro_Tabs/Metallica - Solos Of Metallica.gp4"
"819","Metallica","some kind of monster","REVIEWABLE_CHORD_SHEET","REVIEWABLE","PENDING_PARSE_AND_QA","gpx","3","484","ENGLISH_TEXT_CHECK_PASS","0","NO","NO","","","65375a4511221ef9c7529c0c7bfa3064d2cf97dd95e7e06a8918d66b317e999e","Ultimate Guitar com PRO Tabs Site Rip GPX/m/metallica_954/metallica_some-kind-of-monster-official-2508507.gpx"
"820","Metallica","spit out the bone","TRANSPOSE_FAILURE","HOLD","PENDING_PARSE_AND_QA","gpx","12","291","ENGLISH_TEXT_CHECK_PASS","45","YES","YES","","Exact locked transposer fails required round-trip or slash-bass preservation","ffd1b586cf404f6bb0a579be629bcbb179b773b65670f9a7a310dea5531ac32c","Ultimate Guitar com PRO Tabs Site Rip GPX/m/metallica_954/metallica_spit-out-the-bone-official-2157843.gpx"
"821","Metallica","Stone Dead Forever","TAB_ONLY_OR_EMPTY","HOLD","PENDING_PARSE_AND_QA","gp3","0","0","LANGUAGE_UNVERIFIED","0","NO","NO","","English lyrics not established from available text | No usable chord symbols in extracted sheet | Tab-only or empty extracted sheet","f28c5fbb8c981cdae4d48cb82486eab9109025a828ae949570f19c350537d77d","GuitarPro_Tabs/Metallica - Stone Dead Forever.gp3"
"822","Metallica","suicide and redemption","TAB_ONLY_OR_EMPTY","HOLD","PENDING_PARSE_AND_QA","gpx","18","0","LANGUAGE_UNVERIFIED","90","YES","YES","","English lyrics not established from available text | Tab-only or empty extracted sheet | Exact locked transposer fails required round-trip or slash-bass preservation","c978886a5b00a8e5de4e517ef84302bf60c3b506919c0f861fdf29470ba67c83","Ultimate Guitar com PRO Tabs Site Rip GPX/m/metallica_954/metallica_suicide-and-redemption-official-2724798.gpx"
"823","Metallica","Sweet Amber","TAB_ONLY_OR_EMPTY","HOLD","PENDING_PARSE_AND_QA","gp4","0","0","LANGUAGE_UNVERIFIED","0","NO","NO","","English lyrics not established from available text | No usable chord symbols in extracted sheet | Tab-only or empty extracted sheet","52d8c90116ef8b1b8c7ee68f6155723706b7ea7e5ab37cf94573da87fa709274","GuitarPro_Tabs/Metallica - Sweet Amber.gp4"
"824","Metallica","The Art Of Kirk Hammett (2)","TAB_ONLY_OR_EMPTY","HOLD","PENDING_PARSE_AND_QA","gp3","0","0","LANGUAGE_UNVERIFIED","0","NO","NO","","Parsed title disagrees with proposal title | English lyrics not established from available text | No usable chord symbols in extracted sheet | Tab-only or empty extracted sheet","807ead4e1232ffbaf7aeebee48e15ade8e04cda3bb4bfbb3884406b59273c3e6","GuitarPro_Tabs/Metallica - The Art Of Kirk Hammett (2).gp3"
"825","Metallica","the call of ktulu","TAB_ONLY_OR_EMPTY","HOLD","PENDING_PARSE_AND_QA","gpx","18","0","LANGUAGE_UNVERIFIED","69","YES","YES","","Similar proposed title also exists in this queue; choose at most one after identity review. | English lyrics not established from available text | Tab-only or empty extracted sheet | Exact locked transposer fails required round-trip or slash-bass preservation","9993ebbd41d1f3922cac5d841e4de18d67af5cd84e69dd4f9f307cf281800aa8","Ultimate Guitar com PRO Tabs Site Rip GPX/m/metallica_954/metallica_the-call-of-ktulu-official-2141171.gpx"
"826","Metallica","The Call Of KTulu (s&m) (2)","TAB_ONLY_OR_EMPTY","HOLD","PENDING_PARSE_AND_QA","gp3","0","0","LANGUAGE_UNVERIFIED","0","NO","NO","","Similar proposed title also exists in this queue; choose at most one after identity review. | English lyrics not established from available text | No usable chord symbols in extracted sheet | Tab-only or empty extracted sheet","3f413f45086b7d4ca9993f2a66c225d25e1660e99df284759079a5a3052e8075","GuitarPro_Tabs/Metallica - The Call Of KTulu (s&m) (2).gp3"
"827","Metallica","The Call Of Ktulu(bass)","TAB_ONLY_OR_EMPTY","HOLD","PENDING_PARSE_AND_QA","gp3","0","0","LANGUAGE_UNVERIFIED","0","NO","NO","","Similar proposed title also exists in this queue; choose at most one after identity review. | English lyrics not established from available text | No usable chord symbols in extracted sheet | Tab-only or empty extracted sheet","ebac6bf7aa961ea812eb389cbebadeab017878b563f3c0bb172adb9770ccde1d","GuitarPro_Tabs/Metallica - The Call Of Ktulu(bass).gp3"
"828","Metallica","The ecstasy of gold","TAB_ONLY_OR_EMPTY","HOLD","PENDING_PARSE_AND_QA","gp3","0","0","LANGUAGE_UNVERIFIED","0","NO","NO","","English lyrics not established from available text | No usable chord symbols in extracted sheet | Tab-only or empty extracted sheet","14f9462e90036f70e245f38573497c6150c307763bc29775beec1f91c84a60b8","GuitarPro_Tabs/Metallica - The ecstasy of gold.gp3"
"829","Metallica","The Imperial March","TAB_ONLY_OR_EMPTY","HOLD","PENDING_PARSE_AND_QA","gp3","0","0","LANGUAGE_UNVERIFIED","0","NO","NO","","Similar proposed title also exists in this queue; choose at most one after identity review. | English lyrics not established from available text | No usable chord symbols in extracted sheet | Tab-only or empty extracted sheet","3465048150e4e153d6aa82d567b200ef424f344c5b1317e2cf89dfe8be658149","GuitarPro_Tabs/Metallica - The Imperial March.gp3"
"830","Metallica","The More I See","TAB_ONLY_OR_EMPTY","HOLD","PENDING_PARSE_AND_QA","gp3","0","0","LANGUAGE_UNVERIFIED","0","NO","NO","","English lyrics not established from available text | No usable chord symbols in extracted sheet | Tab-only or empty extracted sheet","66e592938272dfaeb1c8414d10569e8c694fe310f3bb9e52efc53a442eef7dc0","GuitarPro_Tabs/Metallica - The More I See.gp3"
"831","Metallica","The Prince","TAB_ONLY_OR_EMPTY","HOLD","PENDING_PARSE_AND_QA","gp3","0","0","LANGUAGE_UNVERIFIED","0","NO","NO","","English lyrics not established from available text | No usable chord symbols in extracted sheet | Tab-only or empty extracted sheet","df356deb7f8be6dac2965e79214f8fec84366e6a4e21add63507d5771fad8b7f","GuitarPro_Tabs/Metallica - The Prince.gp3"
"832","Metallica","the shortest straw","TRANSPOSE_FAILURE","HOLD","PENDING_PARSE_AND_QA","gpx","11","407","ENGLISH_TEXT_CHECK_PASS","66","YES","NO","","Exact locked transposer fails required round-trip or slash-bass preservation","8dcde5b1d4e6e934259869f4d546d61087b0317893cb68e3f4de7cc89e205276","Ultimate Guitar com PRO Tabs Site Rip GPX/m/metallica_954/metallica_the-shortest-straw-official-2152337.gpx"
"833","Metallica","The Small Hours","TAB_ONLY_OR_EMPTY","HOLD","PENDING_PARSE_AND_QA","gp3","0","0","LANGUAGE_UNVERIFIED","0","NO","NO","","English lyrics not established from available text | No usable chord symbols in extracted sheet | Tab-only or empty extracted sheet","ffe11f00ccce97ccdd1d084fe356f5ec7cf843dac26ee52b91b869292ae2fdd0","GuitarPro_Tabs/Metallica - The Small Hours.gp3"
"834","Metallica","The Struggle Within","EXISTING_DUPLICATE","EXISTING","SKIPPED_ALREADY_CURRENT","gpx","9","254","ENGLISH_TEXT_CHECK_PASS","44","YES","NO","","Existing artist/song or title variant — leave current song unchanged | Exact locked transposer fails required round-trip or slash-bass preservation","72301d087b3634875b00692ae5e4d43c878ca00b369f370a39bf89981a5f95c1","Ultimate Guitar com PRO Tabs Site Rip GPX/m/metallica_954/metallica_the-struggle-within-official-2175887.gpx"
"835","Metallica","The Strugle Within (2)","PARSER_FAILURE","HOLD","PENDING_PARSE_AND_QA","gp3","0","0","LANGUAGE_UNVERIFIED","0","NO","NO","","Parser held source: {""category"":""parse_error"",""message"":""Unexpected end of data within reader""} | Parsed title disagrees with proposal title | English lyrics not established from available text | No usable chord symbols in extracted sheet | Tab-only or empty extracted sheet","55de4f684435aa28035b00d14e0e24e6bdf5d49a0d086c91f11aa102f3a18f41","GuitarPro_Tabs/Metallica - The Strugle Within (2).gp3"
"836","Metallica","The Thorn Within","EXISTING_DUPLICATE","EXISTING","PENDING_PARSE_AND_QA","gp3","0","0","LANGUAGE_UNVERIFIED","0","NO","NO","","Existing artist/song or title variant — leave current song unchanged | Possible existing song or alternate title: Metallica — Thorn Within | English lyrics not established from available text | No usable chord symbols in extracted sheet | Tab-only or empty extracted sheet","14950ba464a67f4ed241d72536246f31639c762f2f223ab639c6e56679706d66","GuitarPro_Tabs/Metallica - The Thorn Within.gp3"
"837","Metallica","The Unforgiven (Live Shit)","EXISTING_DUPLICATE","EXISTING","PENDING_PARSE_AND_QA","gp3","0","0","LANGUAGE_UNVERIFIED","0","NO","NO","","Existing artist/song or title variant — leave current song unchanged | Possible existing song or alternate title: Metallica — The Unforgiven | Similar proposed title also exists in this queue; choose at most one after identity review. | English lyrics not established from available text | No usable chord symbols in extracted sheet | Tab-only or empty extracted sheet","c997de918f707907b16411bf01edbfa31ffc81172b2374268ae737f57a2d764b","GuitarPro_Tabs/Metallica - The Unforgiven (Live Shit).gp3"
"838","Metallica","The Wait","TAB_ONLY_OR_EMPTY","HOLD","PENDING_PARSE_AND_QA","gp3","0","0","LANGUAGE_UNVERIFIED","0","NO","NO","","English lyrics not established from available text | No usable chord symbols in extracted sheet | Tab-only or empty extracted sheet","b44adf2e371f6af9f06c6af60d43c482221ae299503b74284089434be72ffe78","GuitarPro_Tabs/Metallica - The Wait.gp3"
"839","Metallica","through the never","TRANSPOSE_FAILURE","HOLD","PENDING_PARSE_AND_QA","gpx","10","263","ENGLISH_TEXT_CHECK_PASS","68","YES","YES","","Exact locked transposer fails required round-trip or slash-bass preservation","6b4461f2498d1055a3fcb363807295ce2b2fba4090abeb007fd09f01de983af4","Ultimate Guitar com PRO Tabs Site Rip GPX/m/metallica_954/metallica_through-the-never-official-2089365.gpx"
"840","Metallica","to live is to die","TAB_ONLY_OR_EMPTY","HOLD","PENDING_PARSE_AND_QA","gpx","11","0","LANGUAGE_UNVERIFIED","0","YES","NO","","Similar proposed title also exists in this queue; choose at most one after identity review. | English lyrics not established from available text | Tab-only or empty extracted sheet","0effb1dd1e4443b37a2600a13877ab6422b51338756f3c5e456f2f8fbc517e57","Ultimate Guitar com PRO Tabs Site Rip GPX/m/metallica_954/metallica_to-live-is-to-die-official-2534841.gpx"
"841","Metallica","To Live is To Die (intro)","TAB_ONLY_OR_EMPTY","HOLD","PENDING_PARSE_AND_QA","gp3","0","0","LANGUAGE_UNVERIFIED","0","NO","NO","","Parsed title disagrees with proposal title | May be a medley, fragment or exercise; full-song identity needs confirmation. | Similar proposed title also exists in this queue; choose at most one after identity review. | English lyrics not established from available text | No usable chord symbols in extracted sheet | Tab-only or empty extracted sheet","baabad9928456051718d0466850bcce62c082eda4ad977fa49580c13c550122a","GuitarPro_Tabs/Metallica - To Live is To Die (intro).gp3"
"842","Metallica","Tuesday 's Gone","TAB_ONLY_OR_EMPTY","HOLD","PENDING_PARSE_AND_QA","gp3","0","0","LANGUAGE_UNVERIFIED","0","NO","NO","","English lyrics not established from available text | No usable chord symbols in extracted sheet | Tab-only or empty extracted sheet","595c011e8801c180dde0e4b73636fd08f78feef38bed5f3b7cbcf046eb0e9c14","GuitarPro_Tabs/Metallica - Tuesday 's Gone.gp3"
"843","Metallica","Unforgiven","EXISTING_DUPLICATE","EXISTING","PENDING_PARSE_AND_QA","gp3","0","0","LANGUAGE_UNVERIFIED","0","NO","NO","","Existing artist/song or title variant — leave current song unchanged | Possible existing song or alternate title: Metallica — The Unforgiven | Similar proposed title also exists in this queue; choose at most one after identity review. | English lyrics not established from available text | No usable chord symbols in extracted sheet | Tab-only or empty extracted sheet","ac7c2e58f6a0224947d63043ddeec7cc4099dfe1d9f7fa8c4727d8e8394f0b45","GuitarPro_Tabs/Metallica - Unforgiven.gp3"
"844","Metallica","until it sleeps","IDENTITY_DIAGRAM_OR_OTHER_HOLD","HOLD","PENDING_PARSE_AND_QA","gpx","8","282","ENGLISH_TEXT_CHECK_PASS","0","NO","NO","","Similar proposed title also exists in this queue; choose at most one after identity review.","4dd1a969f97e97c5c16d2c6069dc7f130f1bed6dafbd40f1b84c61f4b596e137","Ultimate Guitar com PRO Tabs Site Rip GPX/m/metallica_954/metallica_until-it-sleeps-official-2098607.gpx"
"845","Metallica","Until It Sleeps (S&M)","TAB_ONLY_OR_EMPTY","HOLD","PENDING_PARSE_AND_QA","gp3","0","0","LANGUAGE_UNVERIFIED","0","NO","NO","","Similar proposed title also exists in this queue; choose at most one after identity review. | English lyrics not established from available text | No usable chord symbols in extracted sheet | Tab-only or empty extracted sheet","db25c1ae8079003ddf39fa2402cbd0b2a116b2b89470949e2d973b7c916bbe84","GuitarPro_Tabs/Metallica - Until It Sleeps (S&M).gp3"
"846","Metallica","Welcome Home (Sanitarium) Live","EXISTING_DUPLICATE","EXISTING","PENDING_PARSE_AND_QA","gp3","0","0","LANGUAGE_UNVERIFIED","0","NO","NO","","Existing artist/song or title variant — leave current song unchanged | Possible existing song or alternate title: Metallica — Welcome Home (Sanitarium) | English lyrics not established from available text | No usable chord symbols in extracted sheet | Tab-only or empty extracted sheet","6ae6f88d8dc2122a1bc28df0adc6f7b63189f541962387eba01d77064cd6aa33","GuitarPro_Tabs/Metallica - Welcome Home (Sanitarium) Live.gp3"
"847","Metallica","Wherever I May Roam Live","EXISTING_DUPLICATE","EXISTING","PENDING_PARSE_AND_QA","gp3","0","0","LANGUAGE_UNVERIFIED","0","NO","NO","","Existing artist/song or title variant — leave current song unchanged | Possible existing song or alternate title: Metallica — Wherever I May Roam | English lyrics not established from available text | No usable chord symbols in extracted sheet | Tab-only or empty extracted sheet","260e3a49bf48143dd815eb62a4fe1ee40979e3c9d4dca29e90ff573bc6760729","GuitarPro_Tabs/Metallica - Wherever I May Roam Live.gp3"
"848","Metallica","Wiplash","EXISTING_DUPLICATE","EXISTING","PENDING_PARSE_AND_QA","gp3","0","0","LANGUAGE_UNVERIFIED","0","NO","NO","","Parsed title disagrees with proposal title | Existing artist/song or title variant — leave current song unchanged | English lyrics not established from available text | No usable chord symbols in extracted sheet | Tab-only or empty extracted sheet","d13720cfc36a40e14556884c112076491ab453c1e6f24a2cb9d96e3667fbbdf4","GuitarPro_Tabs/Metallica - Wiplash.gp3"
"849","Metallica","You 're Going To Hell","TAB_ONLY_OR_EMPTY","HOLD","PENDING_PARSE_AND_QA","gp3","0","0","LANGUAGE_UNVERIFIED","0","NO","NO","","English lyrics not established from available text | No usable chord symbols in extracted sheet | Tab-only or empty extracted sheet","3ceb42f8b2eddb2ceacf2ec062ebb057dde8ab3cc9be3cb55b0b5a30e73e9957","GuitarPro_Tabs/Metallica - You 're Going To Hell.gp3"
"850","Michael Jackson","ben","TRANSPOSE_FAILURE","HOLD","PENDING_PARSE_AND_QA","gpx","11","187","ENGLISH_TEXT_CHECK_PASS","46","YES","YES","","Exact locked transposer fails required round-trip or slash-bass preservation","cfff3fc15246d9b03841ded000d5b7181456cd7eabf049202f2f25d8094e8892","Ultimate Guitar com PRO Tabs Site Rip GPX/m/michael_jackson_10582/michael-jackson_ben-official-2207669.gpx"
"851","Michael Jackson","Billie Jean","EXISTING_DUPLICATE","EXISTING","SKIPPED_ALREADY_CURRENT","gpx","5","474","LANGUAGE_UNVERIFIED","0","NO","YES","","Existing artist/song or title variant — leave current song unchanged | English lyrics not established from available text","1e4e1b39664eda983cba035ad6d67207d69e1da90dedc7513db2b23012de00cb","Ultimate Guitar com PRO Tabs Site Rip GPX/m/michael_jackson_10582/michael-jackson_billie-jean-official-1939031.gpx"
"852","Michael Jackson","heal the world","TRANSPOSE_FAILURE","HOLD","PENDING_PARSE_AND_QA","gpx","28","643","ENGLISH_TEXT_CHECK_PASS","271","YES","YES","","Exact locked transposer fails required round-trip or slash-bass preservation","ff06761ac02cdc0e6a455f330ebf5d993d5542bfaaae604c8f9d8e78f98cfce8","Ultimate Guitar com PRO Tabs Site Rip GPX/m/michael_jackson_10582/michael-jackson_heal-the-world-official-3174368.gpx"
"853","Michael Jackson","Say Say Say *alt","EXISTING_DUPLICATE","EXISTING","SKIPPED_ALREADY_CURRENT","gpx","8","362","ENGLISH_TEXT_CHECK_PASS","0","NO","NO","","Existing artist/song or title variant — leave current song unchanged","e6a85ca555ddc2dc3b353d37057a9c7822ef17f19b3c88aeffc25058d0a5815e","Ultimate Guitar com PRO Tabs Site Rip GPX/m/michael_jackson_10582/paul-mccartney_say-say-say-official-2298603.gpx"
"854","Michael Jackson","smooth criminal","REVIEWABLE_CHORD_SHEET","REVIEWABLE","PENDING_PARSE_AND_QA","gpx","6","611","ENGLISH_TEXT_CHECK_PASS","0","NO","NO","","","83188315efdd48ce2792a6ab9eeb329131d26db41ecbd235cee81d0f051be1ff","Ultimate Guitar com PRO Tabs Site Rip GPX/m/michael_jackson_10582/michael-jackson_smooth-criminal-official-2162445.gpx"
"855","Mick Jagger","God Gave Me Everything","EXISTING_DUPLICATE","EXISTING","SKIPPED_ALREADY_CURRENT","gpx","5","386","ENGLISH_TEXT_CHECK_PASS","0","NO","NO","","Existing artist/song or title variant — leave current song unchanged","e17ac9c7d7bb1767b76b8bf2438ad376f76fbdbc1f2b8a87b05861bd1e76ccd3","Ultimate Guitar com PRO Tabs Site Rip GPX/m/mick_jagger_10585/mick-jagger_god-gave-me-everything-official-2530380.gpx"
"856","Mississippi John Hurt","Ain ' t no telling","TAB_ONLY_OR_EMPTY","HOLD","PENDING_PARSE_AND_QA","gp3","0","0","LANGUAGE_UNVERIFIED","0","NO","NO","","Parsed title disagrees with proposal title | English lyrics not established from available text | No usable chord symbols in extracted sheet | Tab-only or empty extracted sheet","7062d207bab85cad722464a0a029e8e2e49cd3d1b1649df3c103b5588e4bd379","GuitarPro_Tabs/Mississippi John Hurt - Ain ' t no telling.gp3"
"857","Mississippi John Hurt","Ain 't No Tellin","TAB_ONLY_OR_EMPTY","HOLD","PENDING_PARSE_AND_QA","gp4","0","0","LANGUAGE_UNVERIFIED","0","NO","NO","","English lyrics not established from available text | No usable chord symbols in extracted sheet | Tab-only or empty extracted sheet","678896b056c8a104c5493e0932db34b69224dcc1178b3b7dae8eecca29072bac","GuitarPro_Tabs/Mississippi John Hurt - Ain 't No Tellin.gp4"
"858","Mississippi John Hurt","Avalon","TAB_ONLY_OR_EMPTY","HOLD","PENDING_PARSE_AND_QA","gp3","0","0","LANGUAGE_UNVERIFIED","0","NO","NO","","English lyrics not established from available text | No usable chord symbols in extracted sheet | Tab-only or empty extracted sheet","342cbb37d7fa2c9871a6729fb7c679b942e7f84ea7ad9b894ab6a88b6adaada5","GuitarPro_Tabs/Mississippi John Hurt - Avalon.gp3"
"859","Mississippi John Hurt","Baby what 's wrong with you","TAB_ONLY_OR_EMPTY","HOLD","PENDING_PARSE_AND_QA","gp3","0","0","LANGUAGE_UNVERIFIED","0","NO","NO","","English lyrics not established from available text | No usable chord symbols in extracted sheet | Tab-only or empty extracted sheet","6cf5effc6cf7acf9b52a8791d6f28bd9fc7b326d2af6099728e378491bd053c2","GuitarPro_Tabs/Mississippi John Hurt - Baby what 's wrong with you.gp3"
"860","Mississippi John Hurt","Big leg","TAB_ONLY_OR_EMPTY","HOLD","PENDING_PARSE_AND_QA","gp3","0","0","LANGUAGE_UNVERIFIED","0","NO","NO","","English lyrics not established from available text | No usable chord symbols in extracted sheet | Tab-only or empty extracted sheet","85889f4f2fce1796ca61f1cb52fe176f7bd8583531e0b198bd819333f8884a23","GuitarPro_Tabs/Mississippi John Hurt - Big leg.gp3"
"861","Mississippi John Hurt","Candy Man","TAB_ONLY_OR_EMPTY","HOLD","PENDING_PARSE_AND_QA","gp3","0","0","LANGUAGE_UNVERIFIED","0","NO","NO","","English lyrics not established from available text | No usable chord symbols in extracted sheet | Tab-only or empty extracted sheet","896d11d9bf9f89c08c889777bf3ff9d72a72e0f36da62a7bdfb3c853fa9efe00","GuitarPro_Tabs/Mississippi John Hurt - Candy Man.gp3"
"862","Mississippi John Hurt","Frankie (2)","TAB_ONLY_OR_EMPTY","HOLD","PENDING_PARSE_AND_QA","gp3","0","0","LANGUAGE_UNVERIFIED","0","NO","NO","","English lyrics not established from available text | No usable chord symbols in extracted sheet | Tab-only or empty extracted sheet","a6c997c65dc2d3563185728d2b3a419dda12c6e4599e501b04e61ce9b580ee7b","GuitarPro_Tabs/Mississippi John Hurt - Frankie (2).gp3"
"863","Mississippi John Hurt","Got the Blues","TAB_ONLY_OR_EMPTY","HOLD","PENDING_PARSE_AND_QA","gp3","0","0","LANGUAGE_UNVERIFIED","0","NO","NO","","English lyrics not established from available text | No usable chord symbols in extracted sheet | Tab-only or empty extracted sheet","4a30f0970fb11bf4b8c60778a78929da7d5bdeea141c7e97e9cfbcad780053be","GuitarPro_Tabs/Mississippi John Hurt - Got the Blues.gp3"
"864","Mississippi John Hurt","If you don 't want me","TAB_ONLY_OR_EMPTY","HOLD","PENDING_PARSE_AND_QA","gp3","0","0","LANGUAGE_UNVERIFIED","0","NO","NO","","English lyrics not established from available text | No usable chord symbols in extracted sheet | Tab-only or empty extracted sheet","a6b4f023ef95d7bd0809700b17fb8c05aca1776cd62353fb3a739c0e51d61fae","GuitarPro_Tabs/Mississippi John Hurt - If you don 't want me.gp3"
"865","Mississippi John Hurt","Louis Collins","TAB_ONLY_OR_EMPTY","HOLD","PENDING_PARSE_AND_QA","gp3","0","0","LANGUAGE_UNVERIFIED","0","NO","NO","","English lyrics not established from available text | No usable chord symbols in extracted sheet | Tab-only or empty extracted sheet","296f3c1744a5151162bcdb2212cb301277439c7355b5e8cab843b03f402d04ba","GuitarPro_Tabs/Mississippi John Hurt - Louis Collins.gp3"
"866","Mississippi John Hurt","Mississippi John Hurt - Hot Time In The Old Town Tonight","EXISTING_DUPLICATE","EXISTING","SKIPPED_ALREADY_CURRENT","gpx","4","191","ENGLISH_TEXT_CHECK_PASS","23","NO","YES","","Existing artist/song or title variant — leave current song unchanged | Artist name appears inside the source title. | Exact locked transposer fails required round-trip or slash-bass preservation","106ee41d90f25843cabb4f6cbb1c57d5622acd7893a9155b57d07c04dd1950ab","Ultimate Guitar com PRO Tabs Site Rip GPX/m/mississippi_john_hurt_6198/mississippi-john-hurt_hot-time-in-the-old-town-tonight-official-2411417.gpx"
"867","Mississippi John Hurt","Monday Mornig Blues","TAB_ONLY_OR_EMPTY","HOLD","PENDING_PARSE_AND_QA","gp3","0","0","LANGUAGE_UNVERIFIED","0","NO","NO","","Parsed title disagrees with proposal title | English lyrics not established from available text | No usable chord symbols in extracted sheet | Tab-only or empty extracted sheet","6e4edda6100db271adfb0e47be1ff146c107d6fff5fd61839646274bcf984265","GuitarPro_Tabs/Mississippi John Hurt - Monday Mornig Blues.gp3"
"868","Mississippi John Hurt","My creole belle","TAB_ONLY_OR_EMPTY","HOLD","PENDING_PARSE_AND_QA","gp3","0","0","LANGUAGE_UNVERIFIED","0","NO","NO","","English lyrics not established from available text | No usable chord symbols in extracted sheet | Tab-only or empty extracted sheet","c4eb5fb5f85d64043697898525850f0ee34b6ac44c68e5a1d25862eaf9883a43","GuitarPro_Tabs/Mississippi John Hurt - My creole belle.gp3"
"869","Mississippi John Hurt","Nobody businnes","TAB_ONLY_OR_EMPTY","HOLD","PENDING_PARSE_AND_QA","gp3","0","0","LANGUAGE_UNVERIFIED","0","NO","NO","","Parsed title disagrees with proposal title | English lyrics not established from available text | No usable chord symbols in extracted sheet | Tab-only or empty extracted sheet","f33c66a323557414df0676369e6d20f5997092958e559ac99c6695e183667e0a","GuitarPro_Tabs/Mississippi John Hurt - Nobody businnes.gp3"
"870","Mississippi John Hurt","Nobody cares for me","TAB_ONLY_OR_EMPTY","HOLD","PENDING_PARSE_AND_QA","gp3","0","0","LANGUAGE_UNVERIFIED","0","NO","NO","","English lyrics not established from available text | No usable chord symbols in extracted sheet | Tab-only or empty extracted sheet","c79204d4243cccaf08f270458323efd7b84f8e7361870ccb66aa9bd224a54faf","GuitarPro_Tabs/Mississippi John Hurt - Nobody cares for me.gp3"
"871","Mississippi John Hurt","pay day","REVIEWABLE_CHORD_SHEET","REVIEWABLE","PENDING_PARSE_AND_QA","gpx","1","144","ENGLISH_TEXT_CHECK_PASS","0","NO","NO","","","26ec1826bb99e8185e9ad18f6991bab242b58e37ff82c0e94eb48f0184a24a93","Ultimate Guitar com PRO Tabs Site Rip GPX/m/mississippi_john_hurt_6198/mississippi-john-hurt_pay-day-official-2253133.gpx"
"872","Mississippi John Hurt","Richland woman blues","TAB_ONLY_OR_EMPTY","HOLD","PENDING_PARSE_AND_QA","gp3","0","0","LANGUAGE_UNVERIFIED","0","NO","NO","","English lyrics not established from available text | No usable chord symbols in extracted sheet | Tab-only or empty extracted sheet","77096461489aaf5bfc75fc106d93f64c06146bc8c9638c3cfa06b758e038d6f4","GuitarPro_Tabs/Mississippi John Hurt - Richland woman blues.gp3"
"873","Mississippi John Hurt","Shake that Thing","TAB_ONLY_OR_EMPTY","HOLD","PENDING_PARSE_AND_QA","gp3","0","0","LANGUAGE_UNVERIFIED","0","NO","NO","","English lyrics not established from available text | No usable chord symbols in extracted sheet | Tab-only or empty extracted sheet","56ea644879ce0fee14f077225eacc6a9818dc44786d083b91c2482bf5ad8671e","GuitarPro_Tabs/Mississippi John Hurt - Shake that Thing.gp3"
"874","Mississippi John Hurt","Stack O ' Lee","TAB_ONLY_OR_EMPTY","HOLD","PENDING_PARSE_AND_QA","gp3","0","0","LANGUAGE_UNVERIFIED","0","NO","NO","","English lyrics not established from available text | No usable chord symbols in extracted sheet | Tab-only or empty extracted sheet","9789c0f5f1e7542758cf143824916de38b25c74f97d00d318c9535076cd6a750","GuitarPro_Tabs/Mississippi John Hurt - Stack O ' Lee.gp3"
"875","Modern English","i melt with you","IDENTITY_DIAGRAM_OR_OTHER_HOLD","HOLD","PENDING_PARSE_AND_QA","gpx","5","278","ENGLISH_TEXT_CHECK_PASS","0","NO","NO","","Similar proposed title also exists in this queue; choose at most one after identity review.","ee92b746029eca3a4f7937e8640f6e593176f496f2176f21e4de7248364c5268","Ultimate Guitar com PRO Tabs Site Rip GPX/m/modern_english_6206/modern-english_i-melt-with-you-official-2551893.gpx"
"876","Modern English","I Melt With You (Main Riff)","TAB_ONLY_OR_EMPTY","HOLD","PENDING_PARSE_AND_QA","gp4","0","0","LANGUAGE_UNVERIFIED","0","NO","NO","","Similar proposed title also exists in this queue; choose at most one after identity review. | English lyrics not established from available text | No usable chord symbols in extracted sheet | Tab-only or empty extracted sheet","01197c8fe2416b71fece9b47956cb8e34fd7643fa04485cc8a1caf8da5aa6dcd","GuitarPro_Tabs/Modern English - I Melt With You (Main Riff).gp4"
"877","Monty Python","always look on the bright side of life","TRANSPOSE_FAILURE","HOLD","PENDING_PARSE_AND_QA","gpx","14","346","ENGLISH_TEXT_CHECK_PASS","23","YES","YES","","Exact locked transposer fails required round-trip or slash-bass preservation","1f5f297ac36a82833bebd2964eae7b8d0ce29d5291f21b1b594bf11d10e0bd9e","Ultimate Guitar com PRO Tabs Site Rip GPX/m/monty_python_6217/monty-python_always-look-on-the-bright-side-of-life-official-2995124.gpx"
"878","Motley Crue","Don't Go Away Mad","TAB_ONLY_OR_EMPTY","HOLD","PENDING_PARSE_AND_QA","gp3","0","0","LANGUAGE_UNVERIFIED","0","NO","NO","","English lyrics not established from available text | No usable chord symbols in extracted sheet | Tab-only or empty extracted sheet","6d652ea4210acab6dd366818ea4faa522970ae83986db768402bd8ea58c4c58e","GuitarPro_Tabs/Motley Crue - Don't Go Away Mad.gp3"
"879","Motley Crue","Dr. Feelgood (2)","TAB_ONLY_OR_EMPTY","HOLD","PENDING_PARSE_AND_QA","gp3","0","0","LANGUAGE_UNVERIFIED","0","NO","NO","","English lyrics not established from available text | No usable chord symbols in extracted sheet | Tab-only or empty extracted sheet","7ba938bd9adb0f6ed55b1368018babd3eaaf4aec246563c75536e652f3525d87","GuitarPro_Tabs/Motley Crue - Dr. Feelgood (2).gp3"
"880","Motley Crue","Girls Girls Girls","TAB_ONLY_OR_EMPTY","HOLD","PENDING_PARSE_AND_QA","gp3","0","0","LANGUAGE_UNVERIFIED","0","NO","NO","","English lyrics not established from available text | No usable chord symbols in extracted sheet | Tab-only or empty extracted sheet","8361d678bd32ea62b40d5f20684cfcb4f38024311fe8c9f4b37a048c1efdd94c","GuitarPro_Tabs/Motley Crue - Girls Girls Girls.gp3"
"881","Motley Crue","God Bless The Children Of The Beast","TAB_ONLY_OR_EMPTY","HOLD","PENDING_PARSE_AND_QA","gp3","0","0","LANGUAGE_UNVERIFIED","0","NO","NO","","English lyrics not established from available text | No usable chord symbols in extracted sheet | Tab-only or empty extracted sheet","937fbbed129a4d85d57f108ad9de7d23beba4aa4d21132b292f1de940a7f2884","GuitarPro_Tabs/Motley Crue - God Bless The Children Of The Beast.gp3"
"882","Motley Crue","Helter Skelter","TAB_ONLY_OR_EMPTY","HOLD","PENDING_PARSE_AND_QA","gp3","0","0","LANGUAGE_UNVERIFIED","0","NO","NO","","English lyrics not established from available text | No usable chord symbols in extracted sheet | Tab-only or empty extracted sheet","85e800d6b4027a227b85a9f235636835785dd46f62571d86acf7ecaf3a4ffb05","GuitarPro_Tabs/Motley Crue - Helter Skelter.gp3"
"883","Motley Crue","Home Sweet Home","TAB_ONLY_OR_EMPTY","HOLD","PENDING_PARSE_AND_QA","gp3","0","0","LANGUAGE_UNVERIFIED","0","NO","NO","","English lyrics not established from available text | No usable chord symbols in extracted sheet | Tab-only or empty extracted sheet","a67b1a428badef498dc49b30ca426e01c0c381df7616424f27d3f85ffcc65566","GuitarPro_Tabs/Motley Crue - Home Sweet Home.gp3"
"884","Motley Crue","Kickstart My Heart","TAB_ONLY_OR_EMPTY","HOLD","PENDING_PARSE_AND_QA","gp3","0","0","LANGUAGE_UNVERIFIED","0","NO","NO","","English lyrics not established from available text | No usable chord symbols in extracted sheet | Tab-only or empty extracted sheet","27a120ea73d1347a3add1eef088dd2d490cbbe7491086a203b5aabf21f2dc96b","GuitarPro_Tabs/Motley Crue - Kickstart My Heart.gp3"
"885","Motley Crue","Knock 'Em Dead Kid","TAB_ONLY_OR_EMPTY","HOLD","PENDING_PARSE_AND_QA","gp3","0","0","LANGUAGE_UNVERIFIED","0","NO","NO","","English lyrics not established from available text | No usable chord symbols in extracted sheet | Tab-only or empty extracted sheet","e0c0dc823845b2dbbf9d4f7e5cb6f3913597fccf241d68c155d25a560e6b2935","GuitarPro_Tabs/Motley Crue - Knock 'Em Dead Kid.gp3"
"886","Motley Crue","Live Wire","TAB_ONLY_OR_EMPTY","HOLD","PENDING_PARSE_AND_QA","gp3","0","0","LANGUAGE_UNVERIFIED","0","NO","NO","","English lyrics not established from available text | No usable chord symbols in extracted sheet | Tab-only or empty extracted sheet","8dfd8fdaaa3e0555ff21fe815714cf8e11640f424ac3a2addb0c46874cbb1100","GuitarPro_Tabs/Motley Crue - Live Wire.gp3"
"887","Motley Crue","Looks That Kill (2)","TAB_ONLY_OR_EMPTY","HOLD","PENDING_PARSE_AND_QA","gp3","0","0","LANGUAGE_UNVERIFIED","0","NO","NO","","English lyrics not established from available text | No usable chord symbols in extracted sheet | Tab-only or empty extracted sheet","6cac91e1b97ffaadd5b5999f95dd374b05434ea7706bdd45271c2d0ca4398d12","GuitarPro_Tabs/Motley Crue - Looks That Kill (2).gp3"
"888","Motley Crue","Louder Than Hell","TAB_ONLY_OR_EMPTY","HOLD","PENDING_PARSE_AND_QA","gp3","0","0","LANGUAGE_UNVERIFIED","0","NO","NO","","English lyrics not established from available text | No usable chord symbols in extracted sheet | Tab-only or empty extracted sheet","cbecf0df7e16f7204cf030ceccc7aad015932cf6cc9e5630c683346b3533e3e6","GuitarPro_Tabs/Motley Crue - Louder Than Hell.gp3"
"889","Motley Crue","Piece Of Your Action (2)","TAB_ONLY_OR_EMPTY","HOLD","PENDING_PARSE_AND_QA","gp3","0","0","LANGUAGE_UNVERIFIED","0","NO","NO","","English lyrics not established from available text | No usable chord symbols in extracted sheet | Tab-only or empty extracted sheet","d5cff413a3728b7c283ac0238b611c09ab56199cf5beb7990049a5e11309e11c","GuitarPro_Tabs/Motley Crue - Piece Of Your Action (2).gp3"
"890","Motley Crue","Primal Scream","TAB_ONLY_OR_EMPTY","HOLD","PENDING_PARSE_AND_QA","gp3","0","0","LANGUAGE_UNVERIFIED","0","NO","NO","","English lyrics not established from available text | No usable chord symbols in extracted sheet | Tab-only or empty extracted sheet","aa9247c84965387061ccdd9da16f0746f4cbf046545533d693c6c6604ef3c717","GuitarPro_Tabs/Motley Crue - Primal Scream.gp3"
"891","Motley Crue","Red Hot","TAB_ONLY_OR_EMPTY","HOLD","PENDING_PARSE_AND_QA","gp3","0","0","LANGUAGE_UNVERIFIED","0","NO","NO","","English lyrics not established from available text | No usable chord symbols in extracted sheet | Tab-only or empty extracted sheet","4c831669ecc2bb9ade89ca5f3c7889826861f602ddc07d3541b3a4f50f3ea31d","GuitarPro_Tabs/Motley Crue - Red Hot.gp3"
"892","Motley Crue","Shout At The Devil (2)","TAB_ONLY_OR_EMPTY","HOLD","PENDING_PARSE_AND_QA","gp4","0","0","LANGUAGE_UNVERIFIED","0","NO","NO","","English lyrics not established from available text | No usable chord symbols in extracted sheet | Tab-only or empty extracted sheet","0c4724510f9be2adbb0c6922557f4f81d31b0bcdefce8cd58c26fe33a2f90961","GuitarPro_Tabs/Motley Crue - Shout At The Devil (2).gp4"
"893","Motley Crue","Smoke The Sky","TAB_ONLY_OR_EMPTY","HOLD","PENDING_PARSE_AND_QA","gp3","0","0","LANGUAGE_UNVERIFIED","0","NO","NO","","English lyrics not established from available text | No usable chord symbols in extracted sheet | Tab-only or empty extracted sheet","6cc239b07f0ab006a92e4bdcdbe6a3497cc81fca2b9f55e3273e848a8c0f7733","GuitarPro_Tabs/Motley Crue - Smoke The Sky.gp3"
"894","Motley Crue","Smokin ' In The Boys Room","TAB_ONLY_OR_EMPTY","HOLD","PENDING_PARSE_AND_QA","gp3","0","0","LANGUAGE_UNVERIFIED","0","NO","NO","","English lyrics not established from available text | No usable chord symbols in extracted sheet | Tab-only or empty extracted sheet","c950c99513d612da57d930b05cd7d2dee12da4d6487d32b9a6d94aea04adab15","GuitarPro_Tabs/Motley Crue - Smokin ' In The Boys Room.gp3"
"895","Motley Crue","Til Death Do Us Part","TAB_ONLY_OR_EMPTY","HOLD","PENDING_PARSE_AND_QA","gp4","0","0","LANGUAGE_UNVERIFIED","0","NO","NO","","English lyrics not established from available text | No usable chord symbols in extracted sheet | Tab-only or empty extracted sheet","cc160ba2bcd2639c5e420ab328bb86483b748b6c78f96553bec69a6dff865375","GuitarPro_Tabs/Motley Crue - Til Death Do Us Part.gp4"
"896","Motley Crue","To Young to Fall in Love","TAB_ONLY_OR_EMPTY","HOLD","PENDING_PARSE_AND_QA","gp3","0","0","LANGUAGE_UNVERIFIED","0","NO","NO","","Parsed title disagrees with proposal title | English lyrics not established from available text | No usable chord symbols in extracted sheet | Tab-only or empty extracted sheet","13725219d7e749fc85d80ad4823f10a6c2a435a272f88292f26276e03382325e","GuitarPro_Tabs/Motley Crue - To Young to Fall in Love.gp3"
"897","Motley Crue","Too Fast for Love","TAB_ONLY_OR_EMPTY","HOLD","PENDING_PARSE_AND_QA","gp3","0","0","LANGUAGE_UNVERIFIED","0","NO","NO","","English lyrics not established from available text | No usable chord symbols in extracted sheet | Tab-only or empty extracted sheet","2d5b7d7bcd84cf0490ec0835dc3b937107a40eb3ed1e529fdb550e0cb4560a56","GuitarPro_Tabs/Motley Crue - Too Fast for Love.gp3"
"898","Motley Crue","Wild side","TAB_ONLY_OR_EMPTY","HOLD","PENDING_PARSE_AND_QA","gp3","0","0","LANGUAGE_UNVERIFIED","0","NO","NO","","English lyrics not established from available text | No usable chord symbols in extracted sheet | Tab-only or empty extracted sheet","75185a3e08a93eca5c2891493a303ac824aa719351c49cae0df2a166e47f2e69","GuitarPro_Tabs/Motley Crue - Wild side.gp3"
"899","Motley Crue","Without You (2)","TAB_ONLY_OR_EMPTY","HOLD","PENDING_PARSE_AND_QA","gp3","0","0","LANGUAGE_UNVERIFIED","0","NO","NO","","English lyrics not established from available text | No usable chord symbols in extracted sheet | Tab-only or empty extracted sheet","37cb76b3669ba3184e043211fd438d3439698a1fcbddd117481bd0e01e2a465b","GuitarPro_Tabs/Motley Crue - Without You (2).gp3"
"900","Mr Mister","broken wings","TRANSPOSE_FAILURE","HOLD","PENDING_PARSE_AND_QA","gpx","9","302","ENGLISH_TEXT_CHECK_PASS","44","YES","YES","","Exact locked transposer fails required round-trip or slash-bass preservation","108bff258cba0458fbc712292c6eed95d97d39be2f9cb7cb1cb07f513cdfd059","Ultimate Guitar com PRO Tabs Site Rip GPX/m/mr_mister_13621/mr-mister_broken-wings-official-3515990.gpx"
"901","Mudhoney","paranoid core","REVIEWABLE_CHORD_SHEET","REVIEWABLE","PENDING_PARSE_AND_QA","gpx","4","183","ENGLISH_TEXT_CHECK_PASS","0","NO","NO","","","a43dc3317eebb41823a6cbeb7f1afed4446eec6f6ea283de8c5d6ea54c746bba","Ultimate Guitar com PRO Tabs Site Rip GPX/m/mudhoney_921/mudhoney_paranoid-core-official-2434275.gpx"
"902","Neil Diamond","forever in blue jeans","TRANSPOSE_FAILURE","HOLD","PENDING_PARSE_AND_QA","gpx","12","294","ENGLISH_TEXT_CHECK_PASS","69","YES","YES","","Exact locked transposer fails required round-trip or slash-bass preservation","f35a885865609c415f936620d780c86f55561a42739fbbc94f90ece51bdb04d8","Ultimate Guitar com PRO Tabs Site Rip GPX/n/neil_diamond_10178/neil-diamond_forever-in-blue-jeans-official-3369383.gpx"
"903","Neil Young","Cinnamon Girl","EXISTING_DUPLICATE","EXISTING","SKIPPED_ALREADY_CURRENT","gpx","9","137","ENGLISH_TEXT_CHECK_PASS","23","YES","YES","","Existing artist/song or title variant — leave current song unchanged | Exact locked transposer fails required round-trip or slash-bass preservation","c9570c366ee387f283b72f7ebd9a664dd98ff3838e5afd2a44b8e793bf93bad5","Ultimate Guitar com PRO Tabs Site Rip GPX/n/neil_young_10335/neil-young_cinnamon-girl-official-2558508.gpx"
"904","Neil Young","dead man","TAB_ONLY_OR_EMPTY","HOLD","PENDING_PARSE_AND_QA","gpx","9","0","LANGUAGE_UNVERIFIED","0","YES","YES","","English lyrics not established from available text | Tab-only or empty extracted sheet","8dc64c7f41793bb68ad8d8ca314c66b181ff900e28213f4b3a6d04b7c224efb6","Ultimate Guitar com PRO Tabs Site Rip GPX/n/neil_young_10335/neil-young_dead-man-official-2601792.gpx"
"905","Neil Young","Hey Hey, My My","EXISTING_DUPLICATE","EXISTING","PENDING_PARSE_AND_QA","gp3","0","0","LANGUAGE_UNVERIFIED","0","NO","NO","","Existing artist/song or title variant — leave current song unchanged | Possible existing song or alternate title: Neil Young — Hey hey my my (Into the Black) | English lyrics not established from available text | No usable chord symbols in extracted sheet | Tab-only or empty extracted sheet","efe35b73f5d2ce2d1f95df4546ac53d039acfad7a46d952597ff7e8626eaae74","GuitarPro_Tabs/Neil Young - Hey Hey, My My.gp3"
"906","Neil Young","only love can break your heart","REVIEWABLE_CHORD_SHEET","REVIEWABLE","PENDING_PARSE_AND_QA","gpx","7","190","ENGLISH_TEXT_CHECK_PASS","0","NO","NO","","","caef6019f116062f6d45a1412478ea87b98ab166c0d80fa0548787cc5e4e17eb","Ultimate Guitar com PRO Tabs Site Rip GPX/n/neil_young_10335/neil-young_only-love-can-break-your-heart-official-2485869.gpx"
"907","Neil Young","southern man","TRANSPOSE_FAILURE","HOLD","PENDING_PARSE_AND_QA","gpx","6","146","ENGLISH_TEXT_CHECK_PASS","23","NO","YES","","Exact locked transposer fails required round-trip or slash-bass preservation","9f9c0766561745fe56bf5ebe2c7039873222ba0773d26fcbc7c0952b7506ad09","Ultimate Guitar com PRO Tabs Site Rip GPX/n/neil_young_10335/neil-young_southern-man-official-3291905.gpx"
"908","New Order","age of consent","REVIEWABLE_CHORD_SHEET","REVIEWABLE","PENDING_PARSE_AND_QA","gpx","2","196","ENGLISH_TEXT_CHECK_PASS","0","NO","NO","","","3bb7f8277bc11ea84bbbdb42959bf1365c5169ba9ab0c6180d144b48974bec99","Ultimate Guitar com PRO Tabs Site Rip GPX/n/new_order_767/new-order_age-of-consent-official-2694120.gpx"
"909","Nick Lowe","cruel to be kind","REVIEWABLE_CHORD_SHEET","REVIEWABLE","PENDING_PARSE_AND_QA","gpx","9","365","ENGLISH_TEXT_CHECK_PASS","0","YES","YES","","","3e3b44cc4733917aa6afdc5b6655cedc952acfb3eccc0888025cb82a60a852fc","Ultimate Guitar com PRO Tabs Site Rip GPX/n/nick_lowe_10788/nick-lowe_cruel-to-be-kind-official-3505919.gpx"
"910","Night Ranger","dont tell me you love me","TRANSPOSE_FAILURE","HOLD","PENDING_PARSE_AND_QA","gpx","9","261","ENGLISH_TEXT_CHECK_PASS","23","YES","YES","","Exact locked transposer fails required round-trip or slash-bass preservation","6b5fc7ca803820057bc630d7ebb2606a485d255aa9a68d6ccdfe0dae86559617","Ultimate Guitar com PRO Tabs Site Rip GPX/n/night_ranger_6440/night-ranger_dont-tell-me-you-love-me-official-3723365.gpx"
"911","Night Ranger","sister christian","TRANSPOSE_FAILURE","HOLD","PENDING_PARSE_AND_QA","gpx","11","219","ENGLISH_TEXT_CHECK_PASS","23","YES","YES","","Exact locked transposer fails required round-trip or slash-bass preservation","64f4bd2019e71efe27135dffae2ac09619b8c6c6d7a31177f08cba67013fa192","Ultimate Guitar com PRO Tabs Site Rip GPX/n/night_ranger_6440/night-ranger_sister-christian-official-3031025.gpx"
"912","Night Ranger","You Can Still Rock in America (solo)","TAB_ONLY_OR_EMPTY","HOLD","PENDING_PARSE_AND_QA","gp3","0","0","LANGUAGE_UNVERIFIED","0","NO","NO","","May be a medley, fragment or exercise; full-song identity needs confirmation. | English lyrics not established from available text | No usable chord symbols in extracted sheet | Tab-only or empty extracted sheet","f132acb22713e702e5cbe4877aacdcafb19c2d58149b650e06c0f0110f53e8ce","GuitarPro_Tabs/Night Ranger - You Can Still Rock in America (solo).gp3"
"913","Nirvana","About A Girl (MTV Unplugged)","EXISTING_DUPLICATE","EXISTING","PENDING_PARSE_AND_QA","gp3","0","0","LANGUAGE_UNVERIFIED","0","NO","NO","","Existing artist/song or title variant — leave current song unchanged | Possible existing song or alternate title: Nirvana — About A Girl | English lyrics not established from available text | No usable chord symbols in extracted sheet | Tab-only or empty extracted sheet","73ba24e883467424351394206a55a446e1dfcdd80b3158aa72ac2ebe02f1456c","GuitarPro_Tabs/Nirvana - About A Girl (MTV Unplugged).gp3"
"914","Nirvana","Bambi Slaughter Bambi Kill","TAB_ONLY_OR_EMPTY","HOLD","PENDING_PARSE_AND_QA","gp3","0","0","LANGUAGE_UNVERIFIED","0","NO","NO","","English lyrics not established from available text | No usable chord symbols in extracted sheet | Tab-only or empty extracted sheet","cb6fd2d54dcd38c1482fddb5446b547e2a4bf49563caaada822179536f515fc6","GuitarPro_Tabs/Nirvana - Bambi Slaughter Bambi Kill.gp3"
"915","Nirvana","Beeswax","TAB_ONLY_OR_EMPTY","HOLD","PENDING_PARSE_AND_QA","gp3","0","0","LANGUAGE_UNVERIFIED","0","NO","NO","","English lyrics not established from available text | No usable chord symbols in extracted sheet | Tab-only or empty extracted sheet","26ed08a4966989a1202dd7e0d5108f642f1928692ac08068d40b8347be8c1335","GuitarPro_Tabs/Nirvana - Beeswax.gp3"
"916","Nirvana","Big Cheese","TAB_ONLY_OR_EMPTY","HOLD","PENDING_PARSE_AND_QA","gp3","0","0","LANGUAGE_UNVERIFIED","0","NO","NO","","English lyrics not established from available text | No usable chord symbols in extracted sheet | Tab-only or empty extracted sheet","bfce0f92a262f4661070a28f59bbd78d882dd88fedeed990345a8b589e0d90fa","GuitarPro_Tabs/Nirvana - Big Cheese.gp3"
"917","Nirvana","Big Long Now (2)","TAB_ONLY_OR_EMPTY","HOLD","PENDING_PARSE_AND_QA","gp3","0","0","LANGUAGE_UNVERIFIED","0","NO","NO","","English lyrics not established from available text | No usable chord symbols in extracted sheet | Tab-only or empty extracted sheet","17df7bd093fe9b6f5bee398efc814d62d197e8f2b24e51ff7117156470fed59a","GuitarPro_Tabs/Nirvana - Big Long Now (2).gp3"
"918","Nirvana","Come As You Are (MTV Unplugged)","EXISTING_DUPLICATE","EXISTING","PENDING_PARSE_AND_QA","gp3","0","0","LANGUAGE_UNVERIFIED","0","NO","NO","","Existing artist/song or title variant — leave current song unchanged | Possible existing song or alternate title: Nirvana — Come As You Are | English lyrics not established from available text | No usable chord symbols in extracted sheet | Tab-only or empty extracted sheet","0715a613f26c8a25b27a9807417042c95740f2b19d1e30cab314e313d5453fe7","GuitarPro_Tabs/Nirvana - Come As You Are (MTV Unplugged).gp3"
"919","Nirvana","Dumb (MTV Unplugged)","EXISTING_DUPLICATE","EXISTING","PENDING_PARSE_AND_QA","gp3","0","0","LANGUAGE_UNVERIFIED","0","NO","NO","","Existing artist/song or title variant — leave current song unchanged | Possible existing song or alternate title: Nirvana — Dumb | English lyrics not established from available text | No usable chord symbols in extracted sheet | Tab-only or empty extracted sheet","1c41b80c868f89d64e89d55b7c3e9298ef5375bf7fa46282dedf3e03dffdb420","GuitarPro_Tabs/Nirvana - Dumb (MTV Unplugged).gp3"
"920","Nirvana","Even In His Youth","TAB_ONLY_OR_EMPTY","HOLD","PENDING_PARSE_AND_QA","gp3","0","0","LANGUAGE_UNVERIFIED","0","NO","NO","","English lyrics not established from available text | No usable chord symbols in extracted sheet | Tab-only or empty extracted sheet","9da89484a7a6a44e94e9d711ac4a7dad3c81ce301fb7a88d1f238e365d8deda2","GuitarPro_Tabs/Nirvana - Even In His Youth.gp3"
"921","Nirvana","frances farmer will have her revenge on seattle","REVIEWABLE_CHORD_SHEET","REVIEWABLE","PENDING_PARSE_AND_QA","gpx","7","268","ENGLISH_TEXT_CHECK_PASS","0","NO","NO","","","f62913ac3726ab59aeb1d80900b2e79cb925035fcb3b901fcff2089870d72750","Ultimate Guitar com PRO Tabs Site Rip GPX/n/nirvana_780/nirvana_frances-farmer-will-have-her-revenge-on-seattle-official-2248717.gpx"
"922","Nirvana","Hear Shaped Box","EXISTING_DUPLICATE","EXISTING","PENDING_PARSE_AND_QA","gp3","0","0","LANGUAGE_UNVERIFIED","0","NO","NO","","Parsed title disagrees with proposal title | Existing artist/song or title variant — leave current song unchanged | English lyrics not established from available text | No usable chord symbols in extracted sheet | Tab-only or empty extracted sheet","5f9f8183127e8c1bba2b18ef7720b08cd3e280442a8dd2d5c7cb83a314476429","GuitarPro_Tabs/Nirvana - Hear Shaped Box.gp3"
"923","Nirvana","I Hate Myself And Want To Die","TAB_ONLY_OR_EMPTY","HOLD","PENDING_PARSE_AND_QA","gp3","0","0","LANGUAGE_UNVERIFIED","0","NO","NO","","English lyrics not established from available text | No usable chord symbols in extracted sheet | Tab-only or empty extracted sheet","27cd4e62527189f13589ef1e21e7d07badc2ead95f9011c7d1a56408f029eb1c","GuitarPro_Tabs/Nirvana - I Hate Myself And Want To Die.gp3"
"924","Nirvana","Jesus Don't Want Me For A Sunbeam","TAB_ONLY_OR_EMPTY","HOLD","PENDING_PARSE_AND_QA","gp3","0","0","LANGUAGE_UNVERIFIED","0","NO","NO","","English lyrics not established from available text | No usable chord symbols in extracted sheet | Tab-only or empty extracted sheet","672769decc9586add3e5b60d56db4b0ed1460499c8a38f2dcf73564e225368e0","GuitarPro_Tabs/Nirvana - Jesus Don't Want Me For A Sunbeam.gp3"
"925","Nirvana","Lake Of Fire (MTV Unplugged) (2)","EXISTING_DUPLICATE","EXISTING","PENDING_PARSE_AND_QA","gp3","0","0","LANGUAGE_UNVERIFIED","0","NO","NO","","Existing artist/song or title variant — leave current song unchanged | Possible existing song or alternate title: Nirvana — Lake of fire | English lyrics not established from available text | No usable chord symbols in extracted sheet | Tab-only or empty extracted sheet","0fd5831981f6a21a7344bd393731dc1fff4eda411f288736c2bbb0182aa0607a","GuitarPro_Tabs/Nirvana - Lake Of Fire (MTV Unplugged) (2).gp3"
"926","Nirvana","Like of fire","EXISTING_DUPLICATE","EXISTING","PENDING_PARSE_AND_QA","gp3","5","0","LANGUAGE_UNVERIFIED","0","NO","NO","","Parsed title disagrees with proposal title | Existing artist/song or title variant — leave current song unchanged | English lyrics not established from available text | Tab-only or empty extracted sheet","74c6125f289cab05b7536c178661135f26c34c81de0b8b486bff3b76b61973ba","GuitarPro_Tabs/Nirvana - Like of fire.gp3"
"927","Nirvana","Negative Creep (Live Version)","EXISTING_DUPLICATE","EXISTING","PENDING_PARSE_AND_QA","gp3","0","0","LANGUAGE_UNVERIFIED","0","NO","NO","","Existing artist/song or title variant — leave current song unchanged | Possible existing song or alternate title: Nirvana — Negative Creep | English lyrics not established from available text | No usable chord symbols in extracted sheet | Tab-only or empty extracted sheet","1dad408e6a6cca651fb77912aafe45ee6a31f42f54dc54e6f687ec7116c19a6e","GuitarPro_Tabs/Nirvana - Negative Creep (Live Version).gp3"
"928","Nirvana","Nirvana - Lithium (Live MTV VMA 1992)","EXISTING_DUPLICATE","EXISTING","PENDING_PARSE_AND_QA","gp3","14","0","LANGUAGE_UNVERIFIED","88","YES","NO","","Parsed title disagrees with proposal title | Existing artist/song or title variant — leave current song unchanged | Artist name appears inside the source title. | Possible existing song or alternate title: Nirvana — Lithium | English lyrics not established from available text | Tab-only or empty extracted sheet | Exact locked transposer fails required round-trip or slash-bass preservation","571b344b003af1a638e0c3a01f7033ae5cb51d8ca79e1d882c4addcaf5e65283","GuitarPro_Tabs/Nirvana - Nirvana - Lithium (Live MTV VMA 1992).gp3"
"929","Nirvana","Nirvana - Mr Moustache","EXISTING_DUPLICATE","EXISTING","PENDING_PARSE_AND_QA","gp3","0","0","LANGUAGE_UNVERIFIED","0","NO","NO","","Parsed title disagrees with proposal title | Existing artist/song or title variant — leave current song unchanged | Artist name appears inside the source title. | Possible existing song or alternate title: Nirvana — Mr. Moustache | English lyrics not established from available text | No usable chord symbols in extracted sheet | Tab-only or empty extracted sheet","7bcf8874828510be62ee0349815d328ca645f719204bf6bb38377ec1c67e5e66","GuitarPro_Tabs/Nirvana - Nirvana - Mr Moustache.gp3"
"930","Nirvana","Oh the Guilt","TAB_ONLY_OR_EMPTY","HOLD","PENDING_PARSE_AND_QA","gp3","0","0","LANGUAGE_UNVERIFIED","0","NO","NO","","English lyrics not established from available text | No usable chord symbols in extracted sheet | Tab-only or empty extracted sheet","a352a697dee5a7e7ee9cc8fc915af92b19a0967520e24e60c24eb8ec696c5315","GuitarPro_Tabs/Nirvana - Oh the Guilt.gp3"
"931","Nirvana","On A Plain (Unplugged)","EXISTING_DUPLICATE","EXISTING","PENDING_PARSE_AND_QA","gp3","0","0","LANGUAGE_UNVERIFIED","0","NO","NO","","Existing artist/song or title variant — leave current song unchanged | Possible existing song or alternate title: Nirvana — On A Plain | English lyrics not established from available text | No usable chord symbols in extracted sheet | Tab-only or empty extracted sheet","96e74b04b1124224c02f5e37571f9a2f0778c792dda3b07e76b60ed257f20254","GuitarPro_Tabs/Nirvana - On A Plain (Unplugged).gp3"
"932","Nirvana","Opinion","TAB_ONLY_OR_EMPTY","HOLD","UNAVAILABLE_SOURCE","gp3","0","137","ENGLISH_TEXT_CHECK_PASS","0","NO","NO","","No usable chord symbols in extracted sheet","f1740d0759ccb1fec1219758f9f1909b1d95826e72cff8ae89be2c58ccb3ae0b","GuitarPro_Tabs/Nirvana - Opinion.gp3"
"933","Nirvana","Paper Cuts","TAB_ONLY_OR_EMPTY","HOLD","PENDING_PARSE_AND_QA","gp4","1","0","LANGUAGE_UNVERIFIED","0","NO","NO","","English lyrics not established from available text | Tab-only or empty extracted sheet","5ac5d39f64a8f9ac3ce3580e5250f72802e4d07182a1ddb8547dba959d80565a","GuitarPro_Tabs/Nirvana - Paper Cuts.gp4"
"934","Nirvana","Plateau (Unplugged)","EXISTING_DUPLICATE","EXISTING","SKIPPED_ALREADY_CURRENT","gpx","8","209","ENGLISH_TEXT_CHECK_PASS","22","NO","NO","","Existing artist/song or title variant — leave current song unchanged | Exact locked transposer fails required round-trip or slash-bass preservation","60783fcf023eaf792e5021e6085eceae7ac2c254cd6ef039c04a2fa750f404c6","Ultimate Guitar com PRO Tabs Site Rip GPX/n/nirvana_780/nirvana_plateau-official-2093241.gpx"
"935","Nirvana","Polly (Live, the big rock version)","EXISTING_DUPLICATE","EXISTING","PENDING_PARSE_AND_QA","gp3","0","0","LANGUAGE_UNVERIFIED","0","NO","NO","","Existing artist/song or title variant — leave current song unchanged | Possible existing song or alternate title: Nirvana — Polly | Similar proposed title also exists in this queue; choose at most one after identity review. | English lyrics not established from available text | No usable chord symbols in extracted sheet | Tab-only or empty extracted sheet","d62ff0f868522053c4f15ad6aad7e0ca91392e9a63b195cb1e29960c9c31123e","GuitarPro_Tabs/Nirvana - Polly (Live, the big rock version).gp3"
"936","Nirvana","Polly (MTV Unplugged)","EXISTING_DUPLICATE","EXISTING","PENDING_PARSE_AND_QA","gp3","0","0","LANGUAGE_UNVERIFIED","0","NO","NO","","Existing artist/song or title variant — leave current song unchanged | Possible existing song or alternate title: Nirvana — Polly | Similar proposed title also exists in this queue; choose at most one after identity review. | English lyrics not established from available text | No usable chord symbols in extracted sheet | Tab-only or empty extracted sheet","152090d35042e36ca0cdef77ecf2b9e96c19f740ce09614af183464bde0dd831","GuitarPro_Tabs/Nirvana - Polly (MTV Unplugged).gp3"
"937","Nirvana","Polly (new wave)","EXISTING_DUPLICATE","EXISTING","PENDING_PARSE_AND_QA","gp3","7","0","LANGUAGE_UNVERIFIED","22","NO","NO","","Existing artist/song or title variant — leave current song unchanged | Possible existing song or alternate title: Nirvana — Polly | Similar proposed title also exists in this queue; choose at most one after identity review. | English lyrics not established from available text | Tab-only or empty extracted sheet | Exact locked transposer fails required round-trip or slash-bass preservation","e4e528510f4eb560a9df4f2b7832787506b4bcba7e5c9f2988737beb0aa0b6fd","GuitarPro_Tabs/Nirvana - Polly (new wave).gp3"
"938","Nirvana","Radio Friendly Unit Shifter","TAB_ONLY_OR_EMPTY","HOLD","PENDING_PARSE_AND_QA","gp3","0","0","LANGUAGE_UNVERIFIED","0","NO","NO","","English lyrics not established from available text | No usable chord symbols in extracted sheet | Tab-only or empty extracted sheet","dcfad94b191cd9eb835b76e8208f49c7133bc0be67d44cf7fcb98487b2190059","GuitarPro_Tabs/Nirvana - Radio Friendly Unit Shifter.gp3"
"939","Nirvana","Rape Me (Main Riffs)","EXISTING_DUPLICATE","EXISTING","PENDING_PARSE_AND_QA","gp3","5","0","LANGUAGE_UNVERIFIED","0","NO","NO","","Existing artist/song or title variant — leave current song unchanged | Possible existing song or alternate title: Nirvana — Rape me | English lyrics not established from available text | Tab-only or empty extracted sheet","4b373db0b997ded05e99f7cddac51a989322c3638d016d6b57a2f6133a8b316c","GuitarPro_Tabs/Nirvana - Rape Me (Main Riffs).gp3"
"940","Nirvana","Sifting","TAB_ONLY_OR_EMPTY","HOLD","PENDING_PARSE_AND_QA","gp3","0","0","LANGUAGE_UNVERIFIED","0","NO","NO","","English lyrics not established from available text | No usable chord symbols in extracted sheet | Tab-only or empty extracted sheet","534e7df9384b6efa4314b305247985f47ddfa441518a3e01ae3acbede9d7021c","GuitarPro_Tabs/Nirvana - Sifting.gp3"
"941","Nirvana","Silver","TAB_ONLY_OR_EMPTY","HOLD","PENDING_PARSE_AND_QA","gp3","0","0","LANGUAGE_UNVERIFIED","0","NO","NO","","English lyrics not established from available text | No usable chord symbols in extracted sheet | Tab-only or empty extracted sheet","5793b92663d52cd922a755af200632d5acb210970e83a9831c4ea769246c79a7","GuitarPro_Tabs/Nirvana - Silver.gp3"
"942","Nirvana","Stain","TAB_ONLY_OR_EMPTY","HOLD","PENDING_PARSE_AND_QA","gp3","0","0","LANGUAGE_UNVERIFIED","0","NO","NO","","English lyrics not established from available text | No usable chord symbols in extracted sheet | Tab-only or empty extracted sheet","ca2de8e51a58970bbd8dbbc713f019b10e1ab6fac9c14c8cf289b9b3eee0e31a","GuitarPro_Tabs/Nirvana - Stain.gp3"
"943","Nirvana","Swap Meet (2)","TAB_ONLY_OR_EMPTY","HOLD","PENDING_PARSE_AND_QA","gp4","2","0","LANGUAGE_UNVERIFIED","22","NO","NO","G#5 | B5","English lyrics not established from available text | Locked renderer has no chord shape for: G#5, B5 | Tab-only or empty extracted sheet | Exact locked transposer fails required round-trip or slash-bass preservation","aa8144d550749ecc49eb443d4141c0f1abb27bde58ee0ea8dd67730c0482b1b2","GuitarPro_Tabs/Nirvana - Swap Meet (2).gp4"
"944","Nirvana","Turnaround","TAB_ONLY_OR_EMPTY","HOLD","PENDING_PARSE_AND_QA","gp3","0","0","LANGUAGE_UNVERIFIED","0","NO","NO","","English lyrics not established from available text | No usable chord symbols in extracted sheet | Tab-only or empty extracted sheet","38fc9fbf38014f3985d8aeee7e8ceb3401e57b58de856e350b9deed509176610","GuitarPro_Tabs/Nirvana - Turnaround.gp3"
"945","Nirvana","very ape","REVIEWABLE_CHORD_SHEET","REVIEWABLE","PENDING_PARSE_AND_QA","gpx","4","167","ENGLISH_TEXT_CHECK_PASS","0","NO","NO","","","c20f03a8c7f1e0e37134def4e0ceaff820f4b8206f3e9fba53c7d79cb8323151","Ultimate Guitar com PRO Tabs Site Rip GPX/n/nirvana_780/nirvana_very-ape-official-2054682.gpx"
"946","Nirvana","You Got No Right","TAB_ONLY_OR_EMPTY","HOLD","PENDING_PARSE_AND_QA","gp3","3","0","LANGUAGE_UNVERIFIED","0","NO","NO","","English lyrics not established from available text | Tab-only or empty extracted sheet","03dfb3aac69d9221a291472426a2982b924f7b984e0dae46df4a3f19a93637bd","GuitarPro_Tabs/Nirvana - You Got No Right.gp3"
"947","Nirvana","You Know Your Right","TAB_ONLY_OR_EMPTY","HOLD","PENDING_PARSE_AND_QA","gp3","0","0","LANGUAGE_UNVERIFIED","0","NO","NO","","English lyrics not established from available text | No usable chord symbols in extracted sheet | Tab-only or empty extracted sheet","4344341975a0744fe0e7976e5fbf793b9ee14a874727bbc7e8d6fd3bacae9ab6","GuitarPro_Tabs/Nirvana - You Know Your Right.gp3"
"948","No Doubt","BND","TAB_ONLY_OR_EMPTY","HOLD","PENDING_PARSE_AND_QA","gp4","0","0","LANGUAGE_UNVERIFIED","0","NO","NO","","English lyrics not established from available text | No usable chord symbols in extracted sheet | Tab-only or empty extracted sheet","acef41cf4774e6b5cc899ada0743d53dd3fc83667671a98864887a12c59e7457","GuitarPro_Tabs/No Doubt - BND.gp4"
"949","No Doubt","hella good","REVIEWABLE_CHORD_SHEET","REVIEWABLE","PENDING_PARSE_AND_QA","gpx","8","250","ENGLISH_TEXT_CHECK_PASS","0","NO","NO","","","c3c6496a0c9ccbdb16a6f876cc4c0000d40704c8939a4f7913275a70a39f9c82","Ultimate Guitar com PRO Tabs Site Rip GPX/n/no_doubt_786/no-doubt_hella-good-official-3711944.gpx"
"950","No Doubt","its my life","TRANSPOSE_FAILURE","HOLD","PENDING_PARSE_AND_QA","gpx","11","163","ENGLISH_TEXT_CHECK_PASS","89","YES","YES","","Exact locked transposer fails required round-trip or slash-bass preservation","90fb45c80fd6f7dcabc3886cf5f2a89f08d2a78e7d793f617de1022110705cc5","Ultimate Guitar com PRO Tabs Site Rip GPX/n/no_doubt_786/no-doubt_its-my-life-official-3323372.gpx"
"951","No Doubt","Simple Kind of Life","TAB_ONLY_OR_EMPTY","HOLD","PENDING_PARSE_AND_QA","gp3","0","0","LANGUAGE_UNVERIFIED","0","NO","NO","","English lyrics not established from available text | No usable chord symbols in extracted sheet | Tab-only or empty extracted sheet","0d88d0f4a1ced939a6f5092dfeb9f4741dc7fd41cb193755236e05e65154c8ca","GuitarPro_Tabs/No Doubt - Simple Kind of Life.gp3"
"952","No Doubt","sunday morning","REVIEWABLE_CHORD_SHEET","REVIEWABLE","PENDING_PARSE_AND_QA","gpx","6","334","ENGLISH_TEXT_CHECK_PASS","0","NO","NO","","","da4a6a4d11a736cea1d6d2fbc6fa39873ce8686411300dd6aac8c3f022ec11db","Ultimate Guitar com PRO Tabs Site Rip GPX/n/no_doubt_786/no-doubt_sunday-morning-official-2496006.gpx"
"953","No Doubt","Tragic Kingdom","TAB_ONLY_OR_EMPTY","HOLD","PENDING_PARSE_AND_QA","gp3","6","0","LANGUAGE_UNVERIFIED","0","NO","NO","","English lyrics not established from available text | Tab-only or empty extracted sheet","e4d1b4b1b696346902deb7ccf74253f290c6d1a1c18ed6a81cff491f72386a50","GuitarPro_Tabs/No Doubt - Tragic Kingdom.gp3"
"954","Noah Cyrus","july","TRANSPOSE_FAILURE","HOLD","PENDING_PARSE_AND_QA","gpx","6","219","ENGLISH_TEXT_CHECK_PASS","23","NO","YES","","Exact locked transposer fails required round-trip or slash-bass preservation","1bd2d42adb26f59e26b532197cd412cd59ce2e2a004f575dfb496543d8791982","Ultimate Guitar com PRO Tabs Site Rip GPX/n/noah_cyrus_71087/noah-cyrus_july-official-2940308.gpx"
"955","Noah Cyrus","lonely","REVIEWABLE_CHORD_SHEET","REVIEWABLE","PENDING_PARSE_AND_QA","gpx","7","265","ENGLISH_TEXT_CHECK_PASS","0","NO","NO","","","d2511d7a8c193c5f52d8fdc4eb2fbb0f8c3d8a3db0b757044e0d93938589ab5b","Ultimate Guitar com PRO Tabs Site Rip GPX/n/noah_cyrus_71087/noah-cyrus_lonely-official-3593669.gpx"
"956","Oasis","a quick peep","TAB_ONLY_OR_EMPTY","HOLD","PENDING_PARSE_AND_QA","gpx","0","0","LANGUAGE_UNVERIFIED","0","NO","NO","","English lyrics not established from available text | No usable chord symbols in extracted sheet | Tab-only or empty extracted sheet","b8223fadf802222afd0cd5021f921776096449b7011d748e7835bd65ccd212be","Ultimate Guitar com PRO Tabs Site Rip GPX/o/oasis_734/oasis_a-quick-peep-official-2581140.gpx"
"957","Oasis","acquiesce","TRANSPOSE_FAILURE","HOLD","PENDING_PARSE_AND_QA","gpx","8","325","ENGLISH_TEXT_CHECK_PASS","68","NO","YES","","Exact locked transposer fails required round-trip or slash-bass preservation","8613178e32a3f24e0c3043fedb4434f27dcce8500420758dd42d8937a44b7796","Ultimate Guitar com PRO Tabs Site Rip GPX/o/oasis_734/oasis_acquiesce-official-3147891.gpx"
"958","Oasis","all around the world","TRANSPOSE_FAILURE","HOLD","PENDING_PARSE_AND_QA","gpx","10","826","ENGLISH_TEXT_CHECK_PASS","22","YES","NO","","Exact locked transposer fails required round-trip or slash-bass preservation","171a8c49e60af4efb4db02ddccbbc2936e8e93e08a70d968b3f66ed90986dfc9","Ultimate Guitar com PRO Tabs Site Rip GPX/o/oasis_734/oasis_all-around-the-world-official-3160721.gpx"
"959","Oasis","Be Here Now","TAB_ONLY_OR_EMPTY","HOLD","PENDING_PARSE_AND_QA","gp3","9","0","LANGUAGE_UNVERIFIED","22","YES","YES","","English lyrics not established from available text | Tab-only or empty extracted sheet | Exact locked transposer fails required round-trip or slash-bass preservation","6748ec4aa1627a392ce9f809d1ccabe551ce51ee55897b544e0e8a4e80dff75a","GuitarPro_Tabs/Oasis - Be Here Now.gp3"
"960","Oasis","bring it on down","REVIEWABLE_CHORD_SHEET","REVIEWABLE","PENDING_PARSE_AND_QA","gpx","5","230","ENGLISH_TEXT_CHECK_PASS","0","NO","NO","","","fdb0a247f9b263f0fd98bbc315048037b84c711e1371bfc4dd97737d166b6386","Ultimate Guitar com PRO Tabs Site Rip GPX/o/oasis_734/oasis_bring-it-on-down-official-3773357.gpx"
"961","Oasis","Cigarettes & Alcohol","EXISTING_DUPLICATE","EXISTING","PENDING_PARSE_AND_QA","gp3","8","0","LANGUAGE_UNVERIFIED","0","NO","YES","","Existing artist/song or title variant — leave current song unchanged | Possible existing song or alternate title: Oasis — Cigarettes and Alcohol | English lyrics not established from available text | Tab-only or empty extracted sheet","938e40c64ec12aa24c364bf2d63d005d3d393b3f2fb607149e6ad01ab74bb724","GuitarPro_Tabs/Oasis - Cigarettes & Alcohol.gp3"
"962","Oasis","Columbia (2)","TAB_ONLY_OR_EMPTY","HOLD","PENDING_PARSE_AND_QA","gp3","0","0","LANGUAGE_UNVERIFIED","0","NO","NO","","English lyrics not established from available text | No usable chord symbols in extracted sheet | Tab-only or empty extracted sheet","e902269e1dc3dcb5ec698c7a969ce1816ea06466046481321da4ecde57b01f16","GuitarPro_Tabs/Oasis - Columbia (2).gp3"
"963","Oasis","D 'you Know What I Mean","TAB_ONLY_OR_EMPTY","HOLD","PENDING_PARSE_AND_QA","gp3","10","0","LANGUAGE_UNVERIFIED","0","YES","YES","","English lyrics not established from available text | Tab-only or empty extracted sheet","17eb8a51078a46ba337f87c92dfacd05643e5726fe82158b3f5ac4c3d43503c1","GuitarPro_Tabs/Oasis - D 'you Know What I Mean.gp3"
"964","Oasis","Digsy 's Dinner","TAB_ONLY_OR_EMPTY","HOLD","PENDING_PARSE_AND_QA","gp3","12","0","LANGUAGE_UNVERIFIED","23","YES","YES","","English lyrics not established from available text | Tab-only or empty extracted sheet | Exact locked transposer fails required round-trip or slash-bass preservation","f047105c80ce94ffd08a7f0093242a82b4477ebeee1cd78b494a9ecd64b94bc9","GuitarPro_Tabs/Oasis - Digsy 's Dinner.gp3"
"965","Oasis","dont go away","TRANSPOSE_FAILURE","HOLD","PENDING_PARSE_AND_QA","gpx","15","405","ENGLISH_TEXT_CHECK_PASS","46","YES","YES","","Exact locked transposer fails required round-trip or slash-bass preservation","e5ef9f7f9d51a2b2e2022b7e8929e87d683aaafb0938abcd0e406c2dbc68bf79","Ultimate Guitar com PRO Tabs Site Rip GPX/o/oasis_734/oasis_dont-go-away-official-1967719.gpx"
"966","Oasis","Fade In Out","TAB_ONLY_OR_EMPTY","HOLD","PENDING_PARSE_AND_QA","gp3","0","0","LANGUAGE_UNVERIFIED","0","NO","NO","","English lyrics not established from available text | No usable chord symbols in extracted sheet | Tab-only or empty extracted sheet","9982c7f38d6da8107a0b4243297c202fb307ad101c682bbcaef561f854f567ad","GuitarPro_Tabs/Oasis - Fade In Out.gp3"
"967","Oasis","fuckin in the bushes","TAB_ONLY_OR_EMPTY","HOLD","PENDING_PARSE_AND_QA","gpx","8","0","LANGUAGE_UNVERIFIED","138","NO","YES","","English lyrics not established from available text | Tab-only or empty extracted sheet | Exact locked transposer fails required round-trip or slash-bass preservation","e986e813fc83075d8a253d1acefc7c5d3b9b605b70c4d6bfdd5b18b5c14d7ed5","Ultimate Guitar com PRO Tabs Site Rip GPX/o/oasis_734/oasis_fuckin-in-the-bushes-official-1981759.gpx"
"968","Oasis","Gas panic","TAB_ONLY_OR_EMPTY","HOLD","PENDING_PARSE_AND_QA","gp3","2","0","LANGUAGE_UNVERIFIED","0","NO","YES","","English lyrics not established from available text | Tab-only or empty extracted sheet","1285ee7088a2aa2c3067c65f9a856e48bd76bd1f85bdd2199ed8094bb21bfbfb","GuitarPro_Tabs/Oasis - Gas panic.gp3"
"969","Oasis","Go Let It Out (2)","TAB_ONLY_OR_EMPTY","HOLD","PENDING_PARSE_AND_QA","gp3","0","0","LANGUAGE_UNVERIFIED","0","NO","NO","","English lyrics not established from available text | No usable chord symbols in extracted sheet | Tab-only or empty extracted sheet","042535e831fc534b645ed73aaf8bffa80be3830e5ca829fb34ab2ddefb5c5a1d","GuitarPro_Tabs/Oasis - Go Let It Out (2).gp3"
"970","Oasis","Hello","TAB_ONLY_OR_EMPTY","HOLD","PENDING_PARSE_AND_QA","gp3","0","0","LANGUAGE_UNVERIFIED","0","NO","NO","","English lyrics not established from available text | No usable chord symbols in extracted sheet | Tab-only or empty extracted sheet","552a887c3bf4c82361c20734a9eb6665c13bc43a19b66a38ada2fa9049de848a","GuitarPro_Tabs/Oasis - Hello.gp3"
"971","Oasis","Hung In A Bad Place","TAB_ONLY_OR_EMPTY","HOLD","PENDING_PARSE_AND_QA","gp3","0","0","LANGUAGE_UNVERIFIED","0","NO","NO","","English lyrics not established from available text | No usable chord symbols in extracted sheet | Tab-only or empty extracted sheet","a3e65cf5d2dc3310da7988b91fa96ce5648933cb7b8e6b7df5ce3c47c6b0fac0","GuitarPro_Tabs/Oasis - Hung In A Bad Place.gp3"
"972","Oasis","I Am The Walrus (Beatles Cover)","TAB_ONLY_OR_EMPTY","HOLD","PENDING_PARSE_AND_QA","gp3","9","0","LANGUAGE_UNVERIFIED","0","YES","NO","","English lyrics not established from available text | Tab-only or empty extracted sheet","fd61c48fc51da36fd77a7b535537a903fd6260473b43039b37aa556c4a9fb2a6","GuitarPro_Tabs/Oasis - I Am The Walrus (Beatles Cover).gp3"
"973","Oasis","I Can See A Liar","TAB_ONLY_OR_EMPTY","HOLD","UNAVAILABLE_SOURCE","gp3","0","183","LANGUAGE_UNVERIFIED","0","NO","NO","","English lyrics not established from available text | No usable chord symbols in extracted sheet","997d5724d0ef110ef45cc6585664768f7b61be25966759e07753e4783675ab87","GuitarPro_Tabs/Oasis - I Can See A Liar.gp3"
"974","Oasis","I Will Show You","TAB_ONLY_OR_EMPTY","HOLD","PENDING_PARSE_AND_QA","gp3","4","0","LANGUAGE_UNVERIFIED","0","NO","NO","","English lyrics not established from available text | Tab-only or empty extracted sheet","0eab361bbc26326b86accf91a977210d2e201702ed7f37d95cc194f06fa151cc","GuitarPro_Tabs/Oasis - I Will Show You.gp3"
"975","Oasis","It 's Gettin ' Better (Man!!)","TAB_ONLY_OR_EMPTY","HOLD","PENDING_PARSE_AND_QA","gp3","0","0","LANGUAGE_UNVERIFIED","0","NO","NO","","English lyrics not established from available text | No usable chord symbols in extracted sheet | Tab-only or empty extracted sheet","0a7bc2a83e5e817495135596ff834485a7be607e385ff0284673aa18096a7c79","GuitarPro_Tabs/Oasis - It 's Gettin ' Better (Man!!).gp3"
"976","Oasis","little by little","TRANSPOSE_FAILURE","HOLD","PENDING_PARSE_AND_QA","gpx","8","336","ENGLISH_TEXT_CHECK_PASS","46","NO","YES","","Exact locked transposer fails required round-trip or slash-bass preservation","020f58ccf0b0f4fcdddac49e2a4bfb177327393db4ec3cf1eacae6d7e86256e8","Ultimate Guitar com PRO Tabs Site Rip GPX/o/oasis_734/oasis_little-by-little-official-2497398.gpx"
"977","Oasis","Magic Pie","TAB_ONLY_OR_EMPTY","HOLD","PENDING_PARSE_AND_QA","gp3","13","0","LANGUAGE_UNVERIFIED","45","YES","YES","","English lyrics not established from available text | Tab-only or empty extracted sheet | Exact locked transposer fails required round-trip or slash-bass preservation","34d44684cbb9c524349c0b15840a61d50f26d9eba65e7d8472a125c4a2872767","GuitarPro_Tabs/Oasis - Magic Pie.gp3"
"978","Oasis","morning glory","IDENTITY_DIAGRAM_OR_OTHER_HOLD","HOLD","PENDING_PARSE_AND_QA","gpx","7","328","ENGLISH_TEXT_CHECK_PASS","0","NO","YES","A-","Locked renderer has no chord shape for: A-","63c722a596e864601a102266a1d684ffe834bb4f5c42842d96609c3b384a3936","Ultimate Guitar com PRO Tabs Site Rip GPX/o/oasis_734/oasis_morning-glory-official-2538228.gpx"
"979","Oasis","My Big Mouth","TAB_ONLY_OR_EMPTY","HOLD","PENDING_PARSE_AND_QA","gp3","7","0","LANGUAGE_UNVERIFIED","0","NO","NO","","English lyrics not established from available text | Tab-only or empty extracted sheet","9382dc8de79cccbc89620f595a1f9609c4af62ff98903ab49da3a243c4d728a9","GuitarPro_Tabs/Oasis - My Big Mouth.gp3"
"980","Oasis","Oasis *alt","EXISTING_DUPLICATE","EXISTING","SKIPPED_ALREADY_CURRENT","gpx","9","290","ENGLISH_TEXT_CHECK_PASS","23","YES","YES","","Existing artist/song or title variant — leave current song unchanged | Exact locked transposer fails required round-trip or slash-bass preservation","a311239297b6e4504834a88a353b86f7d7af230ab4b5783a00f70ce16a5bc624","Ultimate Guitar com PRO Tabs Site Rip GPX/o/oasis_734/oasis_half-the-world-away-official-2169399.gpx"
"981","Oasis","Rockin Chair","TAB_ONLY_OR_EMPTY","HOLD","PENDING_PARSE_AND_QA","gp3","10","0","LANGUAGE_UNVERIFIED","23","YES","YES","","English lyrics not established from available text | Tab-only or empty extracted sheet | Exact locked transposer fails required round-trip or slash-bass preservation","f0b19dd6bba7ca2d8f0a56a01ee5f7a38c7245489edd0856cb0381c9fcf3fe5c","GuitarPro_Tabs/Oasis - Rockin Chair.gp3"
"982","Oasis","Roll It Over","TAB_ONLY_OR_EMPTY","HOLD","PENDING_PARSE_AND_QA","gp3","0","0","LANGUAGE_UNVERIFIED","0","NO","NO","","English lyrics not established from available text | No usable chord symbols in extracted sheet | Tab-only or empty extracted sheet","b3233d5234e40b95c27e6dc3bcd16dd118d1446a3356de4ef136a9b3e2ac2d77","GuitarPro_Tabs/Oasis - Roll It Over.gp3"
"983","Oasis","sad song","TRANSPOSE_FAILURE","HOLD","PENDING_PARSE_AND_QA","gpx","15","353","ENGLISH_TEXT_CHECK_PASS","138","YES","YES","","Exact locked transposer fails required round-trip or slash-bass preservation","809f4f92f87827eb2358779098e93604f33b513abe4aa801092bef9523cd63bc","Ultimate Guitar com PRO Tabs Site Rip GPX/o/oasis_734/oasis_sad-song-official-3310655.gpx"
"984","Oasis","Shakermaker","TAB_ONLY_OR_EMPTY","HOLD","PENDING_PARSE_AND_QA","gp3","0","0","LANGUAGE_UNVERIFIED","0","NO","NO","","English lyrics not established from available text | No usable chord symbols in extracted sheet | Tab-only or empty extracted sheet","99928948c17d911f453006094fec87da23c99cbce592afd2bbcc426e956c2f9a","GuitarPro_Tabs/Oasis - Shakermaker.gp3"
"985","Oasis","shes electric","TRANSPOSE_FAILURE","HOLD","PENDING_PARSE_AND_QA","gpx","12","279","ENGLISH_TEXT_CHECK_PASS","22","YES","NO","","Exact locked transposer fails required round-trip or slash-bass preservation","ea11b80a06e570adc9992f00551d831b69c00dc594a0ab989630902ae0a8dd4a","Ultimate Guitar com PRO Tabs Site Rip GPX/o/oasis_734/oasis_shes-electric-official-2760483.gpx"
"986","Oasis","stop crying your heart out","REVIEWABLE_CHORD_SHEET","REVIEWABLE","PENDING_PARSE_AND_QA","gpx","9","271","ENGLISH_TEXT_CHECK_PASS","0","YES","NO","","","72b397d8ca2ead07f38fc2666d00c822f453d2aab2f3141584d51c82ca4b74ba","Ultimate Guitar com PRO Tabs Site Rip GPX/o/oasis_734/oasis_stop-crying-your-heart-out-official-1948671.gpx"
"987","Oasis","Sunday Morning Call","TAB_ONLY_OR_EMPTY","HOLD","PENDING_PARSE_AND_QA","gp3","2","0","LANGUAGE_UNVERIFIED","0","NO","NO","","English lyrics not established from available text | Tab-only or empty extracted sheet","05601e0a2d50e186be62d98091a6336029a634358114e708004b4f2a913871b2","GuitarPro_Tabs/Oasis - Sunday Morning Call.gp3"
"988","Oasis","The Girl In The Dirty Shirt","TAB_ONLY_OR_EMPTY","HOLD","PENDING_PARSE_AND_QA","gp3","9","0","LANGUAGE_UNVERIFIED","0","YES","YES","G6 | G5 | Cadd9 | A5 | C9","English lyrics not established from available text | Locked renderer has no chord shape for: G6, G5, Cadd9, A5, C9 | Tab-only or empty extracted sheet","00606445a857d8a10e0702a2758d672a1064a0a36139350bc72e73d473293136","GuitarPro_Tabs/Oasis - The Girl In The Dirty Shirt.gp3"
"989","Oasis","The Hindu Times (2)","TAB_ONLY_OR_EMPTY","HOLD","PENDING_PARSE_AND_QA","gp3","0","0","LANGUAGE_UNVERIFIED","0","NO","NO","","English lyrics not established from available text | No usable chord symbols in extracted sheet | Tab-only or empty extracted sheet","82c79499751567cddb0d33cc140a86ebbcf24a70f74e66365f104e4b6b1c1267","GuitarPro_Tabs/Oasis - The Hindu Times (2).gp3"
"990","Oasis","the masterplan","TRANSPOSE_FAILURE","HOLD","PENDING_PARSE_AND_QA","gpx","16","263","ENGLISH_TEXT_CHECK_PASS","138","YES","YES","","Exact locked transposer fails required round-trip or slash-bass preservation","5c407f5a5ff9be052958099f3fcd8241af27bbe590d5bd4f131f560d8266b9ab","Ultimate Guitar com PRO Tabs Site Rip GPX/o/oasis_734/oasis_the-masterplan-official-3250019.gpx"
"991","Oasis","the shock of the lightning","REVIEWABLE_CHORD_SHEET","REVIEWABLE","PENDING_PARSE_AND_QA","gpx","6","272","ENGLISH_TEXT_CHECK_PASS","0","NO","NO","","","e4d49386a3c6156d4435742af878627db2432d4df7410bc758591ddfe8dd8d8d","Ultimate Guitar com PRO Tabs Site Rip GPX/o/oasis_734/oasis_the-shock-of-the-lightning-official-2105497.gpx"
"992","Oasis","Up in the sky","TAB_ONLY_OR_EMPTY","HOLD","PENDING_PARSE_AND_QA","gp3","5","0","LANGUAGE_UNVERIFIED","0","NO","YES","","English lyrics not established from available text | Tab-only or empty extracted sheet","e411d4a1bf8981492c3d5e66872dff6553fc68024b6f3645fcb7f8de473a1843","GuitarPro_Tabs/Oasis - Up in the sky.gp3"
"993","Oasis","Whatever (Intro First Verse)","EXISTING_DUPLICATE","EXISTING","PENDING_PARSE_AND_QA","gp3","0","0","LANGUAGE_UNVERIFIED","0","NO","NO","","Existing artist/song or title variant — leave current song unchanged | Possible existing song or alternate title: Oasis — Whatever | May be a medley, fragment or exercise; full-song identity needs confirmation. | English lyrics not established from available text | No usable chord symbols in extracted sheet | Tab-only or empty extracted sheet","2fe95d8696a958a497f93dd30d0ef02d19e896cfefc633926fe70a9c3b815768","GuitarPro_Tabs/Oasis - Whatever (Intro First Verse).gp3"
"994","Oasis","where did it all go wrong","TAB_ONLY_OR_EMPTY","HOLD","PENDING_PARSE_AND_QA","gp3","0","0","LANGUAGE_UNVERIFIED","0","NO","NO","","English lyrics not established from available text | No usable chord symbols in extracted sheet | Tab-only or empty extracted sheet","d8f8af85cf0da55843392506b54946376c01c88d9710b2f6f61bd6ab620dc716","GuitarPro_Tabs/Oasis - where did it all go wrong.gp3"
"995","Oasis","Who Feels Love (2)","TAB_ONLY_OR_EMPTY","HOLD","PENDING_PARSE_AND_QA","gp3","0","0","LANGUAGE_UNVERIFIED","0","NO","NO","","English lyrics not established from available text | No usable chord symbols in extracted sheet | Tab-only or empty extracted sheet","6a90370e510fa8b498ef6854151822ef588f8e0c1303977704f267ddacbb6656","GuitarPro_Tabs/Oasis - Who Feels Love (2).gp3"
"996","Olivia Rodrigo","1 step forward 3 steps back","TRANSPOSE_FAILURE","HOLD","PENDING_PARSE_AND_QA","gpx","5","305","ENGLISH_TEXT_CHECK_PASS","46","NO","YES","","Exact locked transposer fails required round-trip or slash-bass preservation","10c5c98da29c584a76d8d364e1375029c6697a864c5b9db8c5f94f14ae37a88b","Ultimate Guitar com PRO Tabs Site Rip GPX/o/olivia_rodrigo_477674/olivia-rodrigo_1-step-forward-3-steps-back-official-3722372.gpx"
"997","Olivia Rodrigo","brutal","TRANSPOSE_FAILURE","HOLD","PENDING_PARSE_AND_QA","gpx","7","307","ENGLISH_TEXT_CHECK_PASS","44","NO","NO","","Exact locked transposer fails required round-trip or slash-bass preservation","e10e9fa612654bf7f638721aec8efaee290855ace7009e2938ea08399a5e05c0","Ultimate Guitar com PRO Tabs Site Rip GPX/o/olivia_rodrigo_477674/olivia-rodrigo_brutal-official-3717179.gpx"
"998","Olivia Rodrigo","drivers license","REVIEWABLE_CHORD_SHEET","REVIEWABLE","PENDING_PARSE_AND_QA","gpx","8","430","ENGLISH_TEXT_CHECK_PASS","0","NO","NO","","","d863b0dd362adcaa3c4ab323ead106bed3e491d8490992a664d350da519f13fd","Ultimate Guitar com PRO Tabs Site Rip GPX/o/olivia_rodrigo_477674/olivia-rodrigo_drivers-license-official-3513449.gpx"
"999","Olivia Rodrigo","enough for you","TRANSPOSE_FAILURE","HOLD","PENDING_PARSE_AND_QA","gpx","3","447","ENGLISH_TEXT_CHECK_PASS","23","NO","YES","","Exact locked transposer fails required round-trip or slash-bass preservation","73d00fac418d7d5959d7c045567391a860b84eee6916ebc0c67d0c7f13864248","Ultimate Guitar com PRO Tabs Site Rip GPX/o/olivia_rodrigo_477674/olivia-rodrigo_enough-for-you-official-3717041.gpx"
"1000","Olivia Rodrigo","favorite crime","LANGUAGE_UNVERIFIED","HOLD","PENDING_PARSE_AND_QA","gpx","5","248","LANGUAGE_UNVERIFIED","0","NO","NO","","English lyrics not established from available text","a12a31ae07975928af5bf0cd30063547f27759d7bafcfc82aec3b72f4f1140c2","Ultimate Guitar com PRO Tabs Site Rip GPX/o/olivia_rodrigo_477674/olivia-rodrigo_favorite-crime-official-3717473.gpx"
"1001","Olivia Rodrigo","happier","TRANSPOSE_FAILURE","HOLD","PENDING_PARSE_AND_QA","gpx","4","321","ENGLISH_TEXT_CHECK_PASS","44","NO","NO","","Exact locked transposer fails required round-trip or slash-bass preservation","68f5a59026063a9677a5f35f2ce4ae4c6b5f1d8bee4dfc0a130dc77f6b128c2a","Ultimate Guitar com PRO Tabs Site Rip GPX/o/olivia_rodrigo_477674/olivia-rodrigo_happier-official-3723368.gpx"
"1002","Otis Redding","hard to handle","REVIEWABLE_CHORD_SHEET","REVIEWABLE","PENDING_PARSE_AND_QA","gpx","7","319","ENGLISH_TEXT_CHECK_PASS","0","NO","NO","","","d50d0bdd1bca3cb0a2fe90e3299c0a084e0107eac43b47f0f31ec12cfad7a395","Ultimate Guitar com PRO Tabs Site Rip GPX/o/otis_redding_11158/otis-redding_hard-to-handle-official-3791954.gpx"
"1003","Ozzy Osbourne","crazy train","REVIEWABLE_CHORD_SHEET","REVIEWABLE","PENDING_PARSE_AND_QA","gpx","5","275","ENGLISH_TEXT_CHECK_PASS","0","NO","NO","","","952dba506df7a14a3a10fe09b577f916ac9a661b1563796244db5847f1366676","Ultimate Guitar com PRO Tabs Site Rip GPX/o/ozzy_osbourne_11046/ozzy-osbourne_crazy-train-official-1935675.gpx"
"1004","Ozzy Osbourne","dee","TAB_ONLY_OR_EMPTY","HOLD","PENDING_PARSE_AND_QA","gpx","19","0","LANGUAGE_UNVERIFIED","161","YES","YES","","English lyrics not established from available text | Tab-only or empty extracted sheet | Exact locked transposer fails required round-trip or slash-bass preservation","d7b160845f4621e488f288a9e764aaec99205613e8b66df229df6bbe06f0903c","Ultimate Guitar com PRO Tabs Site Rip GPX/o/ozzy_osbourne_11046/ozzy-osbourne_dee-official-2252365.gpx"
"1005","Ozzy Osbourne","i dont know","TRANSPOSE_FAILURE","HOLD","PENDING_PARSE_AND_QA","gpx","14","254","ENGLISH_TEXT_CHECK_PASS","138","YES","YES","","Exact locked transposer fails required round-trip or slash-bass preservation","5036cd601a5e0a7f3b2205977ccebf19bd3868800c75385096f0a0f9a01e0030","Ultimate Guitar com PRO Tabs Site Rip GPX/o/ozzy_osbourne_11046/ozzy-osbourne_i-dont-know-official-2724795.gpx"
"1006","Ozzy Osbourne","ordinary man","TRANSPOSE_FAILURE","HOLD","PENDING_PARSE_AND_QA","gpx","10","303","ENGLISH_TEXT_CHECK_PASS","23","YES","YES","","Exact locked transposer fails required round-trip or slash-bass preservation","7b0af6968a946c602d7e805ef6fd768681a59b42206c3ca7dddce33ce4f5321c","Ultimate Guitar com PRO Tabs Site Rip GPX/o/ozzy_osbourne_11046/ozzy-osbourne_ordinary-man-official-3062853.gpx"
"1007","Ozzy Osbourne","perry mason","TRANSPOSE_FAILURE","HOLD","PENDING_PARSE_AND_QA","gpx","10","312","ENGLISH_TEXT_CHECK_PASS","90","YES","YES","A-","Locked renderer has no chord shape for: A- | Exact locked transposer fails required round-trip or slash-bass preservation","4f6db9f02422600db59859482691fe9fab58302f405ec6a1782cd102717c4155","Ultimate Guitar com PRO Tabs Site Rip GPX/o/ozzy_osbourne_11046/ozzy-osbourne_perry-mason-official-2998901.gpx"
"1008","Ozzy Osbourne","post malone take what you want","TRANSPOSE_FAILURE","HOLD","PENDING_PARSE_AND_QA","gpx","6","522","ENGLISH_TEXT_CHECK_PASS","45","NO","YES","","Parsed title disagrees with proposal title | Exact locked transposer fails required round-trip or slash-bass preservation","e998741198ae0b1a6cd44086dcdc2942ed8dea782623b1c4670ce38fc9eac735","Ultimate Guitar com PRO Tabs Site Rip GPX/o/ozzy_osbourne_11046/post-malone_take-what-you-want-official-2844023.gpx"
"1009","Pat Benatar","Heartbreaker *alt","EXISTING_DUPLICATE","EXISTING","SKIPPED_ALREADY_CURRENT","gpx","8","307","ENGLISH_TEXT_CHECK_PASS","0","NO","NO","","Existing artist/song or title variant — leave current song unchanged | Possible existing song or alternate title: Pat Benetar — Heartbreaker","c8353eb448eda6e64993ba439062a162acf13968c1428eaf4436ff26f635b1c2","Ultimate Guitar com PRO Tabs Site Rip GPX/p/pat_benatar_6523/pat-benatar_heartbreaker-official-2199533.gpx"
"1010","Paul McCartney","i dont know","TRANSPOSE_FAILURE","HOLD","PENDING_PARSE_AND_QA","gpx","14","261","ENGLISH_TEXT_CHECK_PASS","68","YES","YES","","Exact locked transposer fails required round-trip or slash-bass preservation","a207208eac8e966088e122a5d9885b435daa7bce6d270dc656d43e75f3cc49a2","Ultimate Guitar com PRO Tabs Site Rip GPX/p/paul_mccartney_9134/paul-mccartney_i-dont-know-official-2446125.gpx"
"1011","Paul McCartney","jenny wren","TRANSPOSE_FAILURE","HOLD","PENDING_PARSE_AND_QA","gpx","18","140","ENGLISH_TEXT_CHECK_PASS","225","YES","YES","","Exact locked transposer fails required round-trip or slash-bass preservation","0c3393f2a08b4aee74f291ee40f8eaa2a9ee6d5a54d4d266a52eb3c64fa9fa4f","Ultimate Guitar com PRO Tabs Site Rip GPX/p/paul_mccartney_9134/paul-mccartney_jenny-wren-official-2219601.gpx"
"1012","Paul McCartney","jet","EXISTING_DUPLICATE","EXISTING","PENDING_PARSE_AND_QA","gpx","9","214","ENGLISH_TEXT_CHECK_PASS","23","YES","YES","","Existing artist/song or title variant — leave current song unchanged | Possible existing song or alternate title: Paul McCartnery — Jet | Exact locked transposer fails required round-trip or slash-bass preservation","87498957e731e4c593ab0d0044bff9b7dda6ce38dd535c3d512b0a1a2a76d361","Ultimate Guitar com PRO Tabs Site Rip GPX/p/paul_mccartney_9134/paul-mccartney_jet-official-3407468.gpx"
"1013","Paul McCartney","Let Me Roll It","EXISTING_DUPLICATE","EXISTING","SKIPPED_ALREADY_CURRENT","gpx","3","193","ENGLISH_TEXT_CHECK_PASS","0","NO","NO","","Existing artist/song or title variant — leave current song unchanged","02852a902cf3bd3e52dd6c9d01bdcce80e3e5363e2b164633e8d4b36018642ab","Ultimate Guitar com PRO Tabs Site Rip GPX/p/paul_mccartney_9134/paul-mccartney_let-me-roll-it-official-3333080.gpx"
"1014","Paul McCartney","maybe im amazed","TRANSPOSE_FAILURE","HOLD","PENDING_PARSE_AND_QA","gpx","14","264","ENGLISH_TEXT_CHECK_PASS","92","YES","YES","","Exact locked transposer fails required round-trip or slash-bass preservation","04aa7b46846908073f782f6cf1536e1a5267326f60f5f2c7d4cb15bb50f77538","Ultimate Guitar com PRO Tabs Site Rip GPX/p/paul_mccartney_9134/paul-mccartney_maybe-im-amazed-official-2003421.gpx"
"1015","Paul McCartney","the kiss of venus","TRANSPOSE_FAILURE","HOLD","PENDING_PARSE_AND_QA","gpx","10","260","ENGLISH_TEXT_CHECK_PASS","46","YES","YES","","Exact locked transposer fails required round-trip or slash-bass preservation","dc12b06e73718c2b687ee8c054a3e1bf80702dd37477bcf73eefadb1b138295f","Ultimate Guitar com PRO Tabs Site Rip GPX/p/paul_mccartney_9134/paul-mccartney_the-kiss-of-venus-official-3477767.gpx"
"1016","Paul McCartney","winter bird when winter comes","TRANSPOSE_FAILURE","HOLD","PENDING_PARSE_AND_QA","gpx","7","237","ENGLISH_TEXT_CHECK_PASS","23","NO","YES","","Exact locked transposer fails required round-trip or slash-bass preservation","a8ae72925b7bd897b98612225defeece0e0c24161d19cd4949073be2947426cc","Ultimate Guitar com PRO Tabs Site Rip GPX/p/paul_mccartney_9134/paul-mccartney_winter-bird-when-winter-comes-official-3478373.gpx"
"1017","Pearl Jam","All Those Yesterdays","TAB_ONLY_OR_EMPTY","HOLD","PENDING_PARSE_AND_QA","gp3","0","0","LANGUAGE_UNVERIFIED","0","NO","NO","","English lyrics not established from available text | No usable chord symbols in extracted sheet | Tab-only or empty extracted sheet","6544e2d46b398679c79dc271036394646b3e40657517178b2c2d9b458ff6fb78","GuitarPro_Tabs/Pearl Jam - All Those Yesterdays.gp3"
"1018","Pearl Jam","Animal","TAB_ONLY_OR_EMPTY","HOLD","PENDING_PARSE_AND_QA","gp3","0","0","LANGUAGE_UNVERIFIED","0","NO","NO","","English lyrics not established from available text | No usable chord symbols in extracted sheet | Tab-only or empty extracted sheet","4ccc3e6b4e8cd8dcd4ae6649d3524dd8cf4710fe7aa690c5bbbbe40327d7b400","GuitarPro_Tabs/Pearl Jam - Animal.gp3"
"1019","Pearl Jam","Better man (live version)","EXISTING_DUPLICATE","EXISTING","PENDING_PARSE_AND_QA","gp3","2","0","LANGUAGE_UNVERIFIED","0","NO","NO","","Existing artist/song or title variant — leave current song unchanged | Possible existing song or alternate title: Pearl Jam — Better Man | English lyrics not established from available text | Tab-only or empty extracted sheet","0bdc4de4a517d6d723a77f3ca682945743a96d7af0f1ab808d4bdb8350d8d6f5","GuitarPro_Tabs/Pearl Jam - Better man (live version).gp3"
"1020","Pearl Jam","Brain Of J (2)","TAB_ONLY_OR_EMPTY","HOLD","PENDING_PARSE_AND_QA","gp3","0","0","LANGUAGE_UNVERIFIED","0","NO","NO","","English lyrics not established from available text | No usable chord symbols in extracted sheet | Tab-only or empty extracted sheet","9ee4e4a6c618358d07e98cf29f7a3c3dc7cae0a78cb859c7bddd3d41c51d6ade","GuitarPro_Tabs/Pearl Jam - Brain Of J (2).gp3"
"1021","Pearl Jam","Bu$hleaguer","TAB_ONLY_OR_EMPTY","HOLD","PENDING_PARSE_AND_QA","gp3","0","0","LANGUAGE_UNVERIFIED","0","NO","NO","","English lyrics not established from available text | No usable chord symbols in extracted sheet | Tab-only or empty extracted sheet","2fb6bdd266a7d45a4dbcde0f486b74325993a20814fb388461f556e947d4b23f","GuitarPro_Tabs/Pearl Jam - Bu$hleaguer.gp3"
"1022","Pearl Jam","Can 't Help Falling In Love - Live","TAB_ONLY_OR_EMPTY","HOLD","PENDING_PARSE_AND_QA","gp3","0","0","LANGUAGE_UNVERIFIED","0","NO","NO","","Parsed title disagrees with proposal title | English lyrics not established from available text | No usable chord symbols in extracted sheet | Tab-only or empty extracted sheet","20823e1a8352109b9b5d81ce36d04938e7ea31421091d14f6978313433536a46","GuitarPro_Tabs/Pearl Jam - Can 't Help Falling In Love - Live.gp3"
"1023","Pearl Jam","daughter","TRANSPOSE_FAILURE","HOLD","PENDING_PARSE_AND_QA","gpx","4","192","ENGLISH_TEXT_CHECK_PASS","23","NO","YES","","Exact locked transposer fails required round-trip or slash-bass preservation","fb349caba810d390e705bb96dbd0a514489a3f85f8c808652b6264c991c3cd9c","Ultimate Guitar com PRO Tabs Site Rip GPX/p/pearl_jam_696/pearl-jam_daughter-official-2584971.gpx"
"1024","Pearl Jam","Deep (Bass Only)","TAB_ONLY_OR_EMPTY","HOLD","PENDING_PARSE_AND_QA","gp4","0","0","LANGUAGE_UNVERIFIED","0","NO","NO","","English lyrics not established from available text | No usable chord symbols in extracted sheet | Tab-only or empty extracted sheet","87a4235ee359fb3e33e59ebab74695353388425301ba6edb09443a668f71baca","GuitarPro_Tabs/Pearl Jam - Deep (Bass Only).gp4"
"1025","Pearl Jam","Dissident","TAB_ONLY_OR_EMPTY","HOLD","PENDING_PARSE_AND_QA","gp3","0","0","LANGUAGE_UNVERIFIED","0","NO","NO","","English lyrics not established from available text | No usable chord symbols in extracted sheet | Tab-only or empty extracted sheet","c5d564955a13d4a1cbfc7ccceff073e41a95f88ef50e4d579742f376dbf1bde2","GuitarPro_Tabs/Pearl Jam - Dissident.gp3"
"1026","Pearl Jam","elderly woman behind the counter in a small town","REVIEWABLE_CHORD_SHEET","REVIEWABLE","PENDING_PARSE_AND_QA","gpx","5","228","ENGLISH_TEXT_CHECK_PASS","0","NO","NO","","","8351dd24d78cdc628a0434ea1a852a07184b3217eebd2c66b815ba3213c237a0","Ultimate Guitar com PRO Tabs Site Rip GPX/p/pearl_jam_696/pearl-jam_elderly-woman-behind-the-counter-in-a-small-town-official-2530182.gpx"
"1027","Pearl Jam","Faithfull","TAB_ONLY_OR_EMPTY","HOLD","PENDING_PARSE_AND_QA","gp3","0","0","LANGUAGE_UNVERIFIED","0","NO","NO","","English lyrics not established from available text | No usable chord symbols in extracted sheet | Tab-only or empty extracted sheet","4146e1ed42e5d987d19c41bd97c2f739547de2aef0e0c6297872746bdc145a00","GuitarPro_Tabs/Pearl Jam - Faithfull.gp3"
"1028","Pearl Jam","future days","TRANSPOSE_FAILURE","HOLD","PENDING_PARSE_AND_QA","gpx","6","272","ENGLISH_TEXT_CHECK_PASS","23","NO","YES","","Exact locked transposer fails required round-trip or slash-bass preservation","c51f8f21470299683e1092c467e8103a0ded909cfbba59e119491ab447cbc8e0","Ultimate Guitar com PRO Tabs Site Rip GPX/p/pearl_jam_696/pearl-jam_future-days-official-3287489.gpx"
"1029","Pearl Jam","Garden","TAB_ONLY_OR_EMPTY","HOLD","PENDING_PARSE_AND_QA","gp3","0","0","LANGUAGE_UNVERIFIED","0","NO","NO","","English lyrics not established from available text | No usable chord symbols in extracted sheet | Tab-only or empty extracted sheet","2e67da45759d517d26de6bac34e5ec0eb58577179efc99ea4e955953ba5af504","GuitarPro_Tabs/Pearl Jam - Garden.gp3"
"1030","Pearl Jam","Glorified G","TAB_ONLY_OR_EMPTY","HOLD","PENDING_PARSE_AND_QA","gp3","0","0","LANGUAGE_UNVERIFIED","0","NO","NO","","English lyrics not established from available text | No usable chord symbols in extracted sheet | Tab-only or empty extracted sheet","d406ddcfe1f162ef97c6bd326842206158bac7baf95b9244d8b5875732b7bba9","GuitarPro_Tabs/Pearl Jam - Glorified G.gp3"
"1031","Pearl Jam","Go","TAB_ONLY_OR_EMPTY","HOLD","PENDING_PARSE_AND_QA","gp3","0","0","LANGUAGE_UNVERIFIED","0","NO","NO","","Similar proposed title also exists in this queue; choose at most one after identity review. | English lyrics not established from available text | No usable chord symbols in extracted sheet | Tab-only or empty extracted sheet","a843510bcd1bb837a391027a62951cddf7ddbc0532611ac3629a731486a32516","GuitarPro_Tabs/Pearl Jam - Go.gp3"
"1032","Pearl Jam","Go [Live]","TAB_ONLY_OR_EMPTY","HOLD","PENDING_PARSE_AND_QA","gp3","0","0","LANGUAGE_UNVERIFIED","0","NO","NO","","Similar proposed title also exists in this queue; choose at most one after identity review. | English lyrics not established from available text | No usable chord symbols in extracted sheet | Tab-only or empty extracted sheet","2fe842a04e6c0033f5a640192c596188e20f11ba11d5918b50668712753b7dac","GuitarPro_Tabs/Pearl Jam - Go [Live].gp3"
"1033","Pearl Jam","Grievance","TAB_ONLY_OR_EMPTY","HOLD","PENDING_PARSE_AND_QA","gp3","10","0","LANGUAGE_UNVERIFIED","69","YES","YES","C#/G# | E5 | D7/A | A5 | C5 | Bsus4/F#","English lyrics not established from available text | Locked renderer has no chord shape for: C#/G#, E5, D7/A, A5, C5, Bsus4/F# | Tab-only or empty extracted sheet | Exact locked transposer fails required round-trip or slash-bass preservation","5d8e0295ce78cc9f5bf6d091ac9006e1ab652255f6b4d5d427e96f5e967129d7","GuitarPro_Tabs/Pear Jam - Grievance.gp3"
"1034","Pearl Jam","Hail Hail","TAB_ONLY_OR_EMPTY","HOLD","PENDING_PARSE_AND_QA","gp3","0","0","LANGUAGE_UNVERIFIED","0","NO","NO","","English lyrics not established from available text | No usable chord symbols in extracted sheet | Tab-only or empty extracted sheet","3af344bbdba6568bf12a9c0dec1dba313d55fc8c28ecfe9ca12896d4a6530585","GuitarPro_Tabs/Pearl Jam - Hail Hail.gp3"
"1035","Pearl Jam","Hummous","TAB_ONLY_OR_EMPTY","HOLD","PENDING_PARSE_AND_QA","gp3","0","0","LANGUAGE_UNVERIFIED","0","NO","NO","","English lyrics not established from available text | No usable chord symbols in extracted sheet | Tab-only or empty extracted sheet","06b42900970cf94536185312411eec3993d96e0e6a3bfd7846501575fd4ab53e","GuitarPro_Tabs/Pearl Jam - Hummous.gp3"
"1036","Pearl Jam","I Am Mine (solo)","TAB_ONLY_OR_EMPTY","HOLD","UNAVAILABLE_SOURCE","gp3","0","122","ENGLISH_TEXT_CHECK_PASS","0","NO","NO","","May be a medley, fragment or exercise; full-song identity needs confirmation. | No usable chord symbols in extracted sheet","5dda810f79f327571cd363be6f18716c47105b655fb8ade2d54ea7d3cc65080a","GuitarPro_Tabs/Pearl Jam - I Am Mine.gp3"
"1037","Pearl Jam","immortality","TRANSPOSE_FAILURE","HOLD","PENDING_PARSE_AND_QA","gpx","4","197","ENGLISH_TEXT_CHECK_PASS","23","NO","YES","","Exact locked transposer fails required round-trip or slash-bass preservation","9517ade56ce6e96f234d3cd89f87ce60e889567e2be4b98df5d19dcf80c7a1bd","Ultimate Guitar com PRO Tabs Site Rip GPX/p/pearl_jam_696/pearl-jam_immortality-official-3204377.gpx"
"1038","Pearl Jam","In Hiding","TAB_ONLY_OR_EMPTY","HOLD","PENDING_PARSE_AND_QA","gp3","0","0","LANGUAGE_UNVERIFIED","0","NO","NO","","English lyrics not established from available text | No usable chord symbols in extracted sheet | Tab-only or empty extracted sheet","31b95464a8396746ae55f01ed858a9c93342c37d82bbe387aa6d00f182338242","GuitarPro_Tabs/Pearl Jam - In Hiding.gp3"
"1039","Pearl Jam","In My Tree","TAB_ONLY_OR_EMPTY","HOLD","PENDING_PARSE_AND_QA","gp3","0","0","LANGUAGE_UNVERIFIED","0","NO","NO","","English lyrics not established from available text | No usable chord symbols in extracted sheet | Tab-only or empty extracted sheet","0f35c6a40324bdf4f7b44aac356ace8c943d6e8363d6eef6b7326ae91909444e","GuitarPro_Tabs/Pearl Jam - In My Tree.gp3"
"1040","Pearl Jam","Insignificance","TAB_ONLY_OR_EMPTY","HOLD","PENDING_PARSE_AND_QA","gp3","0","0","LANGUAGE_UNVERIFIED","0","NO","NO","","English lyrics not established from available text | No usable chord symbols in extracted sheet | Tab-only or empty extracted sheet","57a8c8e50a2abbc2cb6979970f307742c2e83c10e58662a3a4ef64ed508d1bc3","GuitarPro_Tabs/Pearl Jam - Insignificance.gp3"
"1041","Pearl Jam","It 's O.K.","TAB_ONLY_OR_EMPTY","HOLD","PENDING_PARSE_AND_QA","gp3","0","0","LANGUAGE_UNVERIFIED","0","NO","NO","","English lyrics not established from available text | No usable chord symbols in extracted sheet | Tab-only or empty extracted sheet","b0dbf5bc836761d663a036f15eca2ec8b94ab104500c22271d46d50b9a5eccca","GuitarPro_Tabs/Pearl Jam - It 's O.K..gp3"
"1042","Pearl Jam","just breathe","TRANSPOSE_FAILURE","HOLD","PENDING_PARSE_AND_QA","gpx","7","242","ENGLISH_TEXT_CHECK_PASS","46","NO","YES","","Exact locked transposer fails required round-trip or slash-bass preservation","79d6775480fc7afbe6b56d2b031dcb7bff9be7ab3b90448d3f73abc36a802114","Ultimate Guitar com PRO Tabs Site Rip GPX/p/pearl_jam_696/pearl-jam_just-breathe-official-2614914.gpx"
"1043","Pearl Jam","Last Exit","TAB_ONLY_OR_EMPTY","HOLD","PENDING_PARSE_AND_QA","gp3","0","0","LANGUAGE_UNVERIFIED","0","NO","NO","","English lyrics not established from available text | No usable chord symbols in extracted sheet | Tab-only or empty extracted sheet","94b8fa09142e336eb2c1f510b0fabc50fc7fdbd88c2f495a88114f4a29ddfbe0","GuitarPro_Tabs/Pearl Jam - Last Exit.gp3"
"1044","Pearl Jam","Leash","TAB_ONLY_OR_EMPTY","HOLD","PENDING_PARSE_AND_QA","gp3","0","0","LANGUAGE_UNVERIFIED","0","NO","NO","","English lyrics not established from available text | No usable chord symbols in extracted sheet | Tab-only or empty extracted sheet","671ee9b63d6488d48cab8694cfe9c52fa01893181cff7ad9f0896fa2af33db4b","GuitarPro_Tabs/Pearl Jam - Leash.gp3"
"1045","Pearl Jam","Leaving Here","TAB_ONLY_OR_EMPTY","HOLD","PENDING_PARSE_AND_QA","gp3","0","0","LANGUAGE_UNVERIFIED","0","NO","NO","","English lyrics not established from available text | No usable chord symbols in extracted sheet | Tab-only or empty extracted sheet","f29d1883f1e1219b0fb43eaff4481161c72305ad231d328f54caf31168a845f2","GuitarPro_Tabs/Pearl Jam - Leaving Here.gp3"
"1046","Pearl Jam","Low Light","TAB_ONLY_OR_EMPTY","HOLD","PENDING_PARSE_AND_QA","gp4","7","0","LANGUAGE_UNVERIFIED","46","NO","YES","G/B | G/F# | A7sus4","English lyrics not established from available text | Locked renderer has no chord shape for: G/B, G/F#, A7sus4 | Tab-only or empty extracted sheet | Exact locked transposer fails required round-trip or slash-bass preservation","520f5430c5ec4b490f79e297c18126434adac62c860ed13074cc24356f83e875","GuitarPro_Tabs/Pearl Jam - Low Light.gp4"
"1047","Pearl Jam","Mankind","TAB_ONLY_OR_EMPTY","HOLD","PENDING_PARSE_AND_QA","gp3","0","0","LANGUAGE_UNVERIFIED","0","NO","NO","","English lyrics not established from available text | No usable chord symbols in extracted sheet | Tab-only or empty extracted sheet","73bd080e9eae731f9997b41b5e300852f06ecbab8cf81f6903bfdaf8fcbd4601","GuitarPro_Tabs/Pearl Jam - Mankind.gp3"
"1048","Pearl Jam","MFC","TAB_ONLY_OR_EMPTY","HOLD","PENDING_PARSE_AND_QA","gp3","0","0","LANGUAGE_UNVERIFIED","0","NO","NO","","English lyrics not established from available text | No usable chord symbols in extracted sheet | Tab-only or empty extracted sheet","1af195cf1ddab14305e7a0cd01c09c39482db91f568ad5bf521b3cb3dfa0c7fa","GuitarPro_Tabs/Pearl Jam - MFC.gp3"
"1049","Pearl Jam","No Way","TAB_ONLY_OR_EMPTY","HOLD","PENDING_PARSE_AND_QA","gp3","0","0","LANGUAGE_UNVERIFIED","0","NO","NO","","English lyrics not established from available text | No usable chord symbols in extracted sheet | Tab-only or empty extracted sheet","7469fa96d536447d8e4591876b3e7e296ee24dfe2e1515c7ae0edbd8f7d15cc0","GuitarPro_Tabs/Pearl Jam - No Way.gp3"
"1050","Pearl Jam","Nothing As It Seems","TAB_ONLY_OR_EMPTY","HOLD","PENDING_PARSE_AND_QA","gp3","0","0","LANGUAGE_UNVERIFIED","0","NO","NO","","English lyrics not established from available text | No usable chord symbols in extracted sheet | Tab-only or empty extracted sheet","762e1cfe362111b1f7e391e4d6420171f7571499aae74bae0c23b7956d3a763c","GuitarPro_Tabs/Pearl Jam - Nothing As It Seems.gp3"
"1051","Pearl Jam","nothingman","TRANSPOSE_FAILURE","HOLD","PENDING_PARSE_AND_QA","gpx","6","203","ENGLISH_TEXT_CHECK_PASS","69","NO","YES","","Exact locked transposer fails required round-trip or slash-bass preservation","21a694d079cd2ddb9af4648f38014908b0b1a421907ff9aa8e1abcae3b7b4d7f","Ultimate Guitar com PRO Tabs Site Rip GPX/p/pearl_jam_696/pearl-jam_nothingman-official-3056896.gpx"
"1052","Pearl Jam","Once","TAB_ONLY_OR_EMPTY","HOLD","PENDING_PARSE_AND_QA","gp3","0","0","LANGUAGE_UNVERIFIED","0","NO","NO","","English lyrics not established from available text | No usable chord symbols in extracted sheet | Tab-only or empty extracted sheet","49338fb4e2c8858088aa371a0f4130ed6597ebd11ad102f5c56bbfe651786f7d","GuitarPro_Tabs/Pearl Jam - Once.gp3"
"1053","Pearl Jam","Parting ways","TAB_ONLY_OR_EMPTY","HOLD","PENDING_PARSE_AND_QA","gp3","4","0","LANGUAGE_UNVERIFIED","0","NO","NO","","English lyrics not established from available text | Tab-only or empty extracted sheet","2792c5d8afda939d5112a5892393e2e9850190032720d584f6a20d1e5f770f0f","GuitarPro_Tabs/Pearl Jam - Parting ways.gp3"
"1054","Pearl Jam","Pilate","TAB_ONLY_OR_EMPTY","HOLD","PENDING_PARSE_AND_QA","gp3","0","0","LANGUAGE_UNVERIFIED","0","NO","NO","","English lyrics not established from available text | No usable chord symbols in extracted sheet | Tab-only or empty extracted sheet","bc9278e047fb6b03d8dcc573557dc5f40e8d81a442179ece01cec98d7706cab1","GuitarPro_Tabs/Pearl Jam - Pilate.gp3"
"1055","Pearl Jam","porch","TRANSPOSE_FAILURE","HOLD","PENDING_PARSE_AND_QA","gpx","6","176","ENGLISH_TEXT_CHECK_PASS","23","NO","YES","","Exact locked transposer fails required round-trip or slash-bass preservation","963173c9fb52545769385bcf36d0313c8b2ea4686ec55136f2e935fee0e4113f","Ultimate Guitar com PRO Tabs Site Rip GPX/p/pearl_jam_696/pearl-jam_porch-official-3650876.gpx"
"1056","Pearl Jam","Reaview Mirror","EXISTING_DUPLICATE","EXISTING","PENDING_PARSE_AND_QA","gp4","0","0","LANGUAGE_UNVERIFIED","0","NO","NO","","Parsed title disagrees with proposal title | Existing artist/song or title variant — leave current song unchanged | English lyrics not established from available text | No usable chord symbols in extracted sheet | Tab-only or empty extracted sheet","49aee1077988419c804e6cc99be0650eb96eb51f4ce125e1a8ae7d7d2ace799a","GuitarPro_Tabs/Pearl Jam - Reaview Mirror.gp4"
"1057","Pearl Jam","Red Masquito","TAB_ONLY_OR_EMPTY","HOLD","PENDING_PARSE_AND_QA","gp3","0","0","LANGUAGE_UNVERIFIED","0","NO","NO","","English lyrics not established from available text | No usable chord symbols in extracted sheet | Tab-only or empty extracted sheet","32d692b8eda3bd846d99bb23bd5eda0919dccbf6528e85517fdfca9b6806ba53","GuitarPro_Tabs/Pearl Jam - Red Masquito.gp3"
"1058","Pearl Jam","Red Mosquito (2)","TAB_ONLY_OR_EMPTY","HOLD","PENDING_PARSE_AND_QA","gp4","0","0","LANGUAGE_UNVERIFIED","0","NO","NO","","English lyrics not established from available text | No usable chord symbols in extracted sheet | Tab-only or empty extracted sheet","174f742b20f1aced950495718f66edeece002f05b8fbfd284f142fabdf54e7c0","GuitarPro_Tabs/Pearl Jam - Red Mosquito (2).gp4"
"1059","Pearl Jam","Release","TAB_ONLY_OR_EMPTY","HOLD","PENDING_PARSE_AND_QA","gp3","1","0","LANGUAGE_UNVERIFIED","0","NO","NO","Asus4","English lyrics not established from available text | Locked renderer has no chord shape for: Asus4 | Tab-only or empty extracted sheet","0f3fc631fd8f8d11f8d1348ba39bbba0b2b6d5a1b33b75f4a4fca744ebdf588d","GuitarPro_Tabs/Pearl Jam - Release.gp3"
"1060","Pearl Jam","Satan 's Bed","TAB_ONLY_OR_EMPTY","HOLD","PENDING_PARSE_AND_QA","gp3","0","0","LANGUAGE_UNVERIFIED","0","NO","NO","","English lyrics not established from available text | No usable chord symbols in extracted sheet | Tab-only or empty extracted sheet","b97ec28095c39b642c325b9618318ceebe1576c024e43b51e5ab646977b96458","GuitarPro_Tabs/Pearl Jam - Satan 's Bed.gp3"
"1061","Pearl Jam","Save You","TAB_ONLY_OR_EMPTY","HOLD","PENDING_PARSE_AND_QA","gp3","0","0","LANGUAGE_UNVERIFIED","0","NO","NO","","English lyrics not established from available text | No usable chord symbols in extracted sheet | Tab-only or empty extracted sheet","4f69af50556fe8a6d0b9290168356a5ea884c66ec44a7fe57d6522ca60ee2526","GuitarPro_Tabs/Pearl Jam - Save You.gp3"
"1062","Pearl Jam","sirens","REVIEWABLE_CHORD_SHEET","REVIEWABLE","PENDING_PARSE_AND_QA","gpx","8","347","ENGLISH_TEXT_CHECK_PASS","0","NO","NO","","","4b3c0c61c34071627873de1b3e5f4d41ae84683cbee38b47ad8b38bd6eababed","Ultimate Guitar com PRO Tabs Site Rip GPX/p/pearl_jam_696/pearl-jam_sirens-official-3202565.gpx"
"1063","Pearl Jam","Smile","TAB_ONLY_OR_EMPTY","HOLD","PENDING_PARSE_AND_QA","gp3","0","0","LANGUAGE_UNVERIFIED","0","NO","NO","","English lyrics not established from available text | No usable chord symbols in extracted sheet | Tab-only or empty extracted sheet","943d07abb24c657f5f5e15b3448d7b8ebb6ec12cdc85c4cb64e86aaca7025355","GuitarPro_Tabs/Pearl Jam - Smile.gp3"
"1064","Pearl Jam","Sometimes","TAB_ONLY_OR_EMPTY","HOLD","PENDING_PARSE_AND_QA","gp3","0","0","LANGUAGE_UNVERIFIED","0","NO","NO","","English lyrics not established from available text | No usable chord symbols in extracted sheet | Tab-only or empty extracted sheet","deeccabafef95a82941b8aadaf6c6021fd5ffb3da962f77769377bc496f4eef5","GuitarPro_Tabs/Pearl Jam - Sometimes.gp3"
"1065","Pearl Jam","Spin the black circle","TAB_ONLY_OR_EMPTY","HOLD","PENDING_PARSE_AND_QA","gp3","0","0","LANGUAGE_UNVERIFIED","0","NO","NO","","English lyrics not established from available text | No usable chord symbols in extracted sheet | Tab-only or empty extracted sheet","a51d6dd2a56b61b03cdf2e8b2b07435a93ae4e9594b369d353f3e0f3d95ce153","GuitarPro_Tabs/Pearl Jam - Spin the black circle.gp3"
"1066","Pearl Jam","Thin Air","TAB_ONLY_OR_EMPTY","HOLD","PENDING_PARSE_AND_QA","gp3","0","0","LANGUAGE_UNVERIFIED","0","NO","NO","","English lyrics not established from available text | No usable chord symbols in extracted sheet | Tab-only or empty extracted sheet","88a4432848b44cf940689a00397a9559230dec5dca4c9badd377760a2e94d77a","GuitarPro_Tabs/Pearl Jam - Thin Air.gp3"
"1067","Pearl Jam","Tremor Christ","TAB_ONLY_OR_EMPTY","HOLD","PENDING_PARSE_AND_QA","gp3","0","0","LANGUAGE_UNVERIFIED","0","NO","NO","","English lyrics not established from available text | No usable chord symbols in extracted sheet | Tab-only or empty extracted sheet","d30cf7d3f47b3bc274c73550ffd5668e323663efb0f7d10b07650252f215c357","GuitarPro_Tabs/Pearl Jam - Tremor Christ.gp3"
"1068","Pearl Jam","Unpredictable","TAB_ONLY_OR_EMPTY","HOLD","PENDING_PARSE_AND_QA","gp3","0","0","LANGUAGE_UNVERIFIED","0","NO","NO","","English lyrics not established from available text | No usable chord symbols in extracted sheet | Tab-only or empty extracted sheet","4ef9c25eded17fd4843e2466cff5bbf9a456f0b6d009a2f1d677ffabebdffa82","GuitarPro_Tabs/Pearl Jam - Unpredictable.gp3"
"1069","Pearl Jam","Untitled","TAB_ONLY_OR_EMPTY","HOLD","PENDING_PARSE_AND_QA","gp3","0","0","LANGUAGE_UNVERIFIED","0","NO","NO","","English lyrics not established from available text | No usable chord symbols in extracted sheet | Tab-only or empty extracted sheet","5f6593af27a12ed301e95c5d0532cf5442d9d49a3382db99f112e64148a7cce4","GuitarPro_Tabs/Pearl Jam - Untitled.gp3"
"1070","Pearl Jam","Why Go","TAB_ONLY_OR_EMPTY","HOLD","PENDING_PARSE_AND_QA","gp4","0","0","LANGUAGE_UNVERIFIED","0","NO","NO","","English lyrics not established from available text | No usable chord symbols in extracted sheet | Tab-only or empty extracted sheet","2fc12723aa50f82bc6f3a543f42224cc676ed8ab8ba2c9c7c2797157d1441eef","GuitarPro_Tabs/Pearl Jam - Why Go.gp4"
"1071","Pearl Jam","wishlist","REVIEWABLE_CHORD_SHEET","REVIEWABLE","PENDING_PARSE_AND_QA","gpx","3","199","ENGLISH_TEXT_CHECK_PASS","0","NO","NO","","","a1a219141bc71e866d8e38ff66558eb0c74609ea25d6cc40f96fe7c0d1f50474","Ultimate Guitar com PRO Tabs Site Rip GPX/p/pearl_jam_696/pearl-jam_wishlist-official-2511960.gpx"
"1072","Pearl Jam","yellow ledbetter","REVIEWABLE_CHORD_SHEET","REVIEWABLE","PENDING_PARSE_AND_QA","gpx","3","240","ENGLISH_TEXT_CHECK_PASS","0","NO","NO","","","b66d44f195f9fffd3ef5ff288d99e635ae68f17860642691b672b3b6ca674bad","Ultimate Guitar com PRO Tabs Site Rip GPX/p/pearl_jam_696/pearl-jam_yellow-ledbetter-official-2424131.gpx"
"1073","Peter Frampton","baby i love your way","TRANSPOSE_FAILURE","HOLD","PENDING_PARSE_AND_QA","gpx","12","242","ENGLISH_TEXT_CHECK_PASS","46","YES","YES","","Parsed title disagrees with proposal title | Exact locked transposer fails required round-trip or slash-bass preservation","067b864360a6e197e0fdc3b5724e83b390814d9313708dbc46b0f296a8831f82","Ultimate Guitar com PRO Tabs Site Rip GPX/p/peter_frampton_10303/peter-frampton_baby-i-love-your-way-official-2705067.gpx"
"1074","Peter Gabriel","in your eyes","TRANSPOSE_FAILURE","HOLD","PENDING_PARSE_AND_QA","gpx","7","289","ENGLISH_TEXT_CHECK_PASS","46","NO","YES","","Exact locked transposer fails required round-trip or slash-bass preservation","5d4a34f91858b5110b562c2a99b45d0b8388f623072a5291e619072f0cc8322b","Ultimate Guitar com PRO Tabs Site Rip GPX/p/peter_gabriel_10343/peter-gabriel_in-your-eyes-official-3037488.gpx"
"1075","Peter Gabriel","start","TAB_ONLY_OR_EMPTY","HOLD","PENDING_PARSE_AND_QA","gpx","0","0","LANGUAGE_UNVERIFIED","0","NO","NO","","English lyrics not established from available text | No usable chord symbols in extracted sheet | Tab-only or empty extracted sheet","77c6e33637ec0f4ccffc1d343675f844ce96e8f3bb63ad2cde85ce7f7f9e04a8","Ultimate Guitar com PRO Tabs Site Rip GPX/p/peter_gabriel_10343/peter-gabriel_start-official-2298595.gpx"
"1076","Pink Floyd","allons y 1","TAB_ONLY_OR_EMPTY","HOLD","PENDING_PARSE_AND_QA","gpx","4","0","LANGUAGE_UNVERIFIED","23","NO","YES","","Parsed title disagrees with proposal title | English lyrics not established from available text | Tab-only or empty extracted sheet | Exact locked transposer fails required round-trip or slash-bass preservation","b23f1ae2d02b943e54e434a029d62fd315fb36f87cff0886b9a2464f0a09ca03","Ultimate Guitar com PRO Tabs Site Rip GPX/p/pink_floyd_684/pink-floyd_allons-y-1-official-2286151.gpx"
"1077","Pink Floyd","allons y 2","TAB_ONLY_OR_EMPTY","HOLD","PENDING_PARSE_AND_QA","gpx","7","0","LANGUAGE_UNVERIFIED","69","NO","YES","","Parsed title disagrees with proposal title | English lyrics not established from available text | Tab-only or empty extracted sheet | Exact locked transposer fails required round-trip or slash-bass preservation","bd765384391188de114be6a81158fdd98ba6ee8b1841585e18b0ef169478e115","Ultimate Guitar com PRO Tabs Site Rip GPX/p/pink_floyd_684/pink-floyd_allons-y-2-official-2290547.gpx"
"1078","Pink Floyd","Another Brick In the Wall (Part II)","EXISTING_DUPLICATE","EXISTING","PENDING_PARSE_AND_QA","gp3","0","0","LANGUAGE_UNVERIFIED","0","NO","NO","","Existing artist/song or title variant — leave current song unchanged | Possible existing song or alternate title: Pink Floyd — Another Brick in the Wall (Part 3); Pink Floyd — Another Brick in the Wall (Part I) | Similar proposed title also exists in this queue; choose at most one after identity review. | English lyrics not established from available text | No usable chord symbols in extracted sheet | Tab-only or empty extracted sheet","8d36c47e163ce7646e8caa6703657d9c829580c02bb1026450f787aa5b7490c5","GuitarPro_Tabs/Pink Floyd - Another Brick In the Wall (Part II).gp3"
"1079","Pink Floyd","Another Brick in the Wall (Part III)","EXISTING_DUPLICATE","EXISTING","PENDING_PARSE_AND_QA","gp3","0","0","LANGUAGE_UNVERIFIED","0","NO","NO","","Existing artist/song or title variant — leave current song unchanged | Possible existing song or alternate title: Pink Floyd — Another Brick in the Wall (Part 3); Pink Floyd — Another Brick in the Wall (Part I) | Similar proposed title also exists in this queue; choose at most one after identity review. | English lyrics not established from available text | No usable chord symbols in extracted sheet | Tab-only or empty extracted sheet","2860ab5b891e1a897c6994e88f73429a39f309c12ba87ae35488f1d7646558cf","GuitarPro_Tabs/Pink Floyd - Another Brick in the Wall (Part III).gp3"
"1080","Pink Floyd","another brick in the wall part 2","TRANSPOSE_FAILURE","HOLD","PENDING_PARSE_AND_QA","gpx","7","126","ENGLISH_TEXT_CHECK_PASS","69","NO","YES","","Exact locked transposer fails required round-trip or slash-bass preservation","24bc97e5c1c00e0de70163b32d23f15b4d38d80ed195611344b75604c93b37fb","Ultimate Guitar com PRO Tabs Site Rip GPX/p/pink_floyd_684/pink-floyd_another-brick-in-the-wall-part-2-official-1963511.gpx"
"1081","Pink Floyd","Another brick in the walll (Part III)","EXISTING_DUPLICATE","EXISTING","PENDING_PARSE_AND_QA","gp3","0","0","LANGUAGE_UNVERIFIED","0","NO","NO","","Parsed title disagrees with proposal title | Existing artist/song or title variant — leave current song unchanged | English lyrics not established from available text | No usable chord symbols in extracted sheet | Tab-only or empty extracted sheet","1985a59d73cab45cec0fe498b1364bc290979545c7301fa9c852476558ad900b","GuitarPro_Tabs/Pink Floyd - Another brick in the walll (Part III).gp3"
"1082","Pink Floyd","Another Brik in the Wall Part I","TAB_ONLY_OR_EMPTY","HOLD","PENDING_PARSE_AND_QA","gp3","0","0","LANGUAGE_UNVERIFIED","0","NO","NO","","English lyrics not established from available text | No usable chord symbols in extracted sheet | Tab-only or empty extracted sheet","261a61937a2c713e35b1960669a9ba4a615aeb9c0a25e5dbf28c5024e3c51d54","GuitarPro_Tabs/Pink Floyd - Another Brik in the Wall Part I.gp3"
"1083","Pink Floyd","any colour you like","TAB_ONLY_OR_EMPTY","HOLD","PENDING_PARSE_AND_QA","gpx","8","0","LANGUAGE_UNVERIFIED","0","NO","YES","","English lyrics not established from available text | Tab-only or empty extracted sheet","4725679b29921e859683e5661c8a720c9dff5a092608745240070c7af9736ffa","Ultimate Guitar com PRO Tabs Site Rip GPX/p/pink_floyd_684/pink-floyd_any-colour-you-like-official-3171350.gpx"
"1084","Pink Floyd","Arnold Layne (2)","TAB_ONLY_OR_EMPTY","HOLD","PENDING_PARSE_AND_QA","gp4","5","0","LANGUAGE_UNVERIFIED","0","NO","NO","","English lyrics not established from available text | Tab-only or empty extracted sheet","c2d81c5135fdab8ed8a8a0b9185c8d651be3c0d2a23d8d926137efda9450a710","GuitarPro_Tabs/Pink Floyd - Arnold Layne (2).gp4"
"1085","Pink Floyd","Atom Heart Mother","TAB_ONLY_OR_EMPTY","HOLD","PENDING_PARSE_AND_QA","gp3","14","0","LANGUAGE_UNVERIFIED","88","YES","YES","G#m | A# | D# | C6 | A#6","English lyrics not established from available text | Locked renderer has no chord shape for: G#m, A#, D#, C6, A#6 | Tab-only or empty extracted sheet | Exact locked transposer fails required round-trip or slash-bass preservation","49ce2aec8da5b225b2040812809d438d128d85980de66faf8355c661815054b4","GuitarPro_Tabs/Pink Floyd - Atom Heart Mother.gp3"
"1086","Pink Floyd","autumn 68","TAB_ONLY_OR_EMPTY","HOLD","PENDING_PARSE_AND_QA","gpx","5","0","LANGUAGE_UNVERIFIED","23","NO","YES","","English lyrics not established from available text | Tab-only or empty extracted sheet | Exact locked transposer fails required round-trip or slash-bass preservation","c07a5ece88a7218d8f76a1dd02417383f8782958f9ba0304e4e45d6c5b3d6860","Ultimate Guitar com PRO Tabs Site Rip GPX/p/pink_floyd_684/pink-floyd_autumn-68-official-2284683.gpx"
"1087","Pink Floyd","Careful with that Axe, Eugene","TAB_ONLY_OR_EMPTY","HOLD","PENDING_PARSE_AND_QA","gp3","0","0","LANGUAGE_UNVERIFIED","0","NO","NO","","English lyrics not established from available text | No usable chord symbols in extracted sheet | Tab-only or empty extracted sheet","daca69cfa8a482d4bd99f787bd3a15d40bbbdd8de3f8867bfd8856f3c95f88d4","GuitarPro_Tabs/Pink Floyd - Careful with that Axe, Eugene.gp3"
"1088","Pink Floyd","Carefull with that axe Eugene","TAB_ONLY_OR_EMPTY","HOLD","PENDING_PARSE_AND_QA","gp3","0","0","LANGUAGE_UNVERIFIED","0","NO","NO","","English lyrics not established from available text | No usable chord symbols in extracted sheet | Tab-only or empty extracted sheet","474555e7381cfb8675ad3a6c660d093c6e2dbeccda99c09d35b22bd527093ae6","GuitarPro_Tabs/Pink Floyd - Carefull with that axe Eugene.gp3"
"1089","Pink Floyd","Celestial Voice","TAB_ONLY_OR_EMPTY","HOLD","PENDING_PARSE_AND_QA","gp3","0","0","LANGUAGE_UNVERIFIED","0","NO","NO","","English lyrics not established from available text | No usable chord symbols in extracted sheet | Tab-only or empty extracted sheet","79f776f5d4e2c96e564a1e8680a7cd0d4176d45a4bf30a653ed344edde2497e3","GuitarPro_Tabs/Pink Floyd - Celestial Voice.gp3"
"1090","Pink Floyd","cluster one","TAB_ONLY_OR_EMPTY","HOLD","PENDING_PARSE_AND_QA","gpx","4","0","LANGUAGE_UNVERIFIED","0","NO","NO","","English lyrics not established from available text | Tab-only or empty extracted sheet","7063e6514e5aecd3cea1fb08c17112fc4d1314fbfc7d3a7fab1623f2b129dc99","Ultimate Guitar com PRO Tabs Site Rip GPX/p/pink_floyd_684/pink-floyd_cluster-one-official-2256125.gpx"
"1091","Pink Floyd","Comfortably Numb (solo)","EXISTING_DUPLICATE","EXISTING","PENDING_PARSE_AND_QA","gp3","0","0","LANGUAGE_UNVERIFIED","0","NO","NO","","Existing artist/song or title variant — leave current song unchanged | Possible existing song or alternate title: Pink Floyd — Comfortably Numb | May be a medley, fragment or exercise; full-song identity needs confirmation. | English lyrics not established from available text | No usable chord symbols in extracted sheet | Tab-only or empty extracted sheet","9cbd5a423e46f578d16bd03e9b96ecf61d35b43d3ae5bda0ab77ce55b458a638","GuitarPro_Tabs/Pink Floyd - Comfortably Numb (solo).gp3"
"1092","Pink Floyd","Crumbling Land","TAB_ONLY_OR_EMPTY","HOLD","UNAVAILABLE_SOURCE","gp3","0","196","ENGLISH_TEXT_CHECK_PASS","0","NO","NO","","No usable chord symbols in extracted sheet","168842740a76ed80dba360b389c1cc576b313044320c2af0db105cf5e57d7d70","GuitarPro_Tabs/Pink Floyd - Crumbling Land.gp3"
"1093","Pink Floyd","Crying song","TAB_ONLY_OR_EMPTY","HOLD","PENDING_PARSE_AND_QA","gp3","0","0","LANGUAGE_UNVERIFIED","0","NO","NO","","English lyrics not established from available text | No usable chord symbols in extracted sheet | Tab-only or empty extracted sheet","a139076811c6a9eec18067361943bba4fe40a7369fdb77e776e93c3f3b73474f","GuitarPro_Tabs/Pink Floyd - Crying song.gp3"
"1094","Pink Floyd","Dogs of War Solo","TAB_ONLY_OR_EMPTY","HOLD","PENDING_PARSE_AND_QA","gp3","0","0","LANGUAGE_UNVERIFIED","0","NO","NO","","May be a medley, fragment or exercise; full-song identity needs confirmation. | English lyrics not established from available text | No usable chord symbols in extracted sheet | Tab-only or empty extracted sheet","1106921e8efdaf7c9e75794844c263dbcd7eb4c945f8aa1d440425ee4c800fe8","GuitarPro_Tabs/Pink Floyd - Dogs of War Solo.gp3"
"1095","Pink Floyd","Echoes (2)","TAB_ONLY_OR_EMPTY","HOLD","PENDING_PARSE_AND_QA","gp3","20","0","LANGUAGE_UNVERIFIED","178","YES","YES","","English lyrics not established from available text | Tab-only or empty extracted sheet | Exact locked transposer fails required round-trip or slash-bass preservation","5a4ab4b6033eeee8979c896019b519701f3147dfa26d4a326d6063f0dc535a71","GuitarPro_Tabs/Pink Floyd - Echoes (2).gp3"
"1096","Pink Floyd","echoes part 1","TRANSPOSE_FAILURE","HOLD","PENDING_PARSE_AND_QA","gpx","11","166","ENGLISH_TEXT_CHECK_PASS","88","YES","NO","","Exact locked transposer fails required round-trip or slash-bass preservation","3c92a4fb4d8c226d81b2ed62c876fa8350c75090c7e8e71f1b862dd955dbae56","Ultimate Guitar com PRO Tabs Site Rip GPX/p/pink_floyd_684/pink-floyd_echoes-part-1-official-2494044.gpx"
"1097","Pink Floyd","Embryo","TAB_ONLY_OR_EMPTY","HOLD","PENDING_PARSE_AND_QA","gp3","0","0","LANGUAGE_UNVERIFIED","0","NO","NO","","English lyrics not established from available text | No usable chord symbols in extracted sheet | Tab-only or empty extracted sheet","ffb66acac3c398f43bf0abcbdc5a2e4df67fe0c81297e480e4b8d04988bb8e69","GuitarPro_Tabs/Pink Floyd - Embryo.gp3"
"1098","Pink Floyd","Empty Spaces (What Shall We Do Now)","EXISTING_DUPLICATE","EXISTING","PENDING_PARSE_AND_QA","gp3","0","0","LANGUAGE_UNVERIFIED","0","NO","NO","","Parsed title disagrees with proposal title | Existing artist/song or title variant — leave current song unchanged | Possible existing song or alternate title: Pink Floyd — Empty Spaces | English lyrics not established from available text | No usable chord symbols in extracted sheet | Tab-only or empty extracted sheet","7baea454e5e27b549b518f90ee8788dc5e0eaf96008c413d730ed86f87928322","GuitarPro_Tabs/Pink Floyd - Empty Spaces (What Shall We Do Now).gp3"
"1099","Pink Floyd","eyes to pearls","TAB_ONLY_OR_EMPTY","HOLD","PENDING_PARSE_AND_QA","gpx","2","0","LANGUAGE_UNVERIFIED","0","NO","NO","","English lyrics not established from available text | Tab-only or empty extracted sheet","d8404d97d148449723cdd7bb8e84c1eb5a9df0813cdf60db8d1910a024b74c22","Ultimate Guitar com PRO Tabs Site Rip GPX/p/pink_floyd_684/pink-floyd_eyes-to-pearls-official-2288289.gpx"
"1100","Pink Floyd","fearless","TRANSPOSE_FAILURE","HOLD","PENDING_PARSE_AND_QA","gpx","7","136","ENGLISH_TEXT_CHECK_PASS","45","NO","YES","","Exact locked transposer fails required round-trip or slash-bass preservation","7ed7638798066f004e32c07c77fd4213887d54345bc126572eee15f8c2582579","Ultimate Guitar com PRO Tabs Site Rip GPX/p/pink_floyd_684/pink-floyd_fearless-official-2942651.gpx"
"1101","Pink Floyd","Flaming Live '73","TAB_ONLY_OR_EMPTY","HOLD","PENDING_PARSE_AND_QA","gp3","0","0","LANGUAGE_UNVERIFIED","0","NO","NO","","Parsed title disagrees with proposal title | English lyrics not established from available text | No usable chord symbols in extracted sheet | Tab-only or empty extracted sheet","af003802f2302737c3d515656e3759c161da3f345822d1448b5997b7f7faecfe","GuitarPro_Tabs/Pink Floyd - Flaming Live '73.gp3"
"1102","Pink Floyd","Goodbye ble sky","EXISTING_DUPLICATE","EXISTING","PENDING_PARSE_AND_QA","gp3","0","0","LANGUAGE_UNVERIFIED","0","NO","NO","","Parsed title disagrees with proposal title | Existing artist/song or title variant — leave current song unchanged | English lyrics not established from available text | No usable chord symbols in extracted sheet | Tab-only or empty extracted sheet","ba5c64b93eb8a7f912610d8ab927d2eea15d2ea9af600636714c7c4199e6974a","GuitarPro_Tabs/Pink Floyd - Goodbye ble sky.gp3"
"1103","Pink Floyd","Grantchester Meadows","TAB_ONLY_OR_EMPTY","HOLD","PENDING_PARSE_AND_QA","gp3","0","0","LANGUAGE_UNVERIFIED","0","NO","NO","","English lyrics not established from available text | No usable chord symbols in extracted sheet | Tab-only or empty extracted sheet","b29552e96334563b376a7deb72cfc5ebeb16544c7dd5556b59efe9558293aa09","GuitarPro_Tabs/Pink Floyd - Grantchester Meadows.gp3"
"1104","Pink Floyd","if","REVIEWABLE_CHORD_SHEET","REVIEWABLE","PENDING_PARSE_AND_QA","gpx","5","163","ENGLISH_TEXT_CHECK_PASS","0","NO","NO","","","ec73b36798b4a94710d7fdbe83275c6b93a8118f3144fa78237c2bbfb52965cd","Ultimate Guitar com PRO Tabs Site Rip GPX/p/pink_floyd_684/pink-floyd_if-official-2182519.gpx"
"1105","Pink Floyd","interstellar overdrive","TAB_ONLY_OR_EMPTY","HOLD","PENDING_PARSE_AND_QA","gpx","9","0","LANGUAGE_UNVERIFIED","44","YES","NO","","English lyrics not established from available text | Tab-only or empty extracted sheet | Exact locked transposer fails required round-trip or slash-bass preservation","3a7765e2e59d0b6151ae556673e408fc98f3b80cc26ea73f3664294907171c93","Ultimate Guitar com PRO Tabs Site Rip GPX/p/pink_floyd_684/pink-floyd_interstellar-overdrive-official-3817409.gpx"
"1106","Pink Floyd","Just another twelve bar","TAB_ONLY_OR_EMPTY","HOLD","PENDING_PARSE_AND_QA","gp3","0","0","LANGUAGE_UNVERIFIED","0","NO","NO","","English lyrics not established from available text | No usable chord symbols in extracted sheet | Tab-only or empty extracted sheet","f922a3242e36274b42ee14de1ea83c542a55cbf619380dc031a48bb25a58498c","GuitarPro_Tabs/Pink Floyd - Just another twelve bar.gp3"
"1107","Pink Floyd","Let there be more light","TAB_ONLY_OR_EMPTY","HOLD","PENDING_PARSE_AND_QA","gp3","0","0","LANGUAGE_UNVERIFIED","0","NO","NO","","English lyrics not established from available text | No usable chord symbols in extracted sheet | Tab-only or empty extracted sheet","ee5b12a05b437642f1212fe313653f4c5dc9483fa71235f89b9b696dd8ee5134","GuitarPro_Tabs/Pink Floyd - Let there be more light.gp3"
"1108","Pink Floyd","Long Gone","TAB_ONLY_OR_EMPTY","HOLD","PENDING_PARSE_AND_QA","gp3","0","0","LANGUAGE_UNVERIFIED","0","NO","NO","","English lyrics not established from available text | No usable chord symbols in extracted sheet | Tab-only or empty extracted sheet","be48aea74e019bc2ef6b484668f513387db135ae0896883bc9cff01347461d68","GuitarPro_Tabs/Pink Floyd - Long Gone.gp3"
"1109","Pink Floyd","marooned","TAB_ONLY_OR_EMPTY","HOLD","PENDING_PARSE_AND_QA","gpx","6","0","LANGUAGE_UNVERIFIED","0","NO","NO","","English lyrics not established from available text | Tab-only or empty extracted sheet","17f26dac4840e0d0a8dc860d14eac5616e57edaff16e8b0588d864c45493be67","Ultimate Guitar com PRO Tabs Site Rip GPX/p/pink_floyd_684/pink-floyd_marooned-official-2856947.gpx"
"1110","Pink Floyd","Money (2)","TAB_ONLY_OR_EMPTY","HOLD","UNAVAILABLE_SOURCE","gp3","0","8","LANGUAGE_UNVERIFIED","0","NO","NO","","English lyrics not established from available text | No usable chord symbols in extracted sheet","c63a62febe3d57c0ca313ffd40933d90363fc467bddc609767c7aabca4681316","GuitarPro_Tabs/Pink Floyd - Money (2).gp3"
"1111","Pink Floyd","more blues","TAB_ONLY_OR_EMPTY","HOLD","PENDING_PARSE_AND_QA","gpx","3","0","LANGUAGE_UNVERIFIED","0","NO","NO","","English lyrics not established from available text | Tab-only or empty extracted sheet","96b7fd7e943730d7c77841e4e6bf56ef8be841d6d03cd292664996979f56be0f","Ultimate Guitar com PRO Tabs Site Rip GPX/p/pink_floyd_684/pink-floyd_more-blues-official-2207899.gpx"
"1112","Pink Floyd","obscured by clouds","TAB_ONLY_OR_EMPTY","HOLD","PENDING_PARSE_AND_QA","gpx","1","0","LANGUAGE_UNVERIFIED","0","NO","NO","","English lyrics not established from available text | Tab-only or empty extracted sheet","070f221b2fb5ae60d0db5ce5059353f91a5841f72c3b7539c286e4c2c16d0db1","Ultimate Guitar com PRO Tabs Site Rip GPX/p/pink_floyd_684/pink-floyd_obscured-by-clouds-official-2267017.gpx"
"1113","Pink Floyd","one of these days","LANGUAGE_UNVERIFIED","HOLD","PENDING_PARSE_AND_QA","gpx","2","14","LANGUAGE_UNVERIFIED","0","NO","NO","","English lyrics not established from available text","1e06d9bf398f3624f8c805bd1e607d2e4627d15ade68f7db2f962c7e55695382","Ultimate Guitar com PRO Tabs Site Rip GPX/p/pink_floyd_684/pink-floyd_one-of-these-days-official-2930546.gpx"
"1114","Pink Floyd","One of these days live interlude","TAB_ONLY_OR_EMPTY","HOLD","PENDING_PARSE_AND_QA","gp3","0","0","LANGUAGE_UNVERIFIED","0","NO","NO","","English lyrics not established from available text | No usable chord symbols in extracted sheet | Tab-only or empty extracted sheet","fcc9f8d13c5f432d9a0bfe5bcdcf340041b4a50d04eaaeb8541022d1cb220695","GuitarPro_Tabs/Pink Floyd - One of these days live interlude.gp3"
"1115","Pink Floyd","Pigs 3 different ones Bass intro","TAB_ONLY_OR_EMPTY","HOLD","PENDING_PARSE_AND_QA","gp3","0","0","LANGUAGE_UNVERIFIED","0","NO","NO","","Parsed title disagrees with proposal title | May be a medley, fragment or exercise; full-song identity needs confirmation. | English lyrics not established from available text | No usable chord symbols in extracted sheet | Tab-only or empty extracted sheet","cecd3d17e1b55d891632f7a3271fdce5988acbc4353f46e66b2daed783530b2f","GuitarPro_Tabs/Pink Floyd - Pigs 3 different ones Bass intro.gp3"
"1116","Pink Floyd","Pink Floyd-Comfortably Numb (solo)","EXISTING_DUPLICATE","EXISTING","PENDING_PARSE_AND_QA","gp3","0","0","LANGUAGE_UNVERIFIED","0","NO","NO","","Parsed title disagrees with proposal title | Existing artist/song or title variant — leave current song unchanged | Artist name appears inside the source title. | Possible existing song or alternate title: Pink Floyd — Comfortably Numb | May be a medley, fragment or exercise; full-song identity needs confirmation. | English lyrics not established from available text | No usable chord symbols in extracted sheet | Tab-only or empty extracted sheet","50b2e1e1a852dd9718c81f55b4c06f4a7f2aafec06ef1d159ec65290ef9283d0","GuitarPro_Tabs/Pink Floyd - Pink Floyd-Comfortably Numb (solo).gp3"
"1117","Pink Floyd","Point me at the sky","TAB_ONLY_OR_EMPTY","HOLD","PENDING_PARSE_AND_QA","gp3","0","0","LANGUAGE_UNVERIFIED","0","NO","NO","","English lyrics not established from available text | No usable chord symbols in extracted sheet | Tab-only or empty extracted sheet","cb428167662f375eed51b682260eda87fd001f2b3f41dd56159799a9fbf6bade","GuitarPro_Tabs/Pink Floyd - Point me at the sky.gp3"
"1118","Pink Floyd","Round and Around","TAB_ONLY_OR_EMPTY","HOLD","PENDING_PARSE_AND_QA","gp3","0","0","LANGUAGE_UNVERIFIED","0","NO","NO","","English lyrics not established from available text | No usable chord symbols in extracted sheet | Tab-only or empty extracted sheet","ed171c69c7f44f722548f662932777c4a60166f75c986c18fa55e81fb95a1d3a","GuitarPro_Tabs/Pink Floyd - Round and Around.gp3"
"1119","Pink Floyd","san tropez","REVIEWABLE_CHORD_SHEET","REVIEWABLE","PENDING_PARSE_AND_QA","gpx","7","236","ENGLISH_TEXT_CHECK_PASS","0","NO","YES","","","cde8dcb0f1d3c2cc67d85e0a7c16832756212ced789c3f1cf7c5ce2206829012","Ultimate Guitar com PRO Tabs Site Rip GPX/p/pink_floyd_684/pink-floyd_san-tropez-official-2484149.gpx"
"1120","Pink Floyd","See Emily Play","TAB_ONLY_OR_EMPTY","HOLD","PENDING_PARSE_AND_QA","gp4","3","0","LANGUAGE_UNVERIFIED","0","NO","YES","C7M","English lyrics not established from available text | Locked renderer has no chord shape for: C7M | Tab-only or empty extracted sheet","fada3e665a3ac2f0eecaa698a7c432c61d81a25297c20ae78acb1c5bef169354","GuitarPro_Tabs/Pink Floyd - See Emily Play.gp4"
"1121","Pink Floyd","Set the controls for the heart of the sun","TAB_ONLY_OR_EMPTY","HOLD","PENDING_PARSE_AND_QA","gp3","0","0","LANGUAGE_UNVERIFIED","0","NO","NO","","English lyrics not established from available text | No usable chord symbols in extracted sheet | Tab-only or empty extracted sheet","6087c507278c8b0cd5ee65fa666c434b21f50eab28cf6f7fa374927f4afe7512","GuitarPro_Tabs/Pink Floyd - Set the controls for the heart of the sun.gp3"
"1122","Pink Floyd","sheep","REVIEWABLE_CHORD_SHEET","REVIEWABLE","PENDING_PARSE_AND_QA","gpx","11","190","ENGLISH_TEXT_CHECK_PASS","0","YES","NO","","","10966cc0a67fccc83a72ff580395a74c25212d30f1682e321db5787b4f97a287","Ultimate Guitar com PRO Tabs Site Rip GPX/p/pink_floyd_684/pink-floyd_sheep-official-3067121.gpx"
"1123","Pink Floyd","Shine On You Crazy Diamon (Parts I-V)","EXISTING_DUPLICATE","EXISTING","PENDING_PARSE_AND_QA","gp3","0","0","LANGUAGE_UNVERIFIED","0","NO","NO","","Parsed title disagrees with proposal title | Existing artist/song or title variant — leave current song unchanged | English lyrics not established from available text | No usable chord symbols in extracted sheet | Tab-only or empty extracted sheet","7c827144e84ca51d8b99aa82f405632785ade5a2cce8b598e7c2e879786556f0","GuitarPro_Tabs/Pink Floyd - Shine On You Crazy Diamon (Parts I-V).gp3"
"1124","Pink Floyd","Shine On You Crazy Diamond part 2","TAB_ONLY_OR_EMPTY","HOLD","PENDING_PARSE_AND_QA","gp3","0","0","LANGUAGE_UNVERIFIED","0","NO","NO","","English lyrics not established from available text | No usable chord symbols in extracted sheet | Tab-only or empty extracted sheet","85722cc81e44b25524425689541b9be3f3f05b8f0e82393258d579073bfc0823","GuitarPro_Tabs/Pink Floyd - Shine On You Crazy Diamond part 2.gp3"
"1125","Pink Floyd","Shine On You Crazy Diamond part 3","TAB_ONLY_OR_EMPTY","HOLD","PENDING_PARSE_AND_QA","gp3","0","0","LANGUAGE_UNVERIFIED","0","NO","NO","","English lyrics not established from available text | No usable chord symbols in extracted sheet | Tab-only or empty extracted sheet","dd068b388f1a0e968b32eb448ac83c498626bad0e7645db1f24469f2bebc40b3","GuitarPro_Tabs/Pink Floyd - Shine On You Crazy Diamond part 3.gp3"
"1126","Pink Floyd","Shine On You Crazy Diamond part 4","TAB_ONLY_OR_EMPTY","HOLD","PENDING_PARSE_AND_QA","gp3","0","0","LANGUAGE_UNVERIFIED","0","NO","NO","","English lyrics not established from available text | No usable chord symbols in extracted sheet | Tab-only or empty extracted sheet","17513b7155118ca0cc0409cca9d8b3a90af6ddd5ec5284540f928a4cd3fb9167","GuitarPro_Tabs/Pink Floyd - Shine On You Crazy Diamond part 4.gp3"
"1127","Pink Floyd","Shine On You Crazy Diamond part 6","TAB_ONLY_OR_EMPTY","HOLD","PENDING_PARSE_AND_QA","gp3","10","0","LANGUAGE_UNVERIFIED","46","YES","YES","","English lyrics not established from available text | Tab-only or empty extracted sheet | Exact locked transposer fails required round-trip or slash-bass preservation","e63484040161d7eff7dd7bc1a1496f0e5e85e82d4b3054d07c4e0ad532f07568","GuitarPro_Tabs/Pink Floyd - Shine On You Crazy Diamond part 6.gp3"
"1128","Pink Floyd","Shine On You Crazy Diamond part 8","TAB_ONLY_OR_EMPTY","HOLD","PENDING_PARSE_AND_QA","gp3","5","0","LANGUAGE_UNVERIFIED","23","NO","YES","","English lyrics not established from available text | Tab-only or empty extracted sheet | Exact locked transposer fails required round-trip or slash-bass preservation","41f6ac190124e17505c3a6241335de305460ab02b0dfc467a66003059e30fa0f","GuitarPro_Tabs/Pink Floyd - Shine On You Crazy Diamond part 8.gp3"
"1129","Pink Floyd","Shine On You Crazy Diamond part 9","TAB_ONLY_OR_EMPTY","HOLD","PENDING_PARSE_AND_QA","gp3","7","0","LANGUAGE_UNVERIFIED","46","NO","YES","","English lyrics not established from available text | Tab-only or empty extracted sheet | Exact locked transposer fails required round-trip or slash-bass preservation","48d691e2cca0f68d65808549bbd981715cd1736e048667ec3692f2eafe595e57","GuitarPro_Tabs/Pink Floyd - Shine On You Crazy Diamond part 9.gp3"
"1130","Pink Floyd","shine on you crazy diamond part vi ix","TRANSPOSE_FAILURE","HOLD","PENDING_PARSE_AND_QA","gpx","20","81","ENGLISH_TEXT_CHECK_PASS","115","YES","YES","","Exact locked transposer fails required round-trip or slash-bass preservation","e3a47967f8ae162004445b6f3eedfe81e105a3583f5716022bf190e373232f42","Ultimate Guitar com PRO Tabs Site Rip GPX/p/pink_floyd_684/pink-floyd_shine-on-you-crazy-diamond-part-vi-ix-official-3452654.gpx"
"1131","Pink Floyd","Signs Of Life (2)","TAB_ONLY_OR_EMPTY","HOLD","PENDING_PARSE_AND_QA","gp4","0","0","LANGUAGE_UNVERIFIED","0","NO","NO","","English lyrics not established from available text | No usable chord symbols in extracted sheet | Tab-only or empty extracted sheet","ee5aafb0474c10e207683086da543e32510910303a3db99ab4cc9d507ae2fc09","GuitarPro_Tabs/Pink Floyd - Signs Of Life (2).gp4"
"1132","Pink Floyd","sorrow","IDENTITY_DIAGRAM_OR_OTHER_HOLD","HOLD","PENDING_PARSE_AND_QA","gpx","9","225","ENGLISH_TEXT_CHECK_PASS","0","YES","YES","","Similar proposed title also exists in this queue; choose at most one after identity review.","2acf7340adaf09f124f319329831a9acb95c631a54542e9fd9db9676d72b6d49","Ultimate Guitar com PRO Tabs Site Rip GPX/p/pink_floyd_684/pink-floyd_sorrow-official-2932403.gpx"
"1133","Pink Floyd","Sorrow (live bass only)","TAB_ONLY_OR_EMPTY","HOLD","PENDING_PARSE_AND_QA","gp3","0","0","LANGUAGE_UNVERIFIED","0","NO","NO","","Similar proposed title also exists in this queue; choose at most one after identity review. | English lyrics not established from available text | No usable chord symbols in extracted sheet | Tab-only or empty extracted sheet","7982c0d7466733cfbbe155e1295de21eab33ed607734e4abdbd42b9f9eb5c6e2","GuitarPro_Tabs/Pink Floyd - Sorrow (live bass only).gp3"
"1134","Pink Floyd","The Final Cut","TAB_ONLY_OR_EMPTY","HOLD","PENDING_PARSE_AND_QA","gp3","0","0","LANGUAGE_UNVERIFIED","0","NO","NO","","English lyrics not established from available text | No usable chord symbols in extracted sheet | Tab-only or empty extracted sheet","31cea33d795fd7d48424745477d721ba8022d62b2d8bc46dad6d4bca0b51b164","GuitarPro_Tabs/Pink Floyd - The Final Cut.gp3"
"1135","Pink Floyd","The Happiest Days in our Lives","TAB_ONLY_OR_EMPTY","HOLD","PENDING_PARSE_AND_QA","gp3","0","0","LANGUAGE_UNVERIFIED","0","NO","NO","","English lyrics not established from available text | No usable chord symbols in extracted sheet | Tab-only or empty extracted sheet","92a5c1e3a74be7c2f72fd25d2b4175d8dfff318811de7466fe2eb311342de88c","GuitarPro_Tabs/Pink Floyd - The Happiest Days in our Lives.gp3"
"1136","Pink Floyd","the happiest days of our lives","REVIEWABLE_CHORD_SHEET","REVIEWABLE","PENDING_PARSE_AND_QA","gpx","9","90","ENGLISH_TEXT_CHECK_PASS","0","YES","NO","","","136276b7ed3163d806b28352f71f4a74384e61c5f781d8cf10774d027c3c8b9c","Ultimate Guitar com PRO Tabs Site Rip GPX/p/pink_floyd_684/pink-floyd_the-happiest-days-of-our-lives-official-2110951.gpx"
"1137","Pink Floyd","The Happiest Days Of Our Lives - Another Brick In The Wall (Part 2)","TAB_ONLY_OR_EMPTY","HOLD","PENDING_PARSE_AND_QA","gp3","2","0","LANGUAGE_UNVERIFIED","0","NO","YES","Another Brick In The Wall (Part 2) | Another Brick In The Wall Part 2 Solo","Parsed title disagrees with proposal title | English lyrics not established from available text | Locked renderer has no chord shape for: Another Brick In The Wall (Part 2), Another Brick In The Wall Part 2 Solo | Tab-only or empty extracted sheet","cbd884febfc532ab4487ab534864a680dde2f1faadd5e8c551d26ea0fb388a07","GuitarPro_Tabs/Pink Floyd - The Happiest Days Of Our Lives - Another Brick In The Wall (Part 2).gp3"
"1138","Pink Floyd","The Wall","TAB_ONLY_OR_EMPTY","HOLD","PENDING_PARSE_AND_QA","gp3","5","0","LANGUAGE_UNVERIFIED","0","NO","NO","","English lyrics not established from available text | Tab-only or empty extracted sheet","4b97030b6980c03f1424fe96fc5f3db1c626a55de85d5810d4f429dca175dc7b","GuitarPro_Tabs/Pink Floyd - The Wall.gp3"
"1139","Pink Floyd","Thin Ice-Brick In The Wall (Part 1)","TAB_ONLY_OR_EMPTY","HOLD","PENDING_PARSE_AND_QA","gp3","0","0","LANGUAGE_UNVERIFIED","0","NO","NO","","Parsed title disagrees with proposal title | English lyrics not established from available text | No usable chord symbols in extracted sheet | Tab-only or empty extracted sheet","0fb9b4e18797dc7d8f7d9fc792869ae871084e0532b40278cb28ba45793defb2","GuitarPro_Tabs/Pink Floyd - Thin Ice-Brick In The Wall (Part 1).gp3"
"1140","Pink Floyd","Time - Breathe reprise","TAB_ONLY_OR_EMPTY","HOLD","PENDING_PARSE_AND_QA","gp3","0","0","LANGUAGE_UNVERIFIED","0","NO","NO","","English lyrics not established from available text | No usable chord symbols in extracted sheet | Tab-only or empty extracted sheet","e73c930a3833ec989579469224bd25f14f03c0af8ff39cde51645ff022ef72d2","GuitarPro_Tabs/Pink Floyd - Time - Breathe reprise.gp3"
"1141","Pink Floyd","Vera - Bring the boys back home","TAB_ONLY_OR_EMPTY","HOLD","PENDING_PARSE_AND_QA","gp3","0","0","LANGUAGE_UNVERIFIED","0","NO","NO","","English lyrics not established from available text | No usable chord symbols in extracted sheet | Tab-only or empty extracted sheet","867ce95693d67d2319b0c9dd6d707ffabe25e11314d0e5089e97d9dd1cef445e","GuitarPro_Tabs/Pink Floyd - Vera - Bring the boys back home.gp3"
"1142","Pink Floyd","welcome to the machine","REVIEWABLE_CHORD_SHEET","REVIEWABLE","PENDING_PARSE_AND_QA","gpx","5","130","ENGLISH_TEXT_CHECK_PASS","0","NO","YES","","","c04f38e005b8dc9658feceedf2d8b2f0f2257b20361cceda6036f260edb44641","Ultimate Guitar com PRO Tabs Site Rip GPX/p/pink_floyd_684/pink-floyd_welcome-to-the-machine-official-2701590.gpx"
"1143","Pink Floyd","What Shall We Do Now (Live)","TAB_ONLY_OR_EMPTY","HOLD","PENDING_PARSE_AND_QA","gp3","0","0","LANGUAGE_UNVERIFIED","0","NO","NO","","English lyrics not established from available text | No usable chord symbols in extracted sheet | Tab-only or empty extracted sheet","15b8b6a63e9420fb7ae2f883bd7290c8841b2debf72ba28f08eff5a5cd8a9788","GuitarPro_Tabs/Pink Floyd - What Shall We Do Now (Live).gp3"
"1144","Pink Floyd","wish you were here","TRANSPOSE_FAILURE","HOLD","PENDING_PARSE_AND_QA","gpx","6","127","ENGLISH_TEXT_CHECK_PASS","23","NO","YES","","Exact locked transposer fails required round-trip or slash-bass preservation","c31bb4239d53d2c415ed483732cfaf91abc52f13ae1847ea52276a323fd83e5c","Ultimate Guitar com PRO Tabs Site Rip GPX/p/pink_floyd_684/pink-floyd_wish-you-were-here-official-2412207.gpx"
"1145","Pink Floyd","Yet another movie solo 1","TAB_ONLY_OR_EMPTY","HOLD","PENDING_PARSE_AND_QA","gp3","0","0","LANGUAGE_UNVERIFIED","0","NO","NO","","May be a medley, fragment or exercise; full-song identity needs confirmation. | English lyrics not established from available text | No usable chord symbols in extracted sheet | Tab-only or empty extracted sheet","f05ad4a65adc913118ab47c6bfddc69ebc717c2d00b9aca4b30dde2d7c52adac","GuitarPro_Tabs/Pink Floyd - Yet another movie solo 1.gp3"
"1146","Pink Floyd","Yet another movie solo 2","TAB_ONLY_OR_EMPTY","HOLD","PENDING_PARSE_AND_QA","gp3","0","0","LANGUAGE_UNVERIFIED","0","NO","NO","","May be a medley, fragment or exercise; full-song identity needs confirmation. | English lyrics not established from available text | No usable chord symbols in extracted sheet | Tab-only or empty extracted sheet","33a5ce2cb949631ca46fa896d74cd75097cdcc0f319cdc460ab57049cee7140f","GuitarPro_Tabs/Pink Floyd - Yet another movie solo 2.gp3"
"1147","Rage Against The Machine","Ashes In The Fall","TAB_ONLY_OR_EMPTY","HOLD","PENDING_PARSE_AND_QA","gp4","0","0","LANGUAGE_UNVERIFIED","0","NO","NO","","English lyrics not established from available text | No usable chord symbols in extracted sheet | Tab-only or empty extracted sheet","abaf856c3226748f6eb3e97d28ddb8de78b82947ae49150ec0807e41f576e600","GuitarPro_Tabs/Rage Against The Machine - Ashes In The Fall.gp4"
"1148","Rage Against The Machine","Beautiful World","TAB_ONLY_OR_EMPTY","HOLD","PENDING_PARSE_AND_QA","gp3","0","0","LANGUAGE_UNVERIFIED","0","NO","NO","","Parsed title disagrees with proposal title | English lyrics not established from available text | No usable chord symbols in extracted sheet | Tab-only or empty extracted sheet","b851af9cbc9036ed5a4178396334de173e16189b9125a06c92a31cd729517293","GuitarPro_Tabs/Rage Against The Machine - Beautiful World.gp3"
"1149","Rage Against The Machine","Born of a Broken Man","TAB_ONLY_OR_EMPTY","HOLD","PENDING_PARSE_AND_QA","gp3","0","0","LANGUAGE_UNVERIFIED","0","NO","NO","","English lyrics not established from available text | No usable chord symbols in extracted sheet | Tab-only or empty extracted sheet","cbfdc99efeb5f173cc5ca8e14c43aacd18167c655569ac1f87e8e032df4ff18b","GuitarPro_Tabs/Rage Against The Machine - Born of a Broken Man.gp3"
"1150","Rage Against The Machine","Bullet In The Head (2)","TAB_ONLY_OR_EMPTY","HOLD","PENDING_PARSE_AND_QA","gp3","0","0","LANGUAGE_UNVERIFIED","0","NO","NO","","Parsed title disagrees with proposal title | English lyrics not established from available text | No usable chord symbols in extracted sheet | Tab-only or empty extracted sheet","cdf43ed487d0a656d4317a07e5312734597cd816ef39408304e6bbd448b0b6c7","GuitarPro_Tabs/Rage Against The Machine - Bullet In The Head (2).gp3"
"1151","Rage Against The Machine","Calm like a bomb","TAB_ONLY_OR_EMPTY","HOLD","PENDING_PARSE_AND_QA","gp3","0","0","LANGUAGE_UNVERIFIED","0","NO","NO","","Similar proposed title also exists in this queue; choose at most one after identity review. | English lyrics not established from available text | No usable chord symbols in extracted sheet | Tab-only or empty extracted sheet","b889899c42e352ba29ff7a31b1c940b2de9301bb2a19a70e1fe33feb8d3e1dd1","GuitarPro_Tabs/Rage Against The Machine - Calm like a bomb.gp3"
"1152","Rage Against The Machine","Calm Like A Bomb (Bass)","TAB_ONLY_OR_EMPTY","HOLD","PENDING_PARSE_AND_QA","gp3","0","0","LANGUAGE_UNVERIFIED","0","NO","NO","","Similar proposed title also exists in this queue; choose at most one after identity review. | English lyrics not established from available text | No usable chord symbols in extracted sheet | Tab-only or empty extracted sheet","0ea76d0596b050e56b52af04f29732b8b451cbf22999d3d0cdbb358a0293f62c","GuitarPro_Tabs/Rage Against The Machine - Calm Like A Bomb (Bass).gp3"
"1153","Rage Against The Machine","Calm Like A Bomb Bass Intro Solo","TAB_ONLY_OR_EMPTY","HOLD","PENDING_PARSE_AND_QA","gp3","0","0","LANGUAGE_UNVERIFIED","0","NO","NO","","Parsed title disagrees with proposal title | May be a medley, fragment or exercise; full-song identity needs confirmation. | English lyrics not established from available text | No usable chord symbols in extracted sheet | Tab-only or empty extracted sheet","71b48ec781d4f47307e0504c4fa859bf49a2fb14ef54bfcab17e5dcf8bb46dd7","GuitarPro_Tabs/Rage Against The Machine - Calm Like A Bomb Bass Intro Solo.gp3"
"1154","Rage Against The Machine","Darkness of greed","TAB_ONLY_OR_EMPTY","HOLD","PENDING_PARSE_AND_QA","gp3","0","0","LANGUAGE_UNVERIFIED","0","NO","NO","","English lyrics not established from available text | No usable chord symbols in extracted sheet | Tab-only or empty extracted sheet","147ed5f90aa9dde6a3f5de8be097fa7d8c6936f8cc2b0e098e93723046b22a70","GuitarPro_Tabs/Rage Against The Machine - Darkness of greed.gp3"
"1155","Rage Against The Machine","Degeneration-X (Are You Ready )","TAB_ONLY_OR_EMPTY","HOLD","PENDING_PARSE_AND_QA","gp4","0","0","LANGUAGE_UNVERIFIED","0","NO","NO","","English lyrics not established from available text | No usable chord symbols in extracted sheet | Tab-only or empty extracted sheet","8a9423d7d3f10e9a7a2465852a3fedb8b25c5c0db509380a22ffb3211b70466d","GuitarPro_Tabs/Rage Against The Machine - Degeneration-X (Are You Ready ).gp4"
"1156","Rage Against The Machine","Down Rodeo","TAB_ONLY_OR_EMPTY","HOLD","PENDING_PARSE_AND_QA","gp3","0","0","LANGUAGE_UNVERIFIED","0","NO","NO","","English lyrics not established from available text | No usable chord symbols in extracted sheet | Tab-only or empty extracted sheet","3471bfa670b6f68195951b218fe342fac848066ddb0f94312cafa5d80f840327","GuitarPro_Tabs/Rage Against The Machine - Down Rodeo.gp3"
"1157","Rage Against The Machine","Fistfull of Steel","TAB_ONLY_OR_EMPTY","HOLD","PENDING_PARSE_AND_QA","gp3","0","0","LANGUAGE_UNVERIFIED","0","NO","NO","","English lyrics not established from available text | No usable chord symbols in extracted sheet | Tab-only or empty extracted sheet","10d6b4c36f9cab3290bafa2d2e49fe01bf8c62d08227f58be3ba45b0012b1d83","GuitarPro_Tabs/Rage Against The Machine - Fistfull of Steel.gp3"
"1158","Rage Against The Machine","freedom","REVIEWABLE_CHORD_SHEET","REVIEWABLE","PENDING_PARSE_AND_QA","gpx","3","267","ENGLISH_TEXT_CHECK_PASS","0","NO","YES","","","61c9697b49dfa5bb6c61b29ba46c64cecb08b4c48614d91c44fd11b54881cc6a","Ultimate Guitar com PRO Tabs Site Rip GPX/r/rage_against_the_machine_584/rage-against-the-machine_freedom-official-3237236.gpx"
"1159","Rage Against The Machine","Fuck The Police (Live)","TAB_ONLY_OR_EMPTY","HOLD","PENDING_PARSE_AND_QA","gp3","0","0","LANGUAGE_UNVERIFIED","0","NO","NO","","English lyrics not established from available text | No usable chord symbols in extracted sheet | Tab-only or empty extracted sheet","b494bee437d586fe26d8b19cf8afd23bccfc77ab44b254af7f10b99c99a44131","GuitarPro_Tabs/Rage Against The Machine - Fuck The Police (Live).gp3"
"1160","Rage Against The Machine","How I Could Just Kill A Man","TAB_ONLY_OR_EMPTY","HOLD","PENDING_PARSE_AND_QA","gp3","0","0","LANGUAGE_UNVERIFIED","0","NO","NO","","English lyrics not established from available text | No usable chord symbols in extracted sheet | Tab-only or empty extracted sheet","d6c355d8dac5077994ba81a5189f957bfef4890a23d5ac673467e55a17cb706c","GuitarPro_Tabs/Rage Against The Machine - How I Could Just Kill A Man.gp3"
"1161","Rage Against The Machine","I 'm housin '","TAB_ONLY_OR_EMPTY","HOLD","PENDING_PARSE_AND_QA","gp3","0","0","LANGUAGE_UNVERIFIED","0","NO","NO","","English lyrics not established from available text | No usable chord symbols in extracted sheet | Tab-only or empty extracted sheet","768acc71d9fec1c9d6422041aae87abda7ff7b8a2bbce262234330802b7622d5","GuitarPro_Tabs/Rage Against The Machine - I 'm housin '.gp3"
"1162","Rage Against The Machine","In My Eyes","TAB_ONLY_OR_EMPTY","HOLD","PENDING_PARSE_AND_QA","gp3","0","0","LANGUAGE_UNVERIFIED","0","NO","NO","","English lyrics not established from available text | No usable chord symbols in extracted sheet | Tab-only or empty extracted sheet","eb91cd143967c52d07f960e4636b4fdc53621f2bc485b0d1a795b763ab5717d4","GuitarPro_Tabs/Rage Against The Machine - In My Eyes.gp3"
"1163","Rage Against The Machine","Kick Out the Jams","TAB_ONLY_OR_EMPTY","HOLD","PENDING_PARSE_AND_QA","gp3","0","0","LANGUAGE_UNVERIFIED","0","NO","NO","","English lyrics not established from available text | No usable chord symbols in extracted sheet | Tab-only or empty extracted sheet","f201454a4cef3d3a52c18a7315b5afb7dccbf1055dca62286044d54a48430c7c","GuitarPro_Tabs/Rage Against The Machine - Kick Out the Jams.gp3"
"1164","Rage Against The Machine","Killing In The Name Of","TAB_ONLY_OR_EMPTY","HOLD","PENDING_PARSE_AND_QA","gp3","0","0","LANGUAGE_UNVERIFIED","0","NO","NO","","English lyrics not established from available text | No usable chord symbols in extracted sheet | Tab-only or empty extracted sheet","0a9ca9a63cc48e161169945b1cc32f09d4ec2c898368290e5fb57a0301f12a75","GuitarPro_Tabs/Rage Against The Machine - Killing In The Name Of.gp3"
"1165","Rage Against The Machine","Know Your Enemy","TAB_ONLY_OR_EMPTY","HOLD","PENDING_PARSE_AND_QA","gp3","0","0","LANGUAGE_UNVERIFIED","0","NO","NO","","English lyrics not established from available text | No usable chord symbols in extracted sheet | Tab-only or empty extracted sheet","57ff8b25544cceffe01c920112ffdc0bc4192933f247e93cdb57e41708a5f76f","GuitarPro_Tabs/Rage Against The Machine - Know Your Enemy.gp3"
"1166","Rage Against The Machine","Maggie 's Farm","TAB_ONLY_OR_EMPTY","HOLD","PENDING_PARSE_AND_QA","gp3","0","0","LANGUAGE_UNVERIFIED","0","NO","NO","","English lyrics not established from available text | No usable chord symbols in extracted sheet | Tab-only or empty extracted sheet","f7d5844e04b6acf7f1e0836b7f8149699976d6228fcec30ea6f178419342038a","GuitarPro_Tabs/Rage Against The Machine - Maggie 's Farm.gp3"
"1167","Rage Against The Machine","Maria (2)","TAB_ONLY_OR_EMPTY","HOLD","PENDING_PARSE_AND_QA","gp4","0","0","LANGUAGE_UNVERIFIED","0","NO","NO","","English lyrics not established from available text | No usable chord symbols in extracted sheet | Tab-only or empty extracted sheet","b8bde400ac683543c315cc72ee19a721d45f8bf3e8154be429473949ee46ff3b","GuitarPro_Tabs/Rage Against The Machine - Maria (2).gp4"
"1168","Rage Against The Machine","New Millenium Homes (2)","TAB_ONLY_OR_EMPTY","HOLD","PENDING_PARSE_AND_QA","gp3","0","0","LANGUAGE_UNVERIFIED","0","NO","NO","","English lyrics not established from available text | No usable chord symbols in extracted sheet | Tab-only or empty extracted sheet","08717e03e43263a2d5202fdd6bd8e390124b7beea17cd2c21400419a4da243a7","GuitarPro_Tabs/Rage Against The Machine - New Millenium Homes (2).gp3"
"1169","Rage Against The Machine","No Shelter","TAB_ONLY_OR_EMPTY","HOLD","PENDING_PARSE_AND_QA","gp3","3","0","LANGUAGE_UNVERIFIED","0","NO","NO","","English lyrics not established from available text | Tab-only or empty extracted sheet","7e0227e50f40185d781cfa3743b49e87eb8d2e577ec6db255f3c4e3f493a46d9","GuitarPro_Tabs/Rage Against The Machine - No Shelter.gp3"
"1170","Rage Against The Machine","People of the Sun (2)","TAB_ONLY_OR_EMPTY","HOLD","PENDING_PARSE_AND_QA","gp3","0","0","LANGUAGE_UNVERIFIED","0","NO","NO","","English lyrics not established from available text | No usable chord symbols in extracted sheet | Tab-only or empty extracted sheet","755f19365b8ebec863aababa5e3ea1e4598e0f9c62db5d6ac3fdcb8387c069b2","GuitarPro_Tabs/Rage Against The Machine - People of the Sun (2).gp3"
"1171","Rage Against The Machine","People On The Sun","TAB_ONLY_OR_EMPTY","HOLD","PENDING_PARSE_AND_QA","gp3","0","0","LANGUAGE_UNVERIFIED","0","NO","NO","","English lyrics not established from available text | No usable chord symbols in extracted sheet | Tab-only or empty extracted sheet","642dfd4c59264844470d8d9f6c035836b25d0ed3726fbf1eaedde906ee4c1afe","GuitarPro_Tabs/Rage Against The Machine - People On The Sun.gp3"
"1172","Rage Against The Machine","Pistol Grip Pump","TAB_ONLY_OR_EMPTY","HOLD","PENDING_PARSE_AND_QA","gp3","0","0","LANGUAGE_UNVERIFIED","0","NO","NO","","English lyrics not established from available text | No usable chord symbols in extracted sheet | Tab-only or empty extracted sheet","019903d855b2ae2844d0b1d50e60d9e846da3012b0712af5893b8f0220116f98","GuitarPro_Tabs/Rage Against The Machine - Pistol Grip Pump.gp3"
"1173","Rage Against The Machine","Renegades of Funk (2)","TAB_ONLY_OR_EMPTY","HOLD","PENDING_PARSE_AND_QA","gp3","0","0","LANGUAGE_UNVERIFIED","0","NO","NO","","English lyrics not established from available text | No usable chord symbols in extracted sheet | Tab-only or empty extracted sheet","4fda67f86654ec9aa59f663ae1c9137fd51faa840b2d6a48aaacfffecbe41f1e","GuitarPro_Tabs/Rage Against The Machine - Renegades of Funk (2).gp3"
"1174","Rage Against The Machine","Revolver","TAB_ONLY_OR_EMPTY","HOLD","PENDING_PARSE_AND_QA","gp3","0","0","LANGUAGE_UNVERIFIED","0","NO","NO","","English lyrics not established from available text | No usable chord symbols in extracted sheet | Tab-only or empty extracted sheet","2420c18e387e4e6adfee0b0ea6ee9ec6e56124744d6930f803d4147a7f09bdd1","GuitarPro_Tabs/Rage Against The Machine - Revolver.gp3"
"1175","Rage Against The Machine","Roll Right","TAB_ONLY_OR_EMPTY","HOLD","PENDING_PARSE_AND_QA","gp3","0","0","LANGUAGE_UNVERIFIED","0","NO","NO","","English lyrics not established from available text | No usable chord symbols in extracted sheet | Tab-only or empty extracted sheet","9719e98b6b5785cb901b6a3878613c233baae1bd6d59bfd25a796407f3682638","GuitarPro_Tabs/Rage Against The Machine - Roll Right.gp3"
"1176","Rage Against The Machine","Settle For Nothing (2)","TAB_ONLY_OR_EMPTY","HOLD","PENDING_PARSE_AND_QA","gp4","0","0","LANGUAGE_UNVERIFIED","0","NO","NO","","English lyrics not established from available text | No usable chord symbols in extracted sheet | Tab-only or empty extracted sheet","26974e869540eeb0991b0cb36412080c54ffb7fba0b19b7ffe177e536c6d9ffb","GuitarPro_Tabs/Rage Against The Machine - Settle For Nothing (2).gp4"
"1177","Rage Against The Machine","Sleep Now In The Fire (2)","TAB_ONLY_OR_EMPTY","HOLD","PENDING_PARSE_AND_QA","gp3","0","0","LANGUAGE_UNVERIFIED","0","NO","NO","","English lyrics not established from available text | No usable chord symbols in extracted sheet | Tab-only or empty extracted sheet","164c5bb0605d600e02ba140cad22447fe4f4b423b61a425bff493e77c6b7ff67","GuitarPro_Tabs/Rage Against The Machine - Sleep Now In The Fire (2).gp3"
"1178","Rage Against The Machine","take the power back","REVIEWABLE_CHORD_SHEET","REVIEWABLE","PENDING_PARSE_AND_QA","gpx","8","600","ENGLISH_TEXT_CHECK_PASS","0","NO","YES","","","ececce48356a437820ccf41c6c81ed519122769151de264efa4670ebb799ecd3","Ultimate Guitar com PRO Tabs Site Rip GPX/r/rage_against_the_machine_584/rage-against-the-machine_take-the-power-back-official-2815838.gpx"
"1179","Rage Against The Machine","Testify (3)","TAB_ONLY_OR_EMPTY","HOLD","PENDING_PARSE_AND_QA","gp4","0","0","LANGUAGE_UNVERIFIED","0","NO","NO","","English lyrics not established from available text | No usable chord symbols in extracted sheet | Tab-only or empty extracted sheet","e49cd3bc63cc71ffe2567dca3fc75360cd6950af342cd258b7ecbecd7bbcc1df","GuitarPro_Tabs/Rage Against The Machine - Testify (3).gp4"
"1180","Rage Against The Machine","the ghost of tom joad (2)","TAB_ONLY_OR_EMPTY","HOLD","PENDING_PARSE_AND_QA","gp3","0","0","LANGUAGE_UNVERIFIED","0","NO","NO","","English lyrics not established from available text | No usable chord symbols in extracted sheet | Tab-only or empty extracted sheet","5285598d0830b1a626ffaa5d0081d30bde9c005f9b08bb395f3db2c96ce3299d","GuitarPro_Tabs/Rage Against The Machine - the ghost of tom joad (2).gp3"
"1181","Rage Against The Machine","The Wind Below","TAB_ONLY_OR_EMPTY","HOLD","PENDING_PARSE_AND_QA","gp4","0","0","LANGUAGE_UNVERIFIED","0","NO","NO","","English lyrics not established from available text | No usable chord symbols in extracted sheet | Tab-only or empty extracted sheet","23c338887a93f98bcc0c038add791ae1504685a2a527e3210c9f0ebb6b0cc6e0","GuitarPro_Tabs/Rage Against The Machine - The Wind Below.gp4"
"1182","Rage Against The Machine","tire me","TAB_ONLY_OR_EMPTY","HOLD","PENDING_PARSE_AND_QA","gp3","0","0","LANGUAGE_UNVERIFIED","0","NO","NO","","English lyrics not established from available text | No usable chord symbols in extracted sheet | Tab-only or empty extracted sheet","cd84e7bff4d735a9748db253d4ff27a8cc79d613530a759c0f5202770bd33f0a","GuitarPro_Tabs/Rage Against The Machine - tire me.gp3"
"1183","Rage Against The Machine","Township Rebellion","TAB_ONLY_OR_EMPTY","HOLD","PENDING_PARSE_AND_QA","gp3","0","0","LANGUAGE_UNVERIFIED","0","NO","NO","","English lyrics not established from available text | No usable chord symbols in extracted sheet | Tab-only or empty extracted sheet","cea3e4e784d8f5af79d24246568dd1f2a4a04070b23424b27c2e43336d8080b8","GuitarPro_Tabs/Rage Against The Machine - Township Rebellion.gp3"
"1184","Rage Against The Machine","Vietnow","TAB_ONLY_OR_EMPTY","HOLD","PENDING_PARSE_AND_QA","gp3","0","0","LANGUAGE_UNVERIFIED","0","NO","NO","","English lyrics not established from available text | No usable chord symbols in extracted sheet | Tab-only or empty extracted sheet","b6482efd331b06f184dbcc5797f2b3fc25ba4578db5a10818d52a332a2538711","GuitarPro_Tabs/Rage Against The Machine - Vietnow.gp3"
"1185","Rage Against The Machine","Year Of The Boomerang","TAB_ONLY_OR_EMPTY","HOLD","PENDING_PARSE_AND_QA","gp3","0","0","LANGUAGE_UNVERIFIED","0","NO","NO","","English lyrics not established from available text | No usable chord symbols in extracted sheet | Tab-only or empty extracted sheet","c1d9c70f3696e2f1c6f7cd155f4c9a7bebefbd543d21799cf87b73b71ae9f888","GuitarPro_Tabs/Rage Against The Machine - Year Of The Boomerang.gp3"
"1186","Ray Lamontagne","jolene","TRANSPOSE_FAILURE","HOLD","PENDING_PARSE_AND_QA","gpx","10","267","ENGLISH_TEXT_CHECK_PASS","69","YES","YES","","Exact locked transposer fails required round-trip or slash-bass preservation","d7b39c5f1026b744be1f81f3550fe2bd06c55daf7774a819e4af74ec5512d32e","Ultimate Guitar com PRO Tabs Site Rip GPX/r/ray_lamontagne_9256/ray-lamontagne_jolene-official-2680788.gpx"
"1187","REO Speedwagon","cant fight this feeling","TRANSPOSE_FAILURE","HOLD","PENDING_PARSE_AND_QA","gpx","19","399","ENGLISH_TEXT_CHECK_PASS","184","YES","YES","","Exact locked transposer fails required round-trip or slash-bass preservation","a3b7809c4dbbbf6b9850316d24e5e0ba870bd768d0a1d6a350112413ff2b0c35","Ultimate Guitar com PRO Tabs Site Rip GPX/r/reo_speedwagon_518/reo-speedwagon_cant-fight-this-feeling-official-2641167.gpx"
"1188","REO Speedwagon","keep on loving you","TRANSPOSE_FAILURE","HOLD","PENDING_PARSE_AND_QA","gpx","7","238","ENGLISH_TEXT_CHECK_PASS","46","NO","YES","","Exact locked transposer fails required round-trip or slash-bass preservation","21d741b71559749f707b35da48e63014f02c78e9f98278e43fce9aa049434ec9","Ultimate Guitar com PRO Tabs Site Rip GPX/r/reo_speedwagon_518/reo-speedwagon_keep-on-loving-you-official-2934635.gpx"
"1189","Ritchie Valens","donna","REVIEWABLE_CHORD_SHEET","REVIEWABLE","PENDING_PARSE_AND_QA","gpx","3","148","ENGLISH_TEXT_CHECK_PASS","0","NO","NO","","","13954020d3d6e8e7db5025477e6e5c014f37d60eb35baca3f69d511d4268f2f8","Ultimate Guitar com PRO Tabs Site Rip GPX/r/ritchie_valens_11507/ritchie-valens_donna-official-2512443.gpx"
"1190","Roy Clark","12th street rag","TAB_ONLY_OR_EMPTY","HOLD","PENDING_PARSE_AND_QA","gpx","14","0","LANGUAGE_UNVERIFIED","69","YES","YES","","English lyrics not established from available text | Tab-only or empty extracted sheet | Exact locked transposer fails required round-trip or slash-bass preservation","a64170937a8d4a8ec8e16b022e82c7b47f8bff7259dd41210dbc9de36ddd2501","Ultimate Guitar com PRO Tabs Site Rip GPX/r/roy_clark_10041/roy-clark_12th-street-rag-official-3482711.gpx"
"1191","Roy Orbison","lana","REVIEWABLE_CHORD_SHEET","REVIEWABLE","PENDING_PARSE_AND_QA","gpx","4","126","ENGLISH_TEXT_CHECK_PASS","0","NO","NO","","","0b68d34083ef135d98e0f0233f48079363bf27b6ab9b01e6dd38948b2f691d01","Ultimate Guitar com PRO Tabs Site Rip GPX/r/roy_orbison_6714/roy-orbison_lana-official-2322511.gpx"
"1192","Roy Orbison","Oh Pretty Woman","EXISTING_DUPLICATE","EXISTING","SKIPPED_ALREADY_CURRENT","gpx","10","221","ENGLISH_TEXT_CHECK_PASS","23","YES","YES","","Existing artist/song or title variant — leave current song unchanged | Possible existing song or alternate title: Roy Orbison & Bill Dees — Oh Pretty Woman | Exact locked transposer fails required round-trip or slash-bass preservation","737604ed4edcd5316bebb955e5258c8491e2fa8f06a74112d72d8345296f7b8d","Ultimate Guitar com PRO Tabs Site Rip GPX/r/roy_orbison_6714/roy-orbison_oh-pretty-woman-official-2068751.gpx"
"1193","Roy Orbison","you got it","TRANSPOSE_FAILURE","HOLD","PENDING_PARSE_AND_QA","gpx","8","239","ENGLISH_TEXT_CHECK_PASS","23","NO","YES","","Exact locked transposer fails required round-trip or slash-bass preservation","4d8af223bbff53e685c1ee69c126a7840950ce9240ec56bb3903c3b3ac511d19","Ultimate Guitar com PRO Tabs Site Rip GPX/r/roy_orbison_6714/roy-orbison_you-got-it-official-2483985.gpx"
"1194","Rush","2112 (iii) Discovery","EXISTING_DUPLICATE","EXISTING","PENDING_PARSE_AND_QA","gp4","0","0","LANGUAGE_UNVERIFIED","0","NO","NO","","Parsed title disagrees with proposal title | Existing artist/song or title variant — leave current song unchanged | English lyrics not established from available text | No usable chord symbols in extracted sheet | Tab-only or empty extracted sheet","e390bab9dd316f78a6ab8e2ccb3ad8f3573111b5725b78f707dd617a7e16d2b9","GuitarPro_Tabs/Rush - 2112 (iii) Discovery.gp4"
"1195","Rush","2112 (iv) Presentation","EXISTING_DUPLICATE","EXISTING","PENDING_PARSE_AND_QA","gp4","0","0","LANGUAGE_UNVERIFIED","0","NO","NO","","Parsed title disagrees with proposal title | Existing artist/song or title variant — leave current song unchanged | English lyrics not established from available text | No usable chord symbols in extracted sheet | Tab-only or empty extracted sheet","1eb734d570054b6e9bdb4469685020fb16ae69dd1799f34acad3f3cb3e967b28","GuitarPro_Tabs/Rush - 2112 (iv) Presentation.gp4"
"1196","Rush","2112 (v) Oracle The Dream","EXISTING_DUPLICATE","EXISTING","PENDING_PARSE_AND_QA","gp4","0","0","LANGUAGE_UNVERIFIED","0","NO","NO","","Parsed title disagrees with proposal title | Existing artist/song or title variant — leave current song unchanged | English lyrics not established from available text | No usable chord symbols in extracted sheet | Tab-only or empty extracted sheet","046339f0d02056d9ee2c9ddd0f049ba0df7a829662c61de085b65e00c8b5782e","GuitarPro_Tabs/Rush - 2112 (v) Oracle The Dream.gp4"
"1197","Rush","2112 (vi) Soliloquy","EXISTING_DUPLICATE","EXISTING","PENDING_PARSE_AND_QA","gp4","0","0","LANGUAGE_UNVERIFIED","0","NO","NO","","Parsed title disagrees with proposal title | Existing artist/song or title variant — leave current song unchanged | English lyrics not established from available text | No usable chord symbols in extracted sheet | Tab-only or empty extracted sheet","9c1d260836cd4952d1afd843ed4290ffb8d817c30a6d542f3dee15428bc29db0","GuitarPro_Tabs/Rush - 2112 (vi) Soliloquy.gp4"
"1198","Rush","2112 (vii) Grand Finale","EXISTING_DUPLICATE","EXISTING","PENDING_PARSE_AND_QA","gp4","0","0","LANGUAGE_UNVERIFIED","0","NO","NO","","Parsed title disagrees with proposal title | Existing artist/song or title variant — leave current song unchanged | English lyrics not established from available text | No usable chord symbols in extracted sheet | Tab-only or empty extracted sheet","1acc56843560448f23daec2b40910c4d05c46c08993ab359e09b5b5841b8424d","GuitarPro_Tabs/Rush - 2112 (vii) Grand Finale.gp4"
"1199","Rush","A Farewell To Kings (intro)","EXISTING_DUPLICATE","EXISTING","PENDING_PARSE_AND_QA","gp3","11","0","LANGUAGE_UNVERIFIED","0","YES","NO","","Existing artist/song or title variant — leave current song unchanged | Possible existing song or alternate title: Rush — A Farewell To Kings | May be a medley, fragment or exercise; full-song identity needs confirmation. | English lyrics not established from available text | Tab-only or empty extracted sheet","1bbc7d44e5a08fb0c57f676649c688920530ddedf613e21fc00e2a3974126a37","GuitarPro_Tabs/Rush - A Farewell To Kings (intro).gp3"
"1200","Rush","A Passage to Bangkok (Solo)","EXISTING_DUPLICATE","EXISTING","PENDING_PARSE_AND_QA","gp3","0","0","LANGUAGE_UNVERIFIED","0","NO","NO","","Existing artist/song or title variant — leave current song unchanged | Possible existing song or alternate title: Rush — A Passage to Bangkok | May be a medley, fragment or exercise; full-song identity needs confirmation. | English lyrics not established from available text | No usable chord symbols in extracted sheet | Tab-only or empty extracted sheet","e3de576365d25b084391205f133d69b64286b3477516587a72f550effe1d0166","GuitarPro_Tabs/Rush - A Passage to Bangkok (Solo).gp3"
"1201","Rush","Afterimage","TAB_ONLY_OR_EMPTY","HOLD","PENDING_PARSE_AND_QA","gp3","0","0","LANGUAGE_UNVERIFIED","0","NO","NO","","English lyrics not established from available text | No usable chord symbols in extracted sheet | Tab-only or empty extracted sheet","fbe21b4c607aec8d10371ba5fcc5f90799f75aa68d8343e3035a1664b5235b26","GuitarPro_Tabs/Rush - Afterimage.gp3"
"1202","Rush","Animate","TAB_ONLY_OR_EMPTY","HOLD","PENDING_PARSE_AND_QA","gp3","0","0","LANGUAGE_UNVERIFIED","0","NO","NO","","English lyrics not established from available text | No usable chord symbols in extracted sheet | Tab-only or empty extracted sheet","38736ef6cb933410ebaf9327219c15e7caefb7d135a8bf942df1a44a0aee5b77","GuitarPro_Tabs/Rush - Animate.gp3"
"1203","Rush","anthem","REVIEWABLE_CHORD_SHEET","REVIEWABLE","PENDING_PARSE_AND_QA","gpx","10","238","ENGLISH_TEXT_CHECK_PASS","0","YES","NO","","","0c1f1b7f6fd9a4529974fcb8fc027fe29344cccc8fae3c9806ad2ad033ffb601","Ultimate Guitar com PRO Tabs Site Rip GPX/r/rush_549/rush_anthem-official-3225797.gpx"
"1204","Rush","Bastille Day - by RUSH","TAB_ONLY_OR_EMPTY","HOLD","UNAVAILABLE_SOURCE","gp3","0","167","ENGLISH_TEXT_CHECK_PASS","0","NO","NO","","No usable chord symbols in extracted sheet","1ac6cfa82e3761067ceca6ff32dc83f553232ec7f16932901427ad5afcab9c39","GuitarPro_Tabs/Rush - Bastille Day.gp3"
"1205","Rush","Bravado","TAB_ONLY_OR_EMPTY","HOLD","PENDING_PARSE_AND_QA","gp3","0","0","LANGUAGE_UNVERIFIED","0","NO","NO","","English lyrics not established from available text | No usable chord symbols in extracted sheet | Tab-only or empty extracted sheet","cebcffa16e3cef7fa382e812bbc49d263e8b3d71d1237bf59695ff9f577d9ad6","GuitarPro_Tabs/Rush - Bravado.gp3"
"1206","Rush","Broon's Bane","TAB_ONLY_OR_EMPTY","HOLD","PENDING_PARSE_AND_QA","gp3","18","0","LANGUAGE_UNVERIFIED","230","YES","YES","","English lyrics not established from available text | Tab-only or empty extracted sheet | Exact locked transposer fails required round-trip or slash-bass preservation","f3d34578f9e8a67829bef9008dee25c51242121553fda89f6e962ccddaf10d47","GuitarPro_Tabs/Rush - Broon's Bane.gp3"
"1207","Rush","Cinderella Man","TAB_ONLY_OR_EMPTY","HOLD","PENDING_PARSE_AND_QA","gp4","0","0","LANGUAGE_UNVERIFIED","0","NO","NO","","English lyrics not established from available text | No usable chord symbols in extracted sheet | Tab-only or empty extracted sheet","3bb8bf9451d99597e0310617307085ac5157e72b4b08d52c7dc11412f8129d8a","GuitarPro_Tabs/Rush - Cinderella Man.gp4"
"1208","Rush","Circumstances","TAB_ONLY_OR_EMPTY","HOLD","PENDING_PARSE_AND_QA","gp3","0","0","LANGUAGE_UNVERIFIED","0","NO","NO","","English lyrics not established from available text | No usable chord symbols in extracted sheet | Tab-only or empty extracted sheet","19634e2c1c29cf7a83d993b386b7187c4088018c722fa414acbc27a8de243adb","GuitarPro_Tabs/Rush - Circumstances.gp3"
"1209","Rush","Cold Fire","TAB_ONLY_OR_EMPTY","HOLD","PENDING_PARSE_AND_QA","gp3","0","0","LANGUAGE_UNVERIFIED","0","NO","NO","","English lyrics not established from available text | No usable chord symbols in extracted sheet | Tab-only or empty extracted sheet","5dfca18c87dd8d67f9c03ac5ded11f720aa227a9604535e92f1addd17ea9bfbc","GuitarPro_Tabs/Rush - Cold Fire.gp3"
"1210","Rush","Countdown","TAB_ONLY_OR_EMPTY","HOLD","PENDING_PARSE_AND_QA","gp3","0","0","LANGUAGE_UNVERIFIED","0","NO","NO","","English lyrics not established from available text | No usable chord symbols in extracted sheet | Tab-only or empty extracted sheet","2328a6471594b6b90989ac4e12f9fd8bbf2bc7e25724f496dd19d7325d0cec46","GuitarPro_Tabs/Rush - Countdown.gp3"
"1211","Rush","Cut To The Chase","TAB_ONLY_OR_EMPTY","HOLD","PENDING_PARSE_AND_QA","gp3","0","0","LANGUAGE_UNVERIFIED","0","NO","NO","","English lyrics not established from available text | No usable chord symbols in extracted sheet | Tab-only or empty extracted sheet","7dec5f3620581dfde7d234dd4b9b968419372cbb5628a4c132a2cc0a40486c3d","GuitarPro_Tabs/Rush - Cut To The Chase.gp3"
"1212","Rush","Cygnus X-1 Book II Hemispheres (i) Prelude","TAB_ONLY_OR_EMPTY","HOLD","PENDING_PARSE_AND_QA","gp4","0","0","LANGUAGE_UNVERIFIED","0","NO","NO","","Parsed title disagrees with proposal title | English lyrics not established from available text | No usable chord symbols in extracted sheet | Tab-only or empty extracted sheet","f091f9f20441351fa6e9a63d2ddc918c6fb741d640ce8389a7efcea190402576","GuitarPro_Tabs/Rush - Cygnus X-1 Book II Hemispheres (i) Prelude.gp4"
"1213","Rush","Cygnus X-1 Book II Hemispheres (ii) Apollo - Bringer of Wisdom","TAB_ONLY_OR_EMPTY","HOLD","PENDING_PARSE_AND_QA","gp4","0","0","LANGUAGE_UNVERIFIED","0","NO","NO","","Parsed title disagrees with proposal title | English lyrics not established from available text | No usable chord symbols in extracted sheet | Tab-only or empty extracted sheet","baeed82d468c02100e630b65d054f7133b61504a6567edb7ac95d81555928614","GuitarPro_Tabs/Rush - Cygnus X-1 Book II Hemispheres (ii) Apollo - Bringer of Wisdom.gp4"
"1214","Rush","Cygnus X-1 Book II Hemispheres (iii) Dionysus - Bringer of Love","TAB_ONLY_OR_EMPTY","HOLD","PENDING_PARSE_AND_QA","gp4","0","0","LANGUAGE_UNVERIFIED","0","NO","NO","","Parsed title disagrees with proposal title | English lyrics not established from available text | No usable chord symbols in extracted sheet | Tab-only or empty extracted sheet","56af53ff79eec131732b33c74fb025c1618b867493abb7d7f51c10541e1092f3","GuitarPro_Tabs/Rush - Cygnus X-1 Book II Hemispheres (iii) Dionysus - Bringer of Love.gp4"
"1215","Rush","Cygnus X-1 Book II Hemispheres (iv) Armageddon - The Battle of Heart and Mind","TAB_ONLY_OR_EMPTY","HOLD","PENDING_PARSE_AND_QA","gp4","0","0","LANGUAGE_UNVERIFIED","0","NO","NO","","Parsed title disagrees with proposal title | English lyrics not established from available text | No usable chord symbols in extracted sheet | Tab-only or empty extracted sheet","d9a788b04815c1ed3de616c4f9a9df3f1200fe5110be5ec31553a68fc4e9589a","GuitarPro_Tabs/Rush - Cygnus X-1 Book II Hemispheres (iv) Armageddon - The Battle of Heart and Mind.gp4"
"1216","Rush","Cygnus X-1 Book II Hemispheres (v) Cygnus - Bringer of Balance","TAB_ONLY_OR_EMPTY","HOLD","PENDING_PARSE_AND_QA","gp4","0","0","LANGUAGE_UNVERIFIED","0","NO","NO","","Parsed title disagrees with proposal title | English lyrics not established from available text | No usable chord symbols in extracted sheet | Tab-only or empty extracted sheet","8452bac37ad19cc1fa5f9ec9746e88784941c9191c5cd93b96881e86a4778a82","GuitarPro_Tabs/Rush - Cygnus X-1 Book II Hemispheres (v) Cygnus - Bringer of Balance.gp4"
"1217","Rush","Cygnus X-1 Book II Hemispheres (vi) The Sphere - A Kind of Dream","TAB_ONLY_OR_EMPTY","HOLD","PENDING_PARSE_AND_QA","gp4","0","0","LANGUAGE_UNVERIFIED","0","NO","NO","","Parsed title disagrees with proposal title | English lyrics not established from available text | No usable chord symbols in extracted sheet | Tab-only or empty extracted sheet","2a97c478fea1b8dfbe972d3e2558a3bcca41394a77941d14c6cf760b22caa234","GuitarPro_Tabs/Rush - Cygnus X-1 Book II Hemispheres (vi) The Sphere - A Kind of Dream.gp4"
"1218","Rush","Cygnus X-1 Book One - The Voyage","TAB_ONLY_OR_EMPTY","HOLD","PENDING_PARSE_AND_QA","gp3","0","0","LANGUAGE_UNVERIFIED","0","NO","NO","","Parsed title disagrees with proposal title | English lyrics not established from available text | No usable chord symbols in extracted sheet | Tab-only or empty extracted sheet","10b7df335f95015fcff53e6ab14ea4e4aae8a21a41bd2378756c932220ce6a73","GuitarPro_Tabs/Rush - Cygnus X-1 Book One - The Voyage.gp3"
"1219","Rush","Different Strings","TAB_ONLY_OR_EMPTY","HOLD","PENDING_PARSE_AND_QA","gp3","5","0","LANGUAGE_UNVERIFIED","23","NO","YES","","English lyrics not established from available text | Tab-only or empty extracted sheet | Exact locked transposer fails required round-trip or slash-bass preservation","5b2bc118581e60e6795d77ac61d0e64c53603987829daea7039e453fd930489a","GuitarPro_Tabs/Rush - Different Strings.gp3"
"1220","Rush","Distant Early Warning","TAB_ONLY_OR_EMPTY","HOLD","PENDING_PARSE_AND_QA","gp3","0","0","LANGUAGE_UNVERIFIED","0","NO","NO","","English lyrics not established from available text | No usable chord symbols in extracted sheet | Tab-only or empty extracted sheet","b42e0460d4952c1d0b17d71b60ea98123221b614410d3fada87c02f9ccf300b4","GuitarPro_Tabs/Rush - Distant Early Warning.gp3"
"1221","Rush","Dreamline","TAB_ONLY_OR_EMPTY","HOLD","PENDING_PARSE_AND_QA","gp4","0","0","LANGUAGE_UNVERIFIED","0","NO","NO","","English lyrics not established from available text | No usable chord symbols in extracted sheet | Tab-only or empty extracted sheet","9601a8ae320c7dab9e9cd2f7b9b83d55c871ccd213e9bc71534747538fd50c08","GuitarPro_Tabs/Rush - Dreamline.gp4"
"1222","Rush","Driven","TAB_ONLY_OR_EMPTY","HOLD","PENDING_PARSE_AND_QA","gp3","0","0","LANGUAGE_UNVERIFIED","0","NO","NO","","English lyrics not established from available text | No usable chord symbols in extracted sheet | Tab-only or empty extracted sheet","1a7119a6ef771a163971f5af42c6d6c687c9e82a9087ccd44b0153b7200583a0","GuitarPro_Tabs/Rush - Driven.gp3"
"1223","Rush","Everyday Glory","TAB_ONLY_OR_EMPTY","HOLD","PENDING_PARSE_AND_QA","gp3","0","0","LANGUAGE_UNVERIFIED","0","NO","NO","","English lyrics not established from available text | No usable chord symbols in extracted sheet | Tab-only or empty extracted sheet","cccf8cb3fdbf6793c34aeacdc6ed4d4ccd0997d90c8ce2fb34ccfcc403b7db29","GuitarPro_Tabs/Rush - Everyday Glory.gp3"
"1224","Rush","Finding My Way","TAB_ONLY_OR_EMPTY","HOLD","PENDING_PARSE_AND_QA","gp3","0","0","LANGUAGE_UNVERIFIED","0","NO","NO","","Similar proposed title also exists in this queue; choose at most one after identity review. | English lyrics not established from available text | No usable chord symbols in extracted sheet | Tab-only or empty extracted sheet","f3c20c4a15707382d0c8890897680fa9c4cce560c53f56c5c030f5e607a46277","GuitarPro_Tabs/Rush - Finding My Way.gp3"
"1225","Rush","Finding My Way (Solo)","TAB_ONLY_OR_EMPTY","HOLD","PENDING_PARSE_AND_QA","gp3","0","0","LANGUAGE_UNVERIFIED","0","NO","NO","","May be a medley, fragment or exercise; full-song identity needs confirmation. | Similar proposed title also exists in this queue; choose at most one after identity review. | English lyrics not established from available text | No usable chord symbols in extracted sheet | Tab-only or empty extracted sheet","da993b664739331c99f17748dd261d76ce981b5ca854bf90b50c03910168c35c","GuitarPro_Tabs/Rush - Finding My Way (Solo).gp3"
"1226","Rush","Force Ten","TAB_ONLY_OR_EMPTY","HOLD","PENDING_PARSE_AND_QA","gp3","0","0","LANGUAGE_UNVERIFIED","0","NO","NO","","English lyrics not established from available text | No usable chord symbols in extracted sheet | Tab-only or empty extracted sheet","d07d5403d151c0a0173dc2ba9c55e46140dd1005ee3fa331458476ceb7605275","GuitarPro_Tabs/Rush - Force Ten.gp3"
"1227","Rush","In The Mood","TAB_ONLY_OR_EMPTY","HOLD","PENDING_PARSE_AND_QA","gp3","0","0","LANGUAGE_UNVERIFIED","0","NO","NO","","English lyrics not established from available text | No usable chord symbols in extracted sheet | Tab-only or empty extracted sheet","bbfe3b7b78765c55c86b75c0af75f894c62f034bcbcd1a270fce2eae749d5f71","GuitarPro_Tabs/Rush - In The Mood.gp3"
"1228","Rush","Jacob 's Ladder","TAB_ONLY_OR_EMPTY","HOLD","PENDING_PARSE_AND_QA","gp3","0","0","LANGUAGE_UNVERIFIED","0","NO","NO","","English lyrics not established from available text | No usable chord symbols in extracted sheet | Tab-only or empty extracted sheet","7d8a11caa4aeb592a7730b498a0a0f8b97de425b1d037183fb083b92949f1694","GuitarPro_Tabs/Rush - Jacob 's Ladder.gp3"
"1229","Rush","Kid Gloves","TAB_ONLY_OR_EMPTY","HOLD","PENDING_PARSE_AND_QA","gp3","0","0","LANGUAGE_UNVERIFIED","0","NO","NO","","English lyrics not established from available text | No usable chord symbols in extracted sheet | Tab-only or empty extracted sheet","8c28d978ac87079d0659a50eadb9f79fe9a33982e1eaba3349882aafb43c2ff8","GuitarPro_Tabs/Rush - Kid Gloves.gp3"
"1230","Rush","la villa strangiato","TAB_ONLY_OR_EMPTY","HOLD","PENDING_PARSE_AND_QA","gpx","23","0","LANGUAGE_UNVERIFIED","89","YES","YES","","English lyrics not established from available text | Tab-only or empty extracted sheet | Exact locked transposer fails required round-trip or slash-bass preservation","a2531f7b24ba2477b9257fe208b72bc976cd0c6b95468a64d5b183f012bfe587","Ultimate Guitar com PRO Tabs Site Rip GPX/r/rush_549/rush_la-villa-strangiato-official-2666757.gpx"
"1231","Rush","Lakeside Park","TAB_ONLY_OR_EMPTY","HOLD","PENDING_PARSE_AND_QA","gp3","0","0","LANGUAGE_UNVERIFIED","0","NO","NO","","English lyrics not established from available text | No usable chord symbols in extracted sheet | Tab-only or empty extracted sheet","52d55ac72bfd4b8e91e5a121cc7a4561e310dbab15f022ad280efe8d19e8356a","GuitarPro_Tabs/Rush - Lakeside Park.gp3"
"1232","Rush","Madrigal","TAB_ONLY_OR_EMPTY","HOLD","PENDING_PARSE_AND_QA","gp4","0","0","LANGUAGE_UNVERIFIED","0","NO","NO","","English lyrics not established from available text | No usable chord symbols in extracted sheet | Tab-only or empty extracted sheet","87cdea7f4f50e48c42cd09930dc594b56a6c4427d99870f098c6fd67bc633f2f","GuitarPro_Tabs/Rush - Madrigal.gp4"
"1233","Rush","Mystic Rithms","TAB_ONLY_OR_EMPTY","HOLD","PENDING_PARSE_AND_QA","gp3","0","0","LANGUAGE_UNVERIFIED","0","NO","NO","","English lyrics not established from available text | No usable chord symbols in extracted sheet | Tab-only or empty extracted sheet","cc6378d0d62cde808c5b7a4574899749b47188a0b3f7f8b3a821d12727951877","GuitarPro_Tabs/Rush - Mystic Rithms.gp3"
"1234","Rush","Natural Science","TAB_ONLY_OR_EMPTY","HOLD","PENDING_PARSE_AND_QA","gp3","0","0","LANGUAGE_UNVERIFIED","0","NO","NO","","English lyrics not established from available text | No usable chord symbols in extracted sheet | Tab-only or empty extracted sheet","1082f9f0c8aa257d30ca3e121318c2d616250466d14822a3dc46bf9c911fdb54","GuitarPro_Tabs/Rush - Natural Science.gp3"
"1235","Rush","Need Some Love","TAB_ONLY_OR_EMPTY","HOLD","PENDING_PARSE_AND_QA","gp3","0","0","LANGUAGE_UNVERIFIED","0","NO","NO","","English lyrics not established from available text | No usable chord symbols in extracted sheet | Tab-only or empty extracted sheet","f614bb02147193b54c8e39c3ec6827ebe78242ea766efe41c871f896b3ebc18c","GuitarPro_Tabs/Rush - Need Some Love.gp3"
"1236","Rush","New World Man","TAB_ONLY_OR_EMPTY","HOLD","PENDING_PARSE_AND_QA","gp3","0","0","LANGUAGE_UNVERIFIED","0","NO","NO","","English lyrics not established from available text | No usable chord symbols in extracted sheet | Tab-only or empty extracted sheet","6934d9870326a2d1d46465adfb76ca01c2a0995d60edee041be41a72fc80654f","GuitarPro_Tabs/Rush - New World Man.gp3"
"1237","Rush","No One at the Bridge","TAB_ONLY_OR_EMPTY","HOLD","PENDING_PARSE_AND_QA","gp3","0","0","LANGUAGE_UNVERIFIED","0","NO","NO","","English lyrics not established from available text | No usable chord symbols in extracted sheet | Tab-only or empty extracted sheet","d3f181a551522f4c8b2384685e6e11441059317bd29b16b8b70e8b1ed8362571","GuitarPro_Tabs/Rush - No One at the Bridge.gp3"
"1238","Rush","One Little Victory","TAB_ONLY_OR_EMPTY","HOLD","PENDING_PARSE_AND_QA","gp3","0","0","LANGUAGE_UNVERIFIED","0","NO","NO","","English lyrics not established from available text | No usable chord symbols in extracted sheet | Tab-only or empty extracted sheet","270fe8c8ba0612e9576d2f705c6ad375d27e0474466d59bdb27d7601d922db4d","GuitarPro_Tabs/Rush - One Little Victory.gp3"
"1239","Rush","Overture","TAB_ONLY_OR_EMPTY","HOLD","PENDING_PARSE_AND_QA","gp3","0","0","LANGUAGE_UNVERIFIED","0","NO","NO","","English lyrics not established from available text | No usable chord symbols in extracted sheet | Tab-only or empty extracted sheet","7446352c3257fafd25c54fe0723a270e010f7f6de67ebc8b9952ec25edd79ecd","GuitarPro_Tabs/Rush - Overture.gp3"
"1240","Rush","Presto","TAB_ONLY_OR_EMPTY","HOLD","PENDING_PARSE_AND_QA","gp3","0","0","LANGUAGE_UNVERIFIED","0","NO","NO","","English lyrics not established from available text | No usable chord symbols in extracted sheet | Tab-only or empty extracted sheet","f74feab8ecd0769f692303763fd93785985c6675965d1e156e5b1792d09a7922","GuitarPro_Tabs/Rush - Presto.gp3"
"1241","Rush","Red Sector A (2)","TAB_ONLY_OR_EMPTY","HOLD","PENDING_PARSE_AND_QA","gp4","0","0","LANGUAGE_UNVERIFIED","0","NO","NO","","English lyrics not established from available text | No usable chord symbols in extracted sheet | Tab-only or empty extracted sheet","3d61205875fef31541b38a0354166522250063685e5623918b16095d4c9ca1c2","GuitarPro_Tabs/Rush - Red Sector A (2).gp4"
"1242","Rush","Second Nature","TAB_ONLY_OR_EMPTY","HOLD","PENDING_PARSE_AND_QA","gp3","0","0","LANGUAGE_UNVERIFIED","0","NO","NO","","English lyrics not established from available text | No usable chord symbols in extracted sheet | Tab-only or empty extracted sheet","f3b9741995a3281b3ce5055a6c331cccf592656bdd57c1531d9f5daacadd8049","GuitarPro_Tabs/Rush - Second Nature.gp3"
"1243","Rush","Show Don't Tell","TAB_ONLY_OR_EMPTY","HOLD","PENDING_PARSE_AND_QA","gp3","0","0","LANGUAGE_UNVERIFIED","0","NO","NO","","English lyrics not established from available text | No usable chord symbols in extracted sheet | Tab-only or empty extracted sheet","90b5777710b93e03002bfcd4742445e7516e751b583ce7cbecdf655732ea784d","GuitarPro_Tabs/Rush - Show Don't Tell.gp3"
"1244","Rush","Stick It Out","TAB_ONLY_OR_EMPTY","HOLD","PENDING_PARSE_AND_QA","gp3","0","0","LANGUAGE_UNVERIFIED","0","NO","NO","","English lyrics not established from available text | No usable chord symbols in extracted sheet | Tab-only or empty extracted sheet","1e02d03750e89beab772b6c123d08a0e747751acba18df2e3e291c175a65cd5e","GuitarPro_Tabs/Rush - Stick It Out.gp3"
"1245","Rush","Superconductor","TAB_ONLY_OR_EMPTY","HOLD","PENDING_PARSE_AND_QA","gp3","0","0","LANGUAGE_UNVERIFIED","0","NO","NO","","English lyrics not established from available text | No usable chord symbols in extracted sheet | Tab-only or empty extracted sheet","9c0a89bb807f1a662f6fba7a3699e07c7a28d1681efd945731fa5403d4936e30","GuitarPro_Tabs/Rush - Superconductor.gp3"
"1246","Rush","Take A Friend","TAB_ONLY_OR_EMPTY","HOLD","PENDING_PARSE_AND_QA","gp3","0","0","LANGUAGE_UNVERIFIED","0","NO","NO","","English lyrics not established from available text | No usable chord symbols in extracted sheet | Tab-only or empty extracted sheet","ebc98028d8a488e311697d39297f875f26cfad7437a08ccf13d8838864c89e93","GuitarPro_Tabs/Rush - Take A Friend.gp3"
"1247","Rush","The Big Money","TAB_ONLY_OR_EMPTY","HOLD","PENDING_PARSE_AND_QA","gp3","0","0","LANGUAGE_UNVERIFIED","0","NO","NO","","English lyrics not established from available text | No usable chord symbols in extracted sheet | Tab-only or empty extracted sheet","3e3d96109d207234d432eefc00359f127748388f483cc7d41deeb5ba8a534eeb","GuitarPro_Tabs/Rush - The Big Money.gp3"
"1248","Rush","The Big Wheel","TAB_ONLY_OR_EMPTY","HOLD","PENDING_PARSE_AND_QA","gp4","0","0","LANGUAGE_UNVERIFIED","0","NO","NO","","English lyrics not established from available text | No usable chord symbols in extracted sheet | Tab-only or empty extracted sheet","f75e29ea917a6b1c556e344475a9647b2ef543166502af3347a90d9c344e90e1","GuitarPro_Tabs/Rush - The Big Wheel.gp4"
"1249","Rush","The Camera Eye","TAB_ONLY_OR_EMPTY","HOLD","PENDING_PARSE_AND_QA","gp3","0","0","LANGUAGE_UNVERIFIED","0","NO","NO","","English lyrics not established from available text | No usable chord symbols in extracted sheet | Tab-only or empty extracted sheet","30738fd88c63dbf9b83766799c41468875ac5d2aca2a3113afe86cee63a9e65e","GuitarPro_Tabs/Rush - The Camera Eye.gp3"
"1250","Rush","The Enemy Within","TAB_ONLY_OR_EMPTY","HOLD","PENDING_PARSE_AND_QA","gp3","0","0","LANGUAGE_UNVERIFIED","0","NO","NO","","English lyrics not established from available text | No usable chord symbols in extracted sheet | Tab-only or empty extracted sheet","67a97a605f27f892fd5ab4209f011b32a03d294fc7661bfbb48aeb1ba80b0287","GuitarPro_Tabs/Rush - The Enemy Within.gp3"
"1251","Rush","The Fountain of Lamneth Panacea","TAB_ONLY_OR_EMPTY","HOLD","PENDING_PARSE_AND_QA","gp3","0","0","LANGUAGE_UNVERIFIED","0","NO","NO","","Parsed title disagrees with proposal title | English lyrics not established from available text | No usable chord symbols in extracted sheet | Tab-only or empty extracted sheet","6301f8c6e78347eaaedbd72a94dfa037ef5cdcee0db70232cb6d7e594fa89536","GuitarPro_Tabs/Rush - The Fountain of Lamneth Panacea.gp3"
"1252","Rush","The Necromancer (i) Into The Darkness","TAB_ONLY_OR_EMPTY","HOLD","PENDING_PARSE_AND_QA","gp4","0","0","LANGUAGE_UNVERIFIED","0","NO","NO","","Parsed title disagrees with proposal title | English lyrics not established from available text | No usable chord symbols in extracted sheet | Tab-only or empty extracted sheet","81929f4a13d65479c4a568e8cfa0b2d00886915c49db000394d54ccb05f09d4a","GuitarPro_Tabs/Rush - The Necromancer (i) Into The Darkness.gp4"
"1253","Rush","The Necromancer (ii) Under The Shadow","TAB_ONLY_OR_EMPTY","HOLD","PENDING_PARSE_AND_QA","gp4","0","0","LANGUAGE_UNVERIFIED","0","NO","NO","","Parsed title disagrees with proposal title | English lyrics not established from available text | No usable chord symbols in extracted sheet | Tab-only or empty extracted sheet","17b27dd9dfc681df2ca4be1cba6f022bae0a444fc92a03ac3af4078160e7f840","GuitarPro_Tabs/Rush - The Necromancer (ii) Under The Shadow.gp4"
"1254","Rush","The Necromancer (iii) Return Of The Prince","TAB_ONLY_OR_EMPTY","HOLD","PENDING_PARSE_AND_QA","gp4","0","0","LANGUAGE_UNVERIFIED","0","NO","NO","","Parsed title disagrees with proposal title | English lyrics not established from available text | No usable chord symbols in extracted sheet | Tab-only or empty extracted sheet","06bceb2b80d10df91c578a158fdc2734ca625bf27fde9c939455d72a04714828","GuitarPro_Tabs/Rush - The Necromancer (iii) Return Of The Prince.gp4"
"1255","Rush","The Speed Of Love","TAB_ONLY_OR_EMPTY","HOLD","PENDING_PARSE_AND_QA","gp3","0","0","LANGUAGE_UNVERIFIED","0","NO","NO","","English lyrics not established from available text | No usable chord symbols in extracted sheet | Tab-only or empty extracted sheet","60952c720b26cbb4632ef5d943f74ccbe4f10e973a19f2fbf18d8fd2a6b165dc","GuitarPro_Tabs/Rush - The Speed Of Love.gp3"
"1256","Rush","the spirit of radio","TRANSPOSE_FAILURE","HOLD","PENDING_PARSE_AND_QA","gpx","10","273","ENGLISH_TEXT_CHECK_PASS","46","YES","YES","E-","Locked renderer has no chord shape for: E- | Exact locked transposer fails required round-trip or slash-bass preservation","592b01396131863969792fa164cf356cc710c32cecbde2bec7a852a017767d09","Ultimate Guitar com PRO Tabs Site Rip GPX/r/rush_549/rush_the-spirit-of-radio-official-2488836.gpx"
"1257","Rush","The Temples of Syrinx","TAB_ONLY_OR_EMPTY","HOLD","PENDING_PARSE_AND_QA","gp3","10","0","LANGUAGE_UNVERIFIED","0","YES","NO","C5 | G5","English lyrics not established from available text | Locked renderer has no chord shape for: C5, G5 | Tab-only or empty extracted sheet","db578ad4b34b5ba123f2d9454ab5dbd5d73350895c83ea22266f1e22a00c890b","GuitarPro_Tabs/Rush - The Temples of Syrinx.gp3"
"1258","Rush","The Trees (Solo)","EXISTING_DUPLICATE","EXISTING","PENDING_PARSE_AND_QA","gp3","0","0","LANGUAGE_UNVERIFIED","0","NO","NO","","Parsed title disagrees with proposal title | Existing artist/song or title variant — leave current song unchanged | Possible existing song or alternate title: Rush — The Trees | May be a medley, fragment or exercise; full-song identity needs confirmation. | English lyrics not established from available text | No usable chord symbols in extracted sheet | Tab-only or empty extracted sheet","940c012ecebb206002f6b079e44bf58a0acad0b7d68165080e905d9c375bb89e","GuitarPro_Tabs/Rush - The Trees (Solo).gp3"
"1259","Rush","time stand still","TRANSPOSE_FAILURE","HOLD","PENDING_PARSE_AND_QA","gpx","12","406","ENGLISH_TEXT_CHECK_PASS","23","YES","YES","","Exact locked transposer fails required round-trip or slash-bass preservation","4170ecf6dd50b369296fc92ee29e2f82eb03ec3d6cab2b90413a018c1c1b7c48","Ultimate Guitar com PRO Tabs Site Rip GPX/r/rush_549/rush_time-stand-still-official-3346151.gpx"
"1260","Rush","Tom Sawyer (Solo)","EXISTING_DUPLICATE","EXISTING","PENDING_PARSE_AND_QA","gp3","0","0","LANGUAGE_UNVERIFIED","0","NO","NO","","Existing artist/song or title variant — leave current song unchanged | Possible existing song or alternate title: Rush — Tom Sawyer | May be a medley, fragment or exercise; full-song identity needs confirmation. | English lyrics not established from available text | No usable chord symbols in extracted sheet | Tab-only or empty extracted sheet","efdba4f24ebc2a0823ac9672c759617c224ec2b4e56c162f17d069bc43ecfd4b","GuitarPro_Tabs/Rush - Tom Sawyer (Solo).gp3"
"1261","Rush","Vital Signs","TAB_ONLY_OR_EMPTY","HOLD","PENDING_PARSE_AND_QA","gp3","0","0","LANGUAGE_UNVERIFIED","0","NO","NO","","English lyrics not established from available text | No usable chord symbols in extracted sheet | Tab-only or empty extracted sheet","813f4103df8cb38069254f4b0d707ab8ef33e63ab82369134254a772c4d60f85","GuitarPro_Tabs/Rush - Vital Signs.gp3"
"1262","Rush","War Paint","TAB_ONLY_OR_EMPTY","HOLD","PENDING_PARSE_AND_QA","gp3","0","0","LANGUAGE_UNVERIFIED","0","NO","NO","","English lyrics not established from available text | No usable chord symbols in extracted sheet | Tab-only or empty extracted sheet","dcc7828aa0b4b147802cff1be7a90aa8339327b430fa06c68eb4097a4e76db10","GuitarPro_Tabs/Rush - War Paint.gp3"
"1263","Rush","What You're Doing","TAB_ONLY_OR_EMPTY","HOLD","PENDING_PARSE_AND_QA","gp3","0","0","LANGUAGE_UNVERIFIED","0","NO","NO","","English lyrics not established from available text | No usable chord symbols in extracted sheet | Tab-only or empty extracted sheet","f4f659f08c76aacf435570676bd5d1f359068a0ab658ce344674091119ed96f1","GuitarPro_Tabs/Rush - What You're Doing.gp3"
"1264","Rush","Working Man (Solo 1)","EXISTING_DUPLICATE","EXISTING","PENDING_PARSE_AND_QA","gp3","0","0","LANGUAGE_UNVERIFIED","0","NO","NO","","Existing artist/song or title variant — leave current song unchanged | Possible existing song or alternate title: Rush — Working Man | May be a medley, fragment or exercise; full-song identity needs confirmation. | English lyrics not established from available text | No usable chord symbols in extracted sheet | Tab-only or empty extracted sheet","3f904c17fc3930e3eb415312eca0eec90e5d822e184388734f7dccd4c9f781da","GuitarPro_Tabs/Rush - Working Man (Solo 1).gp3"
"1265","Rush","yyz","TAB_ONLY_OR_EMPTY","HOLD","PENDING_PARSE_AND_QA","gpx","14","0","LANGUAGE_UNVERIFIED","23","YES","YES","","Similar proposed title also exists in this queue; choose at most one after identity review. | English lyrics not established from available text | Tab-only or empty extracted sheet | Exact locked transposer fails required round-trip or slash-bass preservation","bbdd1efd80c38720940a22ea27bc5ec2a176e12a984a02aca429a353ba0322c7","Ultimate Guitar com PRO Tabs Site Rip GPX/r/rush_549/rush_yyz-official-2076227.gpx"
"1266","Rush","YYZ (Solo)","TAB_ONLY_OR_EMPTY","HOLD","PENDING_PARSE_AND_QA","gp3","0","0","LANGUAGE_UNVERIFIED","0","NO","NO","","May be a medley, fragment or exercise; full-song identity needs confirmation. | Similar proposed title also exists in this queue; choose at most one after identity review. | English lyrics not established from available text | No usable chord symbols in extracted sheet | Tab-only or empty extracted sheet","d58c170e974464995aa6cefdf9c9ddff112466033de0017d4908c8efa149510d","GuitarPro_Tabs/Rush - YYZ (Solo).gp3"
"1267","Silent Distortion","Master of Puppets Medley","TAB_ONLY_OR_EMPTY","HOLD","PENDING_PARSE_AND_QA","gp3","0","337","ENGLISH_TEXT_CHECK_PASS","0","NO","NO","","Parsed title disagrees with proposal title | May be a medley, fragment or exercise; full-song identity needs confirmation. | No usable chord symbols in extracted sheet","527bf7ce320786d5bf16f53e3f41f316c35295f0d12c0da422e9993628e2db82","GuitarPro_Tabs/Silent Distortion - Master of Puppets Medley.gp3"
"1268","Simon and Garfunkel","At The Zoo","TAB_ONLY_OR_EMPTY","HOLD","PENDING_PARSE_AND_QA","gp4","0","0","LANGUAGE_UNVERIFIED","0","NO","NO","","English lyrics not established from available text | No usable chord symbols in extracted sheet | Tab-only or empty extracted sheet","0814f22a608c61acf25a541cb7d35484e871e69c1745fe6a3fb50b3a04df3544","GuitarPro_Tabs/Simon & Garfunkel - At The Zoo.gp4"
"1269","Simon and Garfunkel","Bookends","TAB_ONLY_OR_EMPTY","HOLD","PENDING_PARSE_AND_QA","gp4","0","0","LANGUAGE_UNVERIFIED","0","NO","NO","","English lyrics not established from available text | No usable chord symbols in extracted sheet | Tab-only or empty extracted sheet","3e03e2819a802f4009dff74ae79e6276f667835c45c039e41903fc8a84c6b4c8","GuitarPro_Tabs/Simon & Garfunkel - Bookends.gp4"
"1270","Simon and Garfunkel","El Condor Pasa","EXISTING_DUPLICATE","EXISTING","PENDING_PARSE_AND_QA","gp4","5","0","LANGUAGE_UNVERIFIED","0","NO","NO","","Parsed title disagrees with proposal title | Existing artist/song or title variant — leave current song unchanged | Possible existing song or alternate title: Simon & Garfunkel — El Condor Pasa (If I Could) | English lyrics not established from available text | Tab-only or empty extracted sheet","725aa5d9210063de072fc7bbad413a8e800f5f6a0defb790bf6829facbf497bc","GuitarPro_Tabs/Simon & Garfunkel - El Condor Pasa.gp4"
"1271","Simon and Garfunkel","Punky 's Dilemma","TAB_ONLY_OR_EMPTY","HOLD","PENDING_PARSE_AND_QA","gp4","0","0","LANGUAGE_UNVERIFIED","0","NO","NO","","English lyrics not established from available text | No usable chord symbols in extracted sheet | Tab-only or empty extracted sheet","11a700a2e7d51626b243bd4a74d44d0d6a35ac954c9e9d7a3a76126e517b0964","GuitarPro_Tabs/Simon & Garfunkel - Punky 's Dilemma.gp4"
"1272","Simon and Garfunkel","Sound Of Silence (2)","EXISTING_DUPLICATE","EXISTING","PENDING_PARSE_AND_QA","gp3","0","0","LANGUAGE_UNVERIFIED","0","NO","NO","","Existing artist/song or title variant — leave current song unchanged | Possible existing song or alternate title: Simon & Garfunkel — The Sound Of Silence | English lyrics not established from available text | No usable chord symbols in extracted sheet | Tab-only or empty extracted sheet","4d12f2cd1727799b63bb1ffca0d10c411d30ab7c8074b8509a19a4326ee46d2a","GuitarPro_Tabs/Simon & Garfunkel - Sound Of Silence (2).gp3"
"1273","Simple Minds","Alive And Kicking","TAB_ONLY_OR_EMPTY","HOLD","PENDING_PARSE_AND_QA","gp3","0","0","LANGUAGE_UNVERIFIED","0","NO","NO","","English lyrics not established from available text | No usable chord symbols in extracted sheet | Tab-only or empty extracted sheet","d12ce063c33a51b0641be79de9bb2f2637786a92f794de5472b2ebf9e50d0b7b","GuitarPro_Tabs/Simple Minds - Alive And Kicking.gp3"
"1274","Smithereens","blood and roses","TRANSPOSE_FAILURE","HOLD","PENDING_PARSE_AND_QA","gpx","7","174","ENGLISH_TEXT_CHECK_PASS","23","NO","YES","","Exact locked transposer fails required round-trip or slash-bass preservation","9c78ef6672d3c4b5d7b4367606d62f05700c42926f2fbea90c23892322bd0a41","Ultimate Guitar com PRO Tabs Site Rip GPX/s/smithereens_298/smithereens_blood-and-roses-official-3780455.gpx"
"1275","Social Distortion","california hustle and flow","REVIEWABLE_CHORD_SHEET","REVIEWABLE","PENDING_PARSE_AND_QA","gpx","3","264","ENGLISH_TEXT_CHECK_PASS","0","NO","NO","","","03cbe4c697f51167389b88aeba50e2863c6d3daa828cd56ecda05f86ac17db70","Ultimate Guitar com PRO Tabs Site Rip GPX/s/social_distortion_400/social-distortion_california-hustle-and-flow-official-2407561.gpx"
"1276","Sonic Youth","kool thing","REVIEWABLE_CHORD_SHEET","REVIEWABLE","PENDING_PARSE_AND_QA","gpx","3","187","ENGLISH_TEXT_CHECK_PASS","0","NO","NO","","","336a7fe3ca62bba4f67d30b813a0ede48b5e9a6a6859b7b08044441044fb7111","Ultimate Guitar com PRO Tabs Site Rip GPX/s/sonic_youth_456/sonic-youth_kool-thing-official-3539360.gpx"
"1277","Sonic Youth","Mildred Pierce","TAB_ONLY_OR_EMPTY","HOLD","PENDING_PARSE_AND_QA","gp4","4","0","LANGUAGE_UNVERIFIED","0","NO","NO","","English lyrics not established from available text | Tab-only or empty extracted sheet","3d27730618bd35068b95e465770654b8aca263cb292d20d0efc77d90bcd52904","GuitarPro_Tabs/Sonic Youth - Mildred Pierce.gp4"
"1278","Soundgarden","4th Of July","TAB_ONLY_OR_EMPTY","HOLD","PENDING_PARSE_AND_QA","gp3","0","0","LANGUAGE_UNVERIFIED","0","NO","NO","","English lyrics not established from available text | No usable chord symbols in extracted sheet | Tab-only or empty extracted sheet","966775a56a3d34129e8dbb40d78e53b810f94f278590c498a46f6a0b4fcc17b7","GuitarPro_Tabs/Soundgarden - 4th Of July.gp3"
"1279","Soundgarden","An Unkind","TAB_ONLY_OR_EMPTY","HOLD","PENDING_PARSE_AND_QA","gp3","0","0","LANGUAGE_UNVERIFIED","0","NO","NO","","English lyrics not established from available text | No usable chord symbols in extracted sheet | Tab-only or empty extracted sheet","667bb5aee56d9779dfa61bdbc091a0445836b6314b7c40dd6d63fa60178b16dc","GuitarPro_Tabs/Soundgarden - An Unkind.gp3"
"1280","Soundgarden","Big Dumb Sex","TAB_ONLY_OR_EMPTY","HOLD","PENDING_PARSE_AND_QA","gp3","0","0","LANGUAGE_UNVERIFIED","0","NO","NO","","English lyrics not established from available text | No usable chord symbols in extracted sheet | Tab-only or empty extracted sheet","0645dea3cb694ae95318f22407544f72b5e7e9fad58e0a88dfa4ccf256600a14","GuitarPro_Tabs/Soundgarden - Big Dumb Sex.gp3"
"1281","Soundgarden","Bleed Together (2)","TAB_ONLY_OR_EMPTY","HOLD","PENDING_PARSE_AND_QA","gp3","0","0","LANGUAGE_UNVERIFIED","0","NO","NO","","English lyrics not established from available text | No usable chord symbols in extracted sheet | Tab-only or empty extracted sheet","b9a56935b33bde9350557ce8e887075c801bfb1e7f788f29636c93e0b251703a","GuitarPro_Tabs/Soundgarden - Bleed Together (2).gp3"
"1282","Soundgarden","Boot Camp (2)","TAB_ONLY_OR_EMPTY","HOLD","PENDING_PARSE_AND_QA","gp4","0","0","LANGUAGE_UNVERIFIED","0","NO","NO","","English lyrics not established from available text | No usable chord symbols in extracted sheet | Tab-only or empty extracted sheet","7a29790b2cd00c041fa245f085e8cb1b9b922d19828c79e745c051fd969c1661","GuitarPro_Tabs/Soundgarden - Boot Camp (2).gp4"
"1283","Soundgarden","Drawing Flies","TAB_ONLY_OR_EMPTY","HOLD","UNAVAILABLE_SOURCE","gp3","0","2","LANGUAGE_UNVERIFIED","0","NO","NO","","English lyrics not established from available text | No usable chord symbols in extracted sheet","40670ee92bc41adf210f7c4279b85bc43426c0fcec456c9b22fcb0a25a15a7d9","GuitarPro_Tabs/Soundgarden - Drawing Flies.gp3"
"1284","Soundgarden","Face Pollution","TAB_ONLY_OR_EMPTY","HOLD","PENDING_PARSE_AND_QA","gp3","0","0","LANGUAGE_UNVERIFIED","0","NO","NO","","English lyrics not established from available text | No usable chord symbols in extracted sheet | Tab-only or empty extracted sheet","2ef632423b3083e811ce6a5c5806cb7bff9d35faba5288162cc2867d66db8f83","GuitarPro_Tabs/Soundgarden - Face Pollution.gp3"
"1285","Soundgarden","Fresh Tendrils","TAB_ONLY_OR_EMPTY","HOLD","PENDING_PARSE_AND_QA","gp3","0","0","LANGUAGE_UNVERIFIED","0","NO","NO","","English lyrics not established from available text | No usable chord symbols in extracted sheet | Tab-only or empty extracted sheet","8cda9afb96feef7bfe8ff8f443db4e87c4e5b5423aa9c6a7a770a944a0f59972","GuitarPro_Tabs/Soundgarden - Fresh Tendrils.gp3"
"1286","Soundgarden","Full On (reprise)","TAB_ONLY_OR_EMPTY","HOLD","PENDING_PARSE_AND_QA","gp3","0","0","LANGUAGE_UNVERIFIED","0","NO","NO","","English lyrics not established from available text | No usable chord symbols in extracted sheet | Tab-only or empty extracted sheet","b560b3ca12e2a861bc82f31cc3cde13d72fc0faed534c8587c5e98a0c293bd19","GuitarPro_Tabs/Soundgarden - Full On (reprise).gp3"
"1287","Soundgarden","Full on Kevin 's Mom","TAB_ONLY_OR_EMPTY","HOLD","PENDING_PARSE_AND_QA","gp3","0","0","LANGUAGE_UNVERIFIED","0","NO","NO","","English lyrics not established from available text | No usable chord symbols in extracted sheet | Tab-only or empty extracted sheet","406f707668d1e19069d3fea2e37cf5c35d420f171bfa19a15b3fd34968610aab","GuitarPro_Tabs/Soundgarden - Full on Kevin 's Mom.gp3"
"1288","Soundgarden","Get On The Snake","TAB_ONLY_OR_EMPTY","HOLD","PENDING_PARSE_AND_QA","gp3","0","0","LANGUAGE_UNVERIFIED","0","NO","NO","","English lyrics not established from available text | No usable chord symbols in extracted sheet | Tab-only or empty extracted sheet","0755682b24ffe001cf50f84ca69ac4aa501f4dca48e4e7447089c8e9b51bcd23","GuitarPro_Tabs/Soundgarden - Get On The Snake.gp3"
"1289","Soundgarden","Half","TAB_ONLY_OR_EMPTY","HOLD","PENDING_PARSE_AND_QA","gp3","0","0","LANGUAGE_UNVERIFIED","0","NO","NO","","English lyrics not established from available text | No usable chord symbols in extracted sheet | Tab-only or empty extracted sheet","724c9e771dcb54c1162472244bf1e5ea23fc58bd1f9a0c453a14d2d8bdb42abe","GuitarPro_Tabs/Soundgarden - Half.gp3"
"1290","Soundgarden","Hands All Over","TAB_ONLY_OR_EMPTY","HOLD","PENDING_PARSE_AND_QA","gp3","0","0","LANGUAGE_UNVERIFIED","0","NO","NO","","English lyrics not established from available text | No usable chord symbols in extracted sheet | Tab-only or empty extracted sheet","d5fa0df9d3f3d056468d8bf899de604ac35ca26f06ce0a6c69646fbf1312f7ee","GuitarPro_Tabs/Soundgarden - Hands All Over.gp3"
"1291","Soundgarden","Holy Water","TAB_ONLY_OR_EMPTY","HOLD","PENDING_PARSE_AND_QA","gp3","0","0","LANGUAGE_UNVERIFIED","0","NO","NO","","English lyrics not established from available text | No usable chord symbols in extracted sheet | Tab-only or empty extracted sheet","b1ff82502c458d6722a03b68288721fd59d065cd45cc91296244386e0d72895d","GuitarPro_Tabs/Soundgarden - Holy Water.gp3"
"1292","Soundgarden","Jesus Christ Pose","TAB_ONLY_OR_EMPTY","HOLD","PENDING_PARSE_AND_QA","gp3","0","0","LANGUAGE_UNVERIFIED","0","NO","NO","","English lyrics not established from available text | No usable chord symbols in extracted sheet | Tab-only or empty extracted sheet","98ed6f3cc8003b5d17800223c0336b174e95fa95783735a27d46a0404fce6835","GuitarPro_Tabs/Soundgarden - Jesus Christ Pose.gp3"
"1293","Soundgarden","Kickstand","TAB_ONLY_OR_EMPTY","HOLD","PENDING_PARSE_AND_QA","gp3","0","0","LANGUAGE_UNVERIFIED","0","NO","NO","","English lyrics not established from available text | No usable chord symbols in extracted sheet | Tab-only or empty extracted sheet","8c2bc0111b58223f700577d41e8f54abb40d5ea4f6037c9d107fa840c13aa4ef","GuitarPro_Tabs/Soundgarden - Kickstand.gp3"
"1294","Soundgarden","Let Me Drown","TAB_ONLY_OR_EMPTY","HOLD","PENDING_PARSE_AND_QA","gp3","0","0","LANGUAGE_UNVERIFIED","0","NO","NO","","English lyrics not established from available text | No usable chord symbols in extracted sheet | Tab-only or empty extracted sheet","809c6c4ae3b7a2a55f9d33676996314536b371c02e190d4c8cc41b7b22b3b592","GuitarPro_Tabs/Soundgarden - Let Me Drown.gp3"
"1295","Soundgarden","Like Suicide","TAB_ONLY_OR_EMPTY","HOLD","PENDING_PARSE_AND_QA","gp3","0","0","LANGUAGE_UNVERIFIED","0","NO","NO","","English lyrics not established from available text | No usable chord symbols in extracted sheet | Tab-only or empty extracted sheet","5aa9bdbd6cf1e4f495e29084cd784e5c1b1eb231164d7bcb88c3fdf8651619bb","GuitarPro_Tabs/Soundgarden - Like Suicide.gp3"
"1296","Soundgarden","Limo Wreck","TAB_ONLY_OR_EMPTY","HOLD","PENDING_PARSE_AND_QA","gp3","0","0","LANGUAGE_UNVERIFIED","0","NO","NO","","English lyrics not established from available text | No usable chord symbols in extracted sheet | Tab-only or empty extracted sheet","af16744794fed46b56e4e3ea38f7ca097529ffa771ee6d2b603b4338d177f078","GuitarPro_Tabs/Soundgarden - Limo Wreck.gp3"
"1297","Soundgarden","Loud Love","TAB_ONLY_OR_EMPTY","HOLD","PENDING_PARSE_AND_QA","gp3","0","0","LANGUAGE_UNVERIFIED","0","NO","NO","","English lyrics not established from available text | No usable chord symbols in extracted sheet | Tab-only or empty extracted sheet","bbd3bd8809638f2cf9e2368a5123947fc17fac43c8bcc685b4a0f05b22a3ffb8","GuitarPro_Tabs/Soundgarden - Loud Love.gp3"
"1298","Soundgarden","Mailman","TAB_ONLY_OR_EMPTY","HOLD","PENDING_PARSE_AND_QA","gp3","0","0","LANGUAGE_UNVERIFIED","0","NO","NO","","English lyrics not established from available text | No usable chord symbols in extracted sheet | Tab-only or empty extracted sheet","7b7083d35e7f7c643c54382b1f49792084329469e57733782dad94a27193db66","GuitarPro_Tabs/Soundgarden - Mailman.gp3"
"1299","Soundgarden","Mind Riot","TAB_ONLY_OR_EMPTY","HOLD","PENDING_PARSE_AND_QA","gp3","0","0","LANGUAGE_UNVERIFIED","0","NO","NO","","English lyrics not established from available text | No usable chord symbols in extracted sheet | Tab-only or empty extracted sheet","bac7e106f9abcf7108fff51c9f3890a1b463b405f9dcafb4cface7c8414ace1a","GuitarPro_Tabs/Soundgarden - Mind Riot.gp3"
"1300","Soundgarden","My Wave","TAB_ONLY_OR_EMPTY","HOLD","PENDING_PARSE_AND_QA","gp3","0","0","LANGUAGE_UNVERIFIED","0","NO","NO","","English lyrics not established from available text | No usable chord symbols in extracted sheet | Tab-only or empty extracted sheet","df3e33028c350f6a97198c165180f4206aa2c4d8b79ad4b3ab9c0afbce50d72c","GuitarPro_Tabs/Soundgarden - My Wave.gp3"
"1301","Soundgarden","No Attention","TAB_ONLY_OR_EMPTY","HOLD","PENDING_PARSE_AND_QA","gp3","0","0","LANGUAGE_UNVERIFIED","0","NO","NO","","English lyrics not established from available text | No usable chord symbols in extracted sheet | Tab-only or empty extracted sheet","f580879d8084cd6b512cffedbb021918dfdf0232fcdab9298119522ce69fe925","GuitarPro_Tabs/Soundgarden - No Attention.gp3"
"1302","Soundgarden","Pretty Noose","TAB_ONLY_OR_EMPTY","HOLD","PENDING_PARSE_AND_QA","gp3","0","0","LANGUAGE_UNVERIFIED","0","NO","NO","","English lyrics not established from available text | No usable chord symbols in extracted sheet | Tab-only or empty extracted sheet","486a26af6049012fb3a58aa3e06941d47ae20fc15f587d3f5de0e01b89a779eb","GuitarPro_Tabs/Soundgarden - Pretty Noose.gp3"
"1303","Soundgarden","Searching With my Good Eye Closed","TAB_ONLY_OR_EMPTY","HOLD","PENDING_PARSE_AND_QA","gp3","0","0","LANGUAGE_UNVERIFIED","0","NO","NO","","English lyrics not established from available text | No usable chord symbols in extracted sheet | Tab-only or empty extracted sheet","06139861358a7e9555acf1d63f3f245ba2b958205cc81b66e6451cf1ab4ad521","GuitarPro_Tabs/Soundgarden - Searching With my Good Eye Closed.gp3"
"1304","Soundgarden","Somewhere","TAB_ONLY_OR_EMPTY","HOLD","PENDING_PARSE_AND_QA","gp3","0","0","LANGUAGE_UNVERIFIED","0","NO","NO","","English lyrics not established from available text | No usable chord symbols in extracted sheet | Tab-only or empty extracted sheet","947b057dc9b2d28c59fb52d3a8c4302d9d134025c6f6176e6cfc3022659ca078","GuitarPro_Tabs/Soundgarden - Somewhere.gp3"
"1305","Soundgarden","Superunknown","TAB_ONLY_OR_EMPTY","HOLD","PENDING_PARSE_AND_QA","gp3","0","0","LANGUAGE_UNVERIFIED","0","NO","NO","","English lyrics not established from available text | No usable chord symbols in extracted sheet | Tab-only or empty extracted sheet","7d3497e28cdf7295fcde578cadf04e4117137cb40cc309d7469cd6c3e82236cf","GuitarPro_Tabs/Soundgarden - Superunknown.gp3"
"1306","Soundgarden","Tighter & Tighter","TAB_ONLY_OR_EMPTY","HOLD","PENDING_PARSE_AND_QA","gp3","0","0","LANGUAGE_UNVERIFIED","0","NO","NO","","English lyrics not established from available text | No usable chord symbols in extracted sheet | Tab-only or empty extracted sheet","08efb6b0476168da321b93b600dc662744c9596aba4a6b00019484161609b89f","GuitarPro_Tabs/Soundgarden - Tighter & Tighter.gp3"
"1307","Soundgarden","Ty Cobb","TAB_ONLY_OR_EMPTY","HOLD","PENDING_PARSE_AND_QA","gp3","9","0","LANGUAGE_UNVERIFIED","44","YES","NO","","English lyrics not established from available text | Tab-only or empty extracted sheet | Exact locked transposer fails required round-trip or slash-bass preservation","a8738dad81f080358c5213aaf4758b99fbc0094cc72f42aae6d50ce7e40f2e38","GuitarPro_Tabs/Soundgarden - Ty Cobb.gp3"
"1308","Soundgarden","Zero Chance","TAB_ONLY_OR_EMPTY","HOLD","PENDING_PARSE_AND_QA","gp3","0","0","LANGUAGE_UNVERIFIED","0","NO","NO","","English lyrics not established from available text | No usable chord symbols in extracted sheet | Tab-only or empty extracted sheet","5215adcc30af26057ce1d900033597261cedd4406669b86dd9f21c3a3145ef5f","GuitarPro_Tabs/Soundgarden - Zero Chance.gp3"
"1309","Spandau Ballet","through the barricades","TRANSPOSE_FAILURE","HOLD","PENDING_PARSE_AND_QA","gpx","12","364","ENGLISH_TEXT_CHECK_PASS","69","YES","YES","","Exact locked transposer fails required round-trip or slash-bass preservation","0c365b839e05375e583ca0e335f6834cb9e0d7773166147ac18d6f85fd111924","Ultimate Guitar com PRO Tabs Site Rip GPX/s/spandau_ballet_2660/spandau-ballet_through-the-barricades-official-3035505.gpx"
"1310","Steely Dan","Deacon Blues","EXISTING_DUPLICATE","EXISTING","SKIPPED_ALREADY_CURRENT","gpx","25","367","ENGLISH_TEXT_CHECK_PASS","46","YES","YES","","Existing artist/song or title variant — leave current song unchanged | Exact locked transposer fails required round-trip or slash-bass preservation","ace3c500b5164df333ba4ca4900cceaa28600a970fb20e123e858c4e249800be","Ultimate Guitar com PRO Tabs Site Rip GPX/s/steely_dan_12166/steely-dan_deacon-blues-official-3266087.gpx"
"1311","Steely Dan","do it again","TRANSPOSE_FAILURE","HOLD","PENDING_PARSE_AND_QA","gpx","5","252","ENGLISH_TEXT_CHECK_PASS","23","NO","YES","","Exact locked transposer fails required round-trip or slash-bass preservation","61e3159984f2dc09e0c4516e613287510929014a67397acb6daf078a04db9f48","Ultimate Guitar com PRO Tabs Site Rip GPX/s/steely_dan_12166/steely-dan_do-it-again-official-2857163.gpx"
"1312","Steely Dan","hey nineteen","TRANSPOSE_FAILURE","HOLD","PENDING_PARSE_AND_QA","gpx","15","173","ENGLISH_TEXT_CHECK_PASS","45","YES","YES","","Exact locked transposer fails required round-trip or slash-bass preservation","162351537244398a3e9232427366ce5b3382354228a6e94030d0e707d676ae04","Ultimate Guitar com PRO Tabs Site Rip GPX/s/steely_dan_12166/steely-dan_hey-nineteen-official-3333083.gpx"
"1313","Steely Dan","josie","TRANSPOSE_FAILURE","HOLD","PENDING_PARSE_AND_QA","gpx","20","227","ENGLISH_TEXT_CHECK_PASS","137","YES","YES","","Exact locked transposer fails required round-trip or slash-bass preservation","6dcc4ecd2e5fc5da91918f2b779eb7bd991eef930717e7b518b5fcd15a07a5f6","Ultimate Guitar com PRO Tabs Site Rip GPX/s/steely_dan_12166/steely-dan_josie-official-3204383.gpx"
"1314","Steely Dan","Kid Charlemegne","EXISTING_DUPLICATE","EXISTING","PENDING_PARSE_AND_QA","gp3","0","0","LANGUAGE_UNVERIFIED","0","NO","NO","","Parsed title disagrees with proposal title | Existing artist/song or title variant — leave current song unchanged | English lyrics not established from available text | No usable chord symbols in extracted sheet | Tab-only or empty extracted sheet","acad5c370c78dba7e5010658c9fe2c6b09293efb1b4f9b16756f31da6926f16a","GuitarPro_Tabs/Steely Dan - Kid Charlemegne.gp3"
"1315","Steely Dan","My Old School","TAB_ONLY_OR_EMPTY","HOLD","PENDING_PARSE_AND_QA","gp3","2","0","LANGUAGE_UNVERIFIED","0","NO","NO","","English lyrics not established from available text | Tab-only or empty extracted sheet","872d5a7085edd7bd5ece50b480ae8c1211d92fd8e265e5bf7be205641aaef1ac","GuitarPro_Tabs/Steely Dan - My Old School.gp3"
"1316","Steely Dan","Reeling In the Years","TAB_ONLY_OR_EMPTY","HOLD","PENDING_PARSE_AND_QA","gp3","0","0","LANGUAGE_UNVERIFIED","0","NO","NO","","English lyrics not established from available text | No usable chord symbols in extracted sheet | Tab-only or empty extracted sheet","f8fa2dc98f5ad117f84e8e695d8412734950c3d4a49850708ecdeb3f1681f5e9","GuitarPro_Tabs/Steely Dan - Reeling In the Years.gp3"
"1317","Steve Miller Band","abracadabra","IDENTITY_DIAGRAM_OR_OTHER_HOLD","HOLD","PENDING_PARSE_AND_QA","gpx","11","386","ENGLISH_TEXT_CHECK_PASS","0","YES","YES","","Parsed title disagrees with proposal title","fa0c4b588f6bcaac0ec199a77c5e63c918928c2f7ab3d9c68d638de09e98e236","Ultimate Guitar com PRO Tabs Site Rip GPX/s/steve_miller_band_2281/steve-miller-band_abracadabra-official-2715162.gpx"
"1318","Steve Miller Band","Fly Like An Eagle","EXISTING_DUPLICATE","EXISTING","SKIPPED_ALREADY_CURRENT","gpx","7","381","ENGLISH_TEXT_CHECK_PASS","69","NO","YES","","Existing artist/song or title variant — leave current song unchanged | Possible existing song or alternate title: Steve Miller Band — Fly Like An Eagle | Exact locked transposer fails required round-trip or slash-bass preservation","a58b3d57b338b6ca8d15d3f5e70a03505ee3b1f1e5cbdc05e12f7f9c95c98001","Ultimate Guitar com PRO Tabs Site Rip GPX/s/steve_miller_band_2281/steve-miller-band_fly-like-an-eagle-official-2783737.gpx"
"1319","Steve Miller Band","Jet Airliner","EXISTING_DUPLICATE","EXISTING","SKIPPED_ALREADY_CURRENT","gpx","3","486","ENGLISH_TEXT_CHECK_PASS","0","NO","NO","","Existing artist/song or title variant — leave current song unchanged | Possible existing song or alternate title: Steve Miller Band — Jet Airliner","cec3f6a9fc314442600294f1e2c64771f3033dca29f45c0620da43489d82c0b9","Ultimate Guitar com PRO Tabs Site Rip GPX/s/steve_miller_band_2281/steve-miller-band_jet-airliner-official-2547165.gpx"
"1320","Steve Miller Band","Rock'N Me","EXISTING_DUPLICATE","EXISTING","SKIPPED_ALREADY_CURRENT","gpx","3","391","ENGLISH_TEXT_CHECK_PASS","0","NO","NO","","Existing artist/song or title variant — leave current song unchanged | Possible existing song or alternate title: Steve Miller Band — Rock'N Me","cb84fe6bf762869bb5feb4ca58352613c38812de29521f1d7c496f2c06852a14","Ultimate Guitar com PRO Tabs Site Rip GPX/s/steve_miller_band_2281/steve-miller-band_rockn-me-official-2746008.gpx"
"1321","Steve Miller Band","Take the Money and Run","EXISTING_DUPLICATE","EXISTING","SKIPPED_ALREADY_CURRENT","gpx","4","305","ENGLISH_TEXT_CHECK_PASS","0","NO","NO","","Existing artist/song or title variant — leave current song unchanged | Possible existing song or alternate title: Steve Miller Band — Take the Money and Run","0473a214a712ea669cd6273451dc9d627f53fd96eae7e1461b0763ee3212c8e2","Ultimate Guitar com PRO Tabs Site Rip GPX/s/steve_miller_band_2281/steve-miller-band_take-the-money-and-run-official-2114289.gpx"
"1322","Steve Miller Band","The Joker","EXISTING_DUPLICATE","EXISTING","SKIPPED_ALREADY_CURRENT","gpx","4","396","ENGLISH_TEXT_CHECK_PASS","0","NO","NO","","Existing artist/song or title variant — leave current song unchanged | Possible existing song or alternate title: Steve Miller Band — The Joker","79bae983de13823140009f40b1e4549d1d8f63c836b7237a0a8fdc1ba883f582","Ultimate Guitar com PRO Tabs Site Rip GPX/s/steve_miller_band_2281/steve-miller-band_the-joker-official-2493900.gpx"
"1323","Steve Winwood","higher love","REVIEWABLE_CHORD_SHEET","REVIEWABLE","PENDING_PARSE_AND_QA","gpx","7","423","ENGLISH_TEXT_CHECK_PASS","0","NO","NO","","","5660eb8e62d8aaefa74751502deb54ce4ef6ce4b2bc1792d918f891a67616b21","Ultimate Guitar com PRO Tabs Site Rip GPX/s/steve_winwood_11664/steve-winwood_higher-love-official-3339398.gpx"
"1324","Stevie Ray Vaughan and Double Trouble","Cold Shot","EXISTING_DUPLICATE","EXISTING","SKIPPED_ALREADY_CURRENT","gpx","7","172","ENGLISH_TEXT_CHECK_PASS","0","NO","YES","","Existing artist/song or title variant — leave current song unchanged","9f0f5971bc7922f91fae77f3e411d7d6aa826a77d631437052e5fb4336e99a6a","Ultimate Guitar com PRO Tabs Site Rip GPX/s/stevie_ray_vaughan_double_trouble_13991/stevie-ray-vaughan-double-trouble_cold-shot-official-2252351.gpx"
"1325","Stevie Ray Vaughan and Double Trouble","Crossfire","EXISTING_DUPLICATE","EXISTING","SKIPPED_ALREADY_CURRENT","gpx","3","200","ENGLISH_TEXT_CHECK_PASS","0","NO","NO","","Existing artist/song or title variant — leave current song unchanged","48d641bccf332c738c430351a6dd849ae8620c365f398f6205b3cd136ad0eef7","Ultimate Guitar com PRO Tabs Site Rip GPX/s/stevie_ray_vaughan_double_trouble_13991/stevie-ray-vaughan-double-trouble_crossfire-official-2795635.gpx"
"1326","Stevie Ray Vaughan and Double Trouble","lenny","TAB_ONLY_OR_EMPTY","HOLD","PENDING_PARSE_AND_QA","gpx","8","0","LANGUAGE_UNVERIFIED","110","NO","YES","","English lyrics not established from available text | Tab-only or empty extracted sheet | Exact locked transposer fails required round-trip or slash-bass preservation","88e3764155636cfe260390e48c62b9844b9e99de84d87ead6d834d2957738d44","Ultimate Guitar com PRO Tabs Site Rip GPX/s/stevie_ray_vaughan_double_trouble_13991/stevie-ray-vaughan-double-trouble_lenny-official-2480500.gpx"
"1327","Stevie Ray Vaughan and Double Trouble","Life without you","EXISTING_DUPLICATE","EXISTING","SKIPPED_ALREADY_CURRENT","gpx","14","139","ENGLISH_TEXT_CHECK_PASS","0","YES","YES","","Existing artist/song or title variant — leave current song unchanged","83fb093bf0a7b55b91ed339243ab82ae5f43fba2ff084fda63d7096997095412","Ultimate Guitar com PRO Tabs Site Rip GPX/s/stevie_ray_vaughan_double_trouble_13991/stevie-ray-vaughan-double-trouble_life-without-you-official-3179009.gpx"
"1328","Stevie Ray Vaughan and Double Trouble","little wing","TAB_ONLY_OR_EMPTY","HOLD","PENDING_PARSE_AND_QA","gpx","11","0","LANGUAGE_UNVERIFIED","0","YES","NO","","English lyrics not established from available text | Tab-only or empty extracted sheet","f4f2d2fe6ace745b7cf0327bbbcd9e8a2ead75d3bd1055b6e820aa0b92cb88a2","Ultimate Guitar com PRO Tabs Site Rip GPX/s/stevie_ray_vaughan_double_trouble_13991/stevie-ray-vaughan-double-trouble_little-wing-official-1956163.gpx"
"1329","Stevie Ray Vaughan and Double Trouble","look at little sister","LANGUAGE_UNVERIFIED","HOLD","PENDING_PARSE_AND_QA","gpx","5","204","LANGUAGE_UNVERIFIED","0","NO","NO","","English lyrics not established from available text","c21f1c3c387aebbc41a84edc3e57d1c315d6e1684437009552529c2da4c58917","Ultimate Guitar com PRO Tabs Site Rip GPX/s/stevie_ray_vaughan_double_trouble_13991/stevie-ray-vaughan-double-trouble_look-at-little-sister-official-3077303.gpx"
"1330","Stevie Ray Vaughan and Double Trouble","Mary Had A Little Lamb *alt","EXISTING_DUPLICATE","EXISTING","SKIPPED_ALREADY_CURRENT","gpx","3","82","ENGLISH_TEXT_CHECK_PASS","0","NO","NO","","Existing artist/song or title variant — leave current song unchanged","f7c4da842f16fb761ff062a8443717cddfcfa97715297f3937d5931fe2506cd8","Ultimate Guitar com PRO Tabs Site Rip GPX/s/stevie_ray_vaughan_double_trouble_13991/stevie-ray-vaughan-double-trouble_mary-had-a-little-lamb-official-1941863.gpx"
"1331","Stevie Ray Vaughan and Double Trouble","Pride And Joy *alt","EXISTING_DUPLICATE","EXISTING","SKIPPED_ALREADY_CURRENT","gpx","3","241","ENGLISH_TEXT_CHECK_PASS","66","NO","NO","","Existing artist/song or title variant — leave current song unchanged | Exact locked transposer fails required round-trip or slash-bass preservation","da06ec0cd138745dd3cc5faacecd124c834b3c5be7e50978a6e833f79265ae68","Ultimate Guitar com PRO Tabs Site Rip GPX/s/stevie_ray_vaughan_double_trouble_13991/stevie-ray-vaughan-double-trouble_pride-and-joy-official-1942869.gpx"
"1332","Stevie Ray Vaughan and Double Trouble","riviera paradise","TAB_ONLY_OR_EMPTY","HOLD","PENDING_PARSE_AND_QA","gpx","19","0","LANGUAGE_UNVERIFIED","45","YES","YES","","English lyrics not established from available text | Tab-only or empty extracted sheet | Exact locked transposer fails required round-trip or slash-bass preservation","27c690834c66267f6027049204f22ecc26624fe5ee0a49a82c41715ea5254c46","Ultimate Guitar com PRO Tabs Site Rip GPX/s/stevie_ray_vaughan_double_trouble_13991/stevie-ray-vaughan-double-trouble_riviera-paradise-official-2844803.gpx"
"1333","Stevie Ray Vaughan and Double Trouble","rude mood","TAB_ONLY_OR_EMPTY","HOLD","PENDING_PARSE_AND_QA","gpx","6","0","LANGUAGE_UNVERIFIED","46","NO","YES","","English lyrics not established from available text | Tab-only or empty extracted sheet | Exact locked transposer fails required round-trip or slash-bass preservation","8ac96d298ceb8a72e73149479a10c6d6e63bc160a4e197d72504c48d4c3fb2d0","Ultimate Guitar com PRO Tabs Site Rip GPX/s/stevie_ray_vaughan_double_trouble_13991/stevie-ray-vaughan-double-trouble_rude-mood-official-3567326.gpx"
"1334","Stevie Ray Vaughan and Double Trouble","scuttle buttin","TAB_ONLY_OR_EMPTY","HOLD","PENDING_PARSE_AND_QA","gpx","3","0","LANGUAGE_UNVERIFIED","0","NO","YES","","English lyrics not established from available text | Tab-only or empty extracted sheet","665c17a7403e75ad141f4e80467228de29cb880fdea70fa14697625709bbd989","Ultimate Guitar com PRO Tabs Site Rip GPX/s/stevie_ray_vaughan_double_trouble_13991/stevie-ray-vaughan-double-trouble_scuttle-buttin-official-1957229.gpx"
"1335","Stevie Ray Vaughan and Double Trouble","Texas Flood","EXISTING_DUPLICATE","EXISTING","SKIPPED_ALREADY_CURRENT","gpx","6","156","ENGLISH_TEXT_CHECK_PASS","0","NO","YES","","Existing artist/song or title variant — leave current song unchanged","3907a59505d8a8610e3fd3b9b8cc520e9d030d9e58ccdf4c7cafac695074d3a7","Ultimate Guitar com PRO Tabs Site Rip GPX/s/stevie_ray_vaughan_double_trouble_13991/stevie-ray-vaughan-double-trouble_texas-flood-official-1941867.gpx"
"1336","Stevie Ray Vaughan and Double Trouble","tightrope","REVIEWABLE_CHORD_SHEET","REVIEWABLE","PENDING_PARSE_AND_QA","gpx","8","274","ENGLISH_TEXT_CHECK_PASS","0","NO","YES","","","7c0f0ac7c4223f82f4a913a58f1c4de88344df32d19c505723aa17b06e397a4d","Ultimate Guitar com PRO Tabs Site Rip GPX/s/stevie_ray_vaughan_double_trouble_13991/stevie-ray-vaughan-double-trouble_tightrope-official-2983355.gpx"
"1337","Stevie Ray Vaughan and Double Trouble","Tin Pan Alley","EXISTING_DUPLICATE","EXISTING","SKIPPED_ALREADY_CURRENT","gpx","5","230","ENGLISH_TEXT_CHECK_PASS","0","NO","NO","","Existing artist/song or title variant — leave current song unchanged","502cf46942d25971b0ab94139adcbc4f112bc2302ce2f7092c3522a639ff81e9","Ultimate Guitar com PRO Tabs Site Rip GPX/s/stevie_ray_vaughan_double_trouble_13991/stevie-ray-vaughan-double-trouble_tin-pan-alley-official-1942889.gpx"
"1338","Stevie Ray Vaughan and Double Trouble","Voodoo Child","EXISTING_DUPLICATE","EXISTING","SKIPPED_ALREADY_CURRENT","gpx","5","140","ENGLISH_TEXT_CHECK_PASS","22","NO","NO","","Existing artist/song or title variant — leave current song unchanged | Exact locked transposer fails required round-trip or slash-bass preservation","d99e1da24b754fddaa369083a1eb4e9499b251510a6834cd0f9adaef47287978","Ultimate Guitar com PRO Tabs Site Rip GPX/s/stevie_ray_vaughan_double_trouble_13991/stevie-ray-vaughan-double-trouble_voodoo-chile-slight-return-official-2447569.gpx"
"1339","Stevie Wonder","higher ground","TRANSPOSE_FAILURE","HOLD","PENDING_PARSE_AND_QA","gpx","9","188","ENGLISH_TEXT_CHECK_PASS","111","YES","YES","","Parsed title disagrees with proposal title | Exact locked transposer fails required round-trip or slash-bass preservation","f9bc50562034b178c104705d4709daba79dbdb8b86aed636e56f106fad1a5f03","Ultimate Guitar com PRO Tabs Site Rip GPX/s/stevie_wonder_11597/stevie-wonder_higher-ground-official-3133499.gpx"
"1340","Stevie Wonder","i just called to say i love you","REVIEWABLE_CHORD_SHEET","REVIEWABLE","PENDING_PARSE_AND_QA","gpx","14","283","ENGLISH_TEXT_CHECK_PASS","0","YES","YES","","","2e4d3ac29b98a01a081e39b8a81384a706973d2b6443c350da5108aa86e78ad6","Ultimate Guitar com PRO Tabs Site Rip GPX/s/stevie_wonder_11597/stevie-wonder_i-just-called-to-say-i-love-you-official-2202337.gpx"
"1341","Stevie Wonder","signed sealed delivered im yours","REVIEWABLE_CHORD_SHEET","REVIEWABLE","PENDING_PARSE_AND_QA","gpx","4","231","ENGLISH_TEXT_CHECK_PASS","0","NO","NO","","","7d0d63cf51537aa2056765db1a203657401da75d626c3e938cd16626197d022d","Ultimate Guitar com PRO Tabs Site Rip GPX/s/stevie_wonder_11597/stevie-wonder_signed-sealed-delivered-im-yours-official-2919347.gpx"
"1342","Stevie Wonder","sir duke","TRANSPOSE_FAILURE","HOLD","PENDING_PARSE_AND_QA","gpx","15","324","ENGLISH_TEXT_CHECK_PASS","44","YES","YES","","Exact locked transposer fails required round-trip or slash-bass preservation","b56789f6e2c35ffc24b58af4a15e74d149af9ef6c77e210d25fa6c27793fbde6","Ultimate Guitar com PRO Tabs Site Rip GPX/s/stevie_wonder_11597/stevie-wonder_sir-duke-official-2207921.gpx"
"1343","Stevie Wonder","superstition","REVIEWABLE_CHORD_SHEET","REVIEWABLE","PENDING_PARSE_AND_QA","gpx","5","248","ENGLISH_TEXT_CHECK_PASS","0","NO","YES","","","df394f12a0066b6859c4de5e1830a3ca47d861f47fd412b44a795fe2bf219847","Ultimate Guitar com PRO Tabs Site Rip GPX/s/stevie_wonder_11597/stevie-wonder_superstition-official-2451755.gpx"
"1344","Stone Temple Pilots","Adhesive (2)","TAB_ONLY_OR_EMPTY","HOLD","PENDING_PARSE_AND_QA","gp3","0","0","LANGUAGE_UNVERIFIED","0","NO","NO","","English lyrics not established from available text | No usable chord symbols in extracted sheet | Tab-only or empty extracted sheet","cd225500303b2af0a51a9987f8a5bfba97f56fac189ff7e81c7c1e7212c30eac","GuitarPro_Tabs/Stone Temple Pilots - Adhesive (2).gp3"
"1345","Stone Temple Pilots","And So I Know","TAB_ONLY_OR_EMPTY","HOLD","PENDING_PARSE_AND_QA","gp3","0","0","LANGUAGE_UNVERIFIED","0","NO","NO","","English lyrics not established from available text | No usable chord symbols in extracted sheet | Tab-only or empty extracted sheet","18f34e7aa8d8d6e0e8e75ec1776c93b3d05db04bb18b721247215fd17aa5cd0b","GuitarPro_Tabs/Stone Temple Pilots - And So I Know.gp3"
"1346","Stone Temple Pilots","Army Ants","TAB_ONLY_OR_EMPTY","HOLD","PENDING_PARSE_AND_QA","gp3","0","0","LANGUAGE_UNVERIFIED","0","NO","NO","","English lyrics not established from available text | No usable chord symbols in extracted sheet | Tab-only or empty extracted sheet","4af2a1db4746446ddb8e767dee3a160d6e06ebef1e3eb1722e0444ff93c90b1c","GuitarPro_Tabs/Stone Temple Pilots - Army Ants.gp3"
"1347","Stone Temple Pilots","Art School Girl","TAB_ONLY_OR_EMPTY","HOLD","PENDING_PARSE_AND_QA","gp3","0","0","LANGUAGE_UNVERIFIED","0","NO","NO","","English lyrics not established from available text | No usable chord symbols in extracted sheet | Tab-only or empty extracted sheet","184e927a73fbf3638e7a20f4d1efe300e51fed268881b36417d74bab43c25190","GuitarPro_Tabs/Stone Temple Pilots - Art School Girl.gp3"
"1348","Stone Temple Pilots","Big Bang Baby","TAB_ONLY_OR_EMPTY","HOLD","PENDING_PARSE_AND_QA","gp3","0","0","LANGUAGE_UNVERIFIED","0","NO","NO","","English lyrics not established from available text | No usable chord symbols in extracted sheet | Tab-only or empty extracted sheet","f2cfab9833411ac3dca449a498baf5c7f4b4d57de10a9553c2594378054932d9","GuitarPro_Tabs/Stone Temple Pilots - Big Bang Baby.gp3"
"1349","Stone Temple Pilots","Daisy","TAB_ONLY_OR_EMPTY","HOLD","PENDING_PARSE_AND_QA","gp3","0","0","LANGUAGE_UNVERIFIED","0","NO","NO","","English lyrics not established from available text | No usable chord symbols in extracted sheet | Tab-only or empty extracted sheet","ff1fe17bc17a02dc6547f529bf3d46c8a24caafddd4e1ad66c3bce0191902cfe","GuitarPro_Tabs/Stone Temple Pilots - Daisy.gp3"
"1350","Stone Temple Pilots","Dead & Bloated","EXISTING_DUPLICATE","EXISTING","PENDING_PARSE_AND_QA","gp3","0","0","LANGUAGE_UNVERIFIED","0","NO","NO","","Existing artist/song or title variant — leave current song unchanged | Possible existing song or alternate title: Stone Temple Pilots — Dead And Bloated | English lyrics not established from available text | No usable chord symbols in extracted sheet | Tab-only or empty extracted sheet","63b965a9b49898079241e71f06b55736fac7a7d54bdca19e94a6edd168d8f570","GuitarPro_Tabs/Stone Temple Pilots - Dead & Bloated.gp3"
"1351","Stone Temple Pilots","Down","TAB_ONLY_OR_EMPTY","HOLD","PENDING_PARSE_AND_QA","gp3","0","0","LANGUAGE_UNVERIFIED","0","NO","NO","","English lyrics not established from available text | No usable chord symbols in extracted sheet | Tab-only or empty extracted sheet","0e7b1000a30cf7a7f805f36a7cf22485737407676445a5c83df97e82780dbcf8","GuitarPro_Tabs/Stone Temple Pilots - Down.gp3"
"1352","Stone Temple Pilots","i once sat at your table","TAB_ONLY_OR_EMPTY","HOLD","PENDING_PARSE_AND_QA","gpx","13","0","LANGUAGE_UNVERIFIED","92","YES","YES","","English lyrics not established from available text | Tab-only or empty extracted sheet | Exact locked transposer fails required round-trip or slash-bass preservation","a72b413189c8f64baff69a0f1744db11db69ce047ebbb7b56b7e7452cd211404","Ultimate Guitar com PRO Tabs Site Rip GPX/s/stone_temple_pilots_508/stone-temple-pilots_i-once-sat-at-your-table-official-3266075.gpx"
"1353","Stone Temple Pilots","Kitchenware & Candybars","TAB_ONLY_OR_EMPTY","HOLD","PENDING_PARSE_AND_QA","gp3","0","0","LANGUAGE_UNVERIFIED","0","NO","NO","","English lyrics not established from available text | No usable chord symbols in extracted sheet | Tab-only or empty extracted sheet","77493fc7dee8ce0fa5d88b464c728a90ce249b57666d39d530253fbd9ca75167","GuitarPro_Tabs/Stone Temple Pilots - Kitchenware & Candybars.gp3"
"1354","Stone Temple Pilots","Lounge Fly","TAB_ONLY_OR_EMPTY","HOLD","PENDING_PARSE_AND_QA","gp3","0","0","LANGUAGE_UNVERIFIED","0","NO","NO","","English lyrics not established from available text | No usable chord symbols in extracted sheet | Tab-only or empty extracted sheet","4112339ddeeb28d9d6b08d8d1ad57045258c03b2a240c4eccb2beed50ab1ba32","GuitarPro_Tabs/Stone Temple Pilots - Lounge Fly.gp3"
"1355","Stone Temple Pilots","Meatplow (2)","TAB_ONLY_OR_EMPTY","HOLD","PENDING_PARSE_AND_QA","gp3","0","0","LANGUAGE_UNVERIFIED","0","NO","NO","","English lyrics not established from available text | No usable chord symbols in extracted sheet | Tab-only or empty extracted sheet","81c56b41aa7da4065e17233da43c4b575ca421a533a880bcf561e73fdd07cca5","GuitarPro_Tabs/Stone Temple Pilots - Meatplow (2).gp3"
"1356","Stone Temple Pilots","Naked Sunday","TAB_ONLY_OR_EMPTY","HOLD","PENDING_PARSE_AND_QA","gp3","0","0","LANGUAGE_UNVERIFIED","0","NO","NO","","English lyrics not established from available text | No usable chord symbols in extracted sheet | Tab-only or empty extracted sheet","0349e72731a597422a5e8e4c3f59f487b4e975ccb337de9e7fe8dc90ba60eac2","GuitarPro_Tabs/Stone Temple Pilots - Naked Sunday.gp3"
"1357","Stone Temple Pilots","No Memory (2)","TAB_ONLY_OR_EMPTY","HOLD","PENDING_PARSE_AND_QA","gp3","0","0","LANGUAGE_UNVERIFIED","0","NO","NO","","English lyrics not established from available text | No usable chord symbols in extracted sheet | Tab-only or empty extracted sheet","8ad6a2b89110ca1f5f152790ebf753afbb4613c689b6eebdcfa2a31244fc0fe2","GuitarPro_Tabs/Stone Temple Pilots - No Memory (2).gp3"
"1358","Stone Temple Pilots","Piece of Pie","TAB_ONLY_OR_EMPTY","HOLD","PENDING_PARSE_AND_QA","gp3","0","0","LANGUAGE_UNVERIFIED","0","NO","NO","","English lyrics not established from available text | No usable chord symbols in extracted sheet | Tab-only or empty extracted sheet","1dc13bb8b13b8209ccec189b2c942180aae56c7e965dc366f2778ba362080557","GuitarPro_Tabs/Stone Temple Pilots - Piece of Pie.gp3"
"1359","Stone Temple Pilots","Pop 's Love Suicide","TAB_ONLY_OR_EMPTY","HOLD","PENDING_PARSE_AND_QA","gp3","0","0","LANGUAGE_UNVERIFIED","0","NO","NO","","English lyrics not established from available text | No usable chord symbols in extracted sheet | Tab-only or empty extracted sheet","afe0b74ed922a175ee3f0610c49a39702b499f8a305e4e89bf30c473cfb09c0f","GuitarPro_Tabs/Stone Temple Pilots - Pop 's Love Suicide.gp3"
"1360","Stone Temple Pilots","Press Play (2)","TAB_ONLY_OR_EMPTY","HOLD","PENDING_PARSE_AND_QA","gp3","0","0","LANGUAGE_UNVERIFIED","0","NO","NO","","English lyrics not established from available text | No usable chord symbols in extracted sheet | Tab-only or empty extracted sheet","602f6cc4e3085e3920accafab43330b99d39c2577709af3246dcc951f916a574","GuitarPro_Tabs/Stone Temple Pilots - Press Play (2).gp3"
"1361","Stone Temple Pilots","Pretty Penny","TAB_ONLY_OR_EMPTY","HOLD","PENDING_PARSE_AND_QA","gp3","1","0","LANGUAGE_UNVERIFIED","0","NO","NO","","English lyrics not established from available text | Tab-only or empty extracted sheet","1b7fe109366df365fea858d92b36da59d749de79381eac0f4d95714e8e66f5ab","GuitarPro_Tabs/Stone Temple Pilots - Pretty Penny.gp3"
"1362","Stone Temple Pilots","Ride the Cliché","TAB_ONLY_OR_EMPTY","HOLD","PENDING_PARSE_AND_QA","gp3","0","0","LANGUAGE_UNVERIFIED","0","NO","NO","","English lyrics not established from available text | No usable chord symbols in extracted sheet | Tab-only or empty extracted sheet","dd1aa2b0a816fecfaf1448cf36653b9abbded850a211462a37e534c41a6a4055","GuitarPro_Tabs/Stone Temple Pilots - Ride the Cliché.gp3"
"1363","Stone Temple Pilots","Seven Caged Tigers","TAB_ONLY_OR_EMPTY","HOLD","PENDING_PARSE_AND_QA","gp3","0","0","LANGUAGE_UNVERIFIED","0","NO","NO","","English lyrics not established from available text | No usable chord symbols in extracted sheet | Tab-only or empty extracted sheet","79ba2584e43de008497d4ca7bb083cc5ae4e7c89da18bafa275eba3549abec1a","GuitarPro_Tabs/Stone Temple Pilots - Seven Caged Tigers.gp3"
"1364","Stone Temple Pilots","Silvergun Superman","TAB_ONLY_OR_EMPTY","HOLD","PENDING_PARSE_AND_QA","gp3","0","0","LANGUAGE_UNVERIFIED","0","NO","NO","","English lyrics not established from available text | No usable chord symbols in extracted sheet | Tab-only or empty extracted sheet","aa33d19f7e70932807b1d21ea84031fca9639e03a288e555d5364bf5f0a99367","GuitarPro_Tabs/Stone Temple Pilots - Silvergun Superman.gp3"
"1365","Stone Temple Pilots","Sin (2)","TAB_ONLY_OR_EMPTY","HOLD","PENDING_PARSE_AND_QA","gp3","0","0","LANGUAGE_UNVERIFIED","0","NO","NO","","English lyrics not established from available text | No usable chord symbols in extracted sheet | Tab-only or empty extracted sheet","49a49c11670c025eb9ac3f18864d13890307324b0c28783eb2c417fab482df98","GuitarPro_Tabs/Stone Temple Pilots - Sin (2).gp3"
"1366","Stone Temple Pilots","sour girl","TRANSPOSE_FAILURE","HOLD","PENDING_PARSE_AND_QA","gpx","14","347","ENGLISH_TEXT_CHECK_PASS","161","YES","YES","","Exact locked transposer fails required round-trip or slash-bass preservation","442d8192fa435011fb292f2316e8e2bb38dc712851399fed2ab012d1e285aafa","Ultimate Guitar com PRO Tabs Site Rip GPX/s/stone_temple_pilots_508/stone-temple-pilots_sour-girl-official-3310409.gpx"
"1367","Stone Temple Pilots","Tumble in the Rough","TAB_ONLY_OR_EMPTY","HOLD","PENDING_PARSE_AND_QA","gp3","0","0","LANGUAGE_UNVERIFIED","0","NO","NO","","English lyrics not established from available text | No usable chord symbols in extracted sheet | Tab-only or empty extracted sheet","eba0858f4a6691bc70d5403a7e5464d857d08b4c0416cb9946ea0edf5e0afac7","GuitarPro_Tabs/Stone Temple Pilots - Tumble in the Rough.gp3"
"1368","Stone Temple Pilots","Unglued (2)","TAB_ONLY_OR_EMPTY","HOLD","PENDING_PARSE_AND_QA","gp3","0","0","LANGUAGE_UNVERIFIED","0","NO","NO","","English lyrics not established from available text | No usable chord symbols in extracted sheet | Tab-only or empty extracted sheet","caefcb371620b496bda8b21ad486160f36fed46bf71191d8ea121142413d6826","GuitarPro_Tabs/Stone Temple Pilots - Unglued (2).gp3"
"1369","Stone Temple Pilots","Wet My Bed","TAB_ONLY_OR_EMPTY","HOLD","PENDING_PARSE_AND_QA","gp3","0","0","LANGUAGE_UNVERIFIED","0","NO","NO","","English lyrics not established from available text | No usable chord symbols in extracted sheet | Tab-only or empty extracted sheet","4073b9006f219f1562a2c49c4b288184aa8d4d96ffb067c3f731f0553394c814","GuitarPro_Tabs/Stone Temple Pilots - Wet My Bed.gp3"
"1370","Stone Temple Pilots","Where The River Goes","TAB_ONLY_OR_EMPTY","HOLD","PENDING_PARSE_AND_QA","gp3","0","0","LANGUAGE_UNVERIFIED","0","NO","NO","","English lyrics not established from available text | No usable chord symbols in extracted sheet | Tab-only or empty extracted sheet","55520f26c277283d88ce0ff4941f1c4daf3ebf161fec78fce399be7e82cd5459","GuitarPro_Tabs/Stone Temple Pilots - Where The River Goes.gp3"
"1371","Styx","Blue Collar Man","TAB_ONLY_OR_EMPTY","HOLD","PENDING_PARSE_AND_QA","gp3","0","0","LANGUAGE_UNVERIFIED","0","NO","NO","","Similar proposed title also exists in this queue; choose at most one after identity review. | English lyrics not established from available text | No usable chord symbols in extracted sheet | Tab-only or empty extracted sheet","b60d58411a22464ec96d275e4907b2cfca0849baa84b66631c358af3fa41d0b1","GuitarPro_Tabs/Styx - Blue Collar Man.gp3"
"1372","Styx","Blue Collar Man (Long Nights)","TAB_ONLY_OR_EMPTY","HOLD","PENDING_PARSE_AND_QA","gp3","0","0","LANGUAGE_UNVERIFIED","0","NO","NO","","Similar proposed title also exists in this queue; choose at most one after identity review. | English lyrics not established from available text | No usable chord symbols in extracted sheet | Tab-only or empty extracted sheet","16b54f8f8cd3d96973cebf2711309be8272e53185ff291956d97755ec77907ca","GuitarPro_Tabs/Styx - Blue Collar Man (Long Nights).gp3"
"1373","Styx","Crystal Ball","EXISTING_DUPLICATE","EXISTING","SKIPPED_ALREADY_CURRENT","gpx","15","303","ENGLISH_TEXT_CHECK_PASS","46","YES","YES","","Existing artist/song or title variant — leave current song unchanged | Exact locked transposer fails required round-trip or slash-bass preservation","52a953c30e5e719040ab78a7e857519d35d51b5699693f9be4ce841d509129fb","Ultimate Guitar com PRO Tabs Site Rip GPX/s/styx_341/styx_crystal-ball-official-2570298.gpx"
"1374","Styx","Mrs America","TAB_ONLY_OR_EMPTY","HOLD","PENDING_PARSE_AND_QA","gp3","1","0","LANGUAGE_UNVERIFIED","0","NO","YES","America","English lyrics not established from available text | Locked renderer has no chord shape for: America | Tab-only or empty extracted sheet","cbe93d6de9716b4fa74ac31d7990984eba63bcb42d8907ceaeb6bed4fde134de","GuitarPro_Tabs/Styx - Mrs America.gp3"
"1375","Sublime","April 29, 1992 (Miami)","TAB_ONLY_OR_EMPTY","HOLD","PENDING_PARSE_AND_QA","gp3","0","0","LANGUAGE_UNVERIFIED","0","NO","NO","","English lyrics not established from available text | No usable chord symbols in extracted sheet | Tab-only or empty extracted sheet","6e93fe232d33e4ca6334c37dde25c83a7a922ed2ac52deedfddeb996e15c8858","GuitarPro_Tabs/Sublime - April 29, 1992 (Miami).gp3"
"1376","Sublime","badfish","TRANSPOSE_FAILURE","HOLD","PENDING_PARSE_AND_QA","gpx","7","195","ENGLISH_TEXT_CHECK_PASS","23","NO","YES","","Exact locked transposer fails required round-trip or slash-bass preservation","f54167708c5488d5eff5160f4a5a6df7196d3f4f5f7a09e4c5045d590c21dd8c","Ultimate Guitar com PRO Tabs Site Rip GPX/s/sublime_470/sublime_badfish-official-2496696.gpx"
"1377","Sublime","Caress Me Down","TAB_ONLY_OR_EMPTY","HOLD","PENDING_PARSE_AND_QA","gp3","0","0","LANGUAGE_UNVERIFIED","0","NO","NO","","English lyrics not established from available text | No usable chord symbols in extracted sheet | Tab-only or empty extracted sheet","7a8f02ec2737f94f389469195e51d5c9375292378858dab4d2c98e8d380dfa0f","GuitarPro_Tabs/Sublime - Caress Me Down.gp3"
"1378","Sublime","date rape","TRANSPOSE_FAILURE","HOLD","PENDING_PARSE_AND_QA","gpx","14","569","ENGLISH_TEXT_CHECK_PASS","22","YES","NO","","Exact locked transposer fails required round-trip or slash-bass preservation","477a25d612fd799f30858631017de855c51cc318c59f424cbc58f222e1bf6521","Ultimate Guitar com PRO Tabs Site Rip GPX/s/sublime_470/sublime_date-rape-official-2473788.gpx"
"1379","Sublime","Falling Idols","TAB_ONLY_OR_EMPTY","HOLD","PENDING_PARSE_AND_QA","gp3","0","0","LANGUAGE_UNVERIFIED","0","NO","NO","","English lyrics not established from available text | No usable chord symbols in extracted sheet | Tab-only or empty extracted sheet","14f8ab4b3b4a167b559dc9ffdad56adbf6253bb064ccb26bc507d84c57e27a30","GuitarPro_Tabs/Sublime - Falling Idols.gp3"
"1380","Sublime","Right Back","TAB_ONLY_OR_EMPTY","HOLD","PENDING_PARSE_AND_QA","gp3","0","0","LANGUAGE_UNVERIFIED","0","NO","NO","","English lyrics not established from available text | No usable chord symbols in extracted sheet | Tab-only or empty extracted sheet","ca3512b2aafddbf7db3f8431936e57b2221ddf60ceb25bb5cc3baaf116f271f3","GuitarPro_Tabs/Sublime - Right Back.gp3"
"1381","Sublime","Same in the End","TAB_ONLY_OR_EMPTY","HOLD","PENDING_PARSE_AND_QA","gp3","0","0","LANGUAGE_UNVERIFIED","0","NO","NO","","English lyrics not established from available text | No usable chord symbols in extracted sheet | Tab-only or empty extracted sheet","67a5cbee1a7750558ae7808d23cea71ac58e248bbfc590618369a3e6c362df7a","GuitarPro_Tabs/Sublime - Same in the End.gp3"
"1382","Sublime","Superstar Punani","TAB_ONLY_OR_EMPTY","HOLD","PENDING_PARSE_AND_QA","gp3","0","0","LANGUAGE_UNVERIFIED","0","NO","NO","","English lyrics not established from available text | No usable chord symbols in extracted sheet | Tab-only or empty extracted sheet","4718bb2d7f38916da0c2c155bbc5f3a9ab1f5cbc081b1d483a7df0a949f39b9b","GuitarPro_Tabs/Sublime - Superstar Punani.gp3"
"1383","Sublime","wrong way","REVIEWABLE_CHORD_SHEET","REVIEWABLE","PENDING_PARSE_AND_QA","gpx","7","373","ENGLISH_TEXT_CHECK_PASS","0","NO","NO","","","6e00e2118634233a74e01525a3e8409803baf4d2fc0f35529a8322687b81f10f","Ultimate Guitar com PRO Tabs Site Rip GPX/s/sublime_470/sublime_wrong-way-official-2555697.gpx"
"1384","Suzanne Vega","toms diner","REVIEWABLE_CHORD_SHEET","REVIEWABLE","PENDING_PARSE_AND_QA","gpx","2","281","ENGLISH_TEXT_CHECK_PASS","0","NO","YES","","","06cbc3e04395fbe81f611cdc2228e2efb45930459bd243d18cf551c0189b1295","Ultimate Guitar com PRO Tabs Site Rip GPX/s/suzanne_vega_11521/suzanne-vega_toms-diner-official-2568645.gpx"
"1385","The Allman Brothers Band","blue sky","REVIEWABLE_CHORD_SHEET","REVIEWABLE","PENDING_PARSE_AND_QA","gpx","7","139","ENGLISH_TEXT_CHECK_PASS","0","NO","NO","","","042ac24cd973f3e53d4f72304ad39006a9109bdff269fd35393d2b349c148a26","Ultimate Guitar com PRO Tabs Site Rip GPX/t/the_allman_brothers_band_8885/the-allman-brothers-band_blue-sky-official-2758167.gpx"
"1386","The Allman Brothers Band","in memory of elizabeth reed","TAB_ONLY_OR_EMPTY","HOLD","PENDING_PARSE_AND_QA","gpx","8","0","LANGUAGE_UNVERIFIED","0","NO","YES","","English lyrics not established from available text | Tab-only or empty extracted sheet","1fc1b93a0ecdb34a185f98fb67b06eba3ed73d795c7bb96e101c30f640133425","Ultimate Guitar com PRO Tabs Site Rip GPX/t/the_allman_brothers_band_8885/the-allman-brothers-band_in-memory-of-elizabeth-reed-official-2971487.gpx"
"1387","The Allman Brothers Band","jessica","TAB_ONLY_OR_EMPTY","HOLD","PENDING_PARSE_AND_QA","gpx","13","0","LANGUAGE_UNVERIFIED","46","YES","YES","","English lyrics not established from available text | Tab-only or empty extracted sheet | Exact locked transposer fails required round-trip or slash-bass preservation","6f630174cd83ddc2aeec9ffdbc6082ee7895d4c89123e6cf0bd354ff9d61e819","Ultimate Guitar com PRO Tabs Site Rip GPX/t/the_allman_brothers_band_8885/the-allman-brothers-band_jessica-official-2540433.gpx"
"1388","The Allman Brothers Band","little martha","TAB_ONLY_OR_EMPTY","HOLD","PENDING_PARSE_AND_QA","gpx","12","0","LANGUAGE_UNVERIFIED","92","YES","YES","","English lyrics not established from available text | Tab-only or empty extracted sheet | Exact locked transposer fails required round-trip or slash-bass preservation","297a68b4a052d812b348c30177803f6309eca67f414ef08de5505e1cf49c5a1d","Ultimate Guitar com PRO Tabs Site Rip GPX/t/the_allman_brothers_band_8885/the-allman-brothers-band_little-martha-official-2238717.gpx"
"1389","The Allman Brothers Band","Rambling Man","TAB_ONLY_OR_EMPTY","HOLD","PENDING_PARSE_AND_QA","gp3","0","0","LANGUAGE_UNVERIFIED","0","NO","NO","","English lyrics not established from available text | No usable chord symbols in extracted sheet | Tab-only or empty extracted sheet","16a63b0e134a53214867596a66c80143e79b540864328b984d39b1808cae7c40","GuitarPro_Tabs/Allman Brothers Band (The) - Rambling Man.gp3"
"1390","The Allman Brothers Band","Stateboro Blues","TAB_ONLY_OR_EMPTY","HOLD","PENDING_PARSE_AND_QA","gp3","3","0","LANGUAGE_UNVERIFIED","0","NO","NO","D5 | G5 | A5","English lyrics not established from available text | Locked renderer has no chord shape for: D5, G5, A5 | Tab-only or empty extracted sheet","dbfcde130f5ae3e89d650e6517e2c57ab3174e6eff8d6783728dfac4f783f4da","GuitarPro_Tabs/Allman Brothers Band (The) - Stateboro Blues.gp3"
"1391","The Allman Brothers Band","whipping post","TRANSPOSE_FAILURE","HOLD","PENDING_PARSE_AND_QA","gpx","18","213","ENGLISH_TEXT_CHECK_PASS","22","YES","YES","","Exact locked transposer fails required round-trip or slash-bass preservation","0be7d28acc4bf1a401af21476ce9ceeaa4820ec85f918363301ed366a8ec1377","Ultimate Guitar com PRO Tabs Site Rip GPX/t/the_allman_brothers_band_8885/the-allman-brothers-band_whipping-post-official-2639163.gpx"
"1392","The Animals","House of Rising Sun (2)","EXISTING_DUPLICATE","EXISTING","PENDING_PARSE_AND_QA","gp3","0","0","LANGUAGE_UNVERIFIED","0","NO","NO","","Existing artist/song or title variant — leave current song unchanged | Possible existing song or alternate title: The Animals — House Of The Rising Sun | Similar proposed title also exists in this queue; choose at most one after identity review. | English lyrics not established from available text | No usable chord symbols in extracted sheet | Tab-only or empty extracted sheet","ae26cf6fa6ef63249ffc831f484ced36cca84a871fa04a4f255151859b911e71","GuitarPro_Tabs/Animals (The) - House of Rising Sun (2).gp3"
"1393","The Animals","House of the Rising Sun (C&H)","EXISTING_DUPLICATE","EXISTING","PENDING_PARSE_AND_QA","gp3","0","0","LANGUAGE_UNVERIFIED","0","NO","NO","","Existing artist/song or title variant — leave current song unchanged | Possible existing song or alternate title: The Animals — House Of The Rising Sun | Similar proposed title also exists in this queue; choose at most one after identity review. | English lyrics not established from available text | No usable chord symbols in extracted sheet | Tab-only or empty extracted sheet","9d68f1bb6cf1bebf238cbeba58fefcba10c3842fae68d2487040d44d0394bf2e","GuitarPro_Tabs/Animals (The) - House of the Rising Sun (C&H).gp3"
"1394","The Animals","The House of the Rising Sun","EXISTING_DUPLICATE","EXISTING","PENDING_PARSE_AND_QA","gp3","5","0","LANGUAGE_UNVERIFIED","0","NO","NO","","Existing artist/song or title variant — leave current song unchanged | Possible existing song or alternate title: The Animals — House Of The Rising Sun | Similar proposed title also exists in this queue; choose at most one after identity review. | English lyrics not established from available text | Tab-only or empty extracted sheet","7d130ea1a953e14815709455c70a9f0ebcf6e8f57f49302b86c5be749005062b","GuitarPro_Tabs/Animals (The) - The House of the Rising Sun.gp3"
"1395","The Animals","We Gotta Get Out of this Place","TAB_ONLY_OR_EMPTY","HOLD","PENDING_PARSE_AND_QA","gp3","0","0","LANGUAGE_UNVERIFIED","0","NO","NO","","English lyrics not established from available text | No usable chord symbols in extracted sheet | Tab-only or empty extracted sheet","7a39c7ae003e280c60db633d5bb5be5326cb0b7c456d33f73e7a2e6f5f5440b5","GuitarPro_Tabs/Animals - We Gotta Get Out of this Place.gp3"
"1396","The Band","ophelia","REVIEWABLE_CHORD_SHEET","REVIEWABLE","PENDING_PARSE_AND_QA","gpx","9","176","ENGLISH_TEXT_CHECK_PASS","0","YES","YES","","","9d9e85d88ddecd519bb971f5223863adb96db2086a587554e5d4648f6fc7eee5","Ultimate Guitar com PRO Tabs Site Rip GPX/t/the_band_19980/the-band_ophelia-official-3375509.gpx"
"1397","The Band","up on cripple creek","REVIEWABLE_CHORD_SHEET","REVIEWABLE","PENDING_PARSE_AND_QA","gpx","6","543","ENGLISH_TEXT_CHECK_PASS","0","NO","NO","","","262c991a134acac4b41ca3292e9722c7f32d4c3d78d92e60637e5f4d9cd61582","Ultimate Guitar com PRO Tabs Site Rip GPX/t/the_band_19980/the-band_up-on-cripple-creek-official-1975205.gpx"
"1398","The Bangles","hazy shade of winter","REVIEWABLE_CHORD_SHEET","REVIEWABLE","PENDING_PARSE_AND_QA","gpx","5","234","ENGLISH_TEXT_CHECK_PASS","0","NO","NO","","","304cab0104753302b50cc42604001823bbdfbacfe0c9bbb169e2fe0dc36d3f23","Ultimate Guitar com PRO Tabs Site Rip GPX/t/the_bangles_2780/the-bangles_hazy-shade-of-winter-official-2772937.gpx"
"1399","The Bangles","walk like an egyptian","REVIEWABLE_CHORD_SHEET","REVIEWABLE","PENDING_PARSE_AND_QA","gpx","3","281","ENGLISH_TEXT_CHECK_PASS","0","NO","NO","","","95d2c879d87a22bb85e573fc2dd717f3df27380caf1d7a6493d36e96f35003dc","Ultimate Guitar com PRO Tabs Site Rip GPX/t/the_bangles_2780/the-bangles_walk-like-an-egyptian-official-2782207.gpx"
"1400","The Beach Boys","Beach Boy Stomp (Karate)","TAB_ONLY_OR_EMPTY","HOLD","PENDING_PARSE_AND_QA","gp4","0","0","LANGUAGE_UNVERIFIED","0","NO","NO","","English lyrics not established from available text | No usable chord symbols in extracted sheet | Tab-only or empty extracted sheet","028ecd119905bab109db10f9d1261ae2d5d493635804a78a3636e5085355d741","GuitarPro_Tabs/Beach Boys (The) - Beach Boy Stomp (Karate).gp4"
"1401","The Beach Boys","good vibrations","TRANSPOSE_FAILURE","HOLD","PENDING_PARSE_AND_QA","gpx","17","276","ENGLISH_TEXT_CHECK_PASS","46","YES","YES","","Exact locked transposer fails required round-trip or slash-bass preservation","5afc0a8b9985183727f18540ab4c6fef1e3c9a3aeeb055d9dba6bdbc9c820837","Ultimate Guitar com PRO Tabs Site Rip GPX/t/the_beach_boys_1879/the-beach-boys_good-vibrations-official-2824832.gpx"
"1402","The Beach Boys","kokomo","TRANSPOSE_FAILURE","HOLD","PENDING_PARSE_AND_QA","gpx","12","439","ENGLISH_TEXT_CHECK_PASS","22","YES","YES","A-","Locked renderer has no chord shape for: A- | Exact locked transposer fails required round-trip or slash-bass preservation","cbe34a722d1315194b3702658799a91ffb89d17c33866ab6fe6f23a638e62a6c","Ultimate Guitar com PRO Tabs Site Rip GPX/t/the_beach_boys_1879/the-beach-boys_kokomo-official-3012764.gpx"
"1403","The Beach Boys","Surfin ' USA - Intro+Solo","EXISTING_DUPLICATE","EXISTING","PENDING_PARSE_AND_QA","gp3","0","0","LANGUAGE_UNVERIFIED","0","NO","NO","","Existing artist/song or title variant — leave current song unchanged | Possible existing song or alternate title: The Beach Boys — Surfin' U.S.A. | May be a medley, fragment or exercise; full-song identity needs confirmation. | English lyrics not established from available text | No usable chord symbols in extracted sheet | Tab-only or empty extracted sheet","c0fbe096d697035380f0acde482805519f9d29b6517e7e9c93a3eaee702f05ef","GuitarPro_Tabs/Beach Boys (The) - Surfin ' USA - Intro+Solo.gp3"
"1404","The Beach Boys","What Is A Young Girl","TAB_ONLY_OR_EMPTY","HOLD","PENDING_PARSE_AND_QA","gp4","4","0","LANGUAGE_UNVERIFIED","0","NO","NO","","English lyrics not established from available text | Tab-only or empty extracted sheet","990ae242e81ee459bc0d8156e2682b30f25714ec5ae468ee54b854ffc04361d6","GuitarPro_Tabs/Beach Boys (The) - What Is A Young Girl.gp4"
"1405","The Beatles","a hard days night","TRANSPOSE_FAILURE","HOLD","PENDING_PARSE_AND_QA","gpx","10","274","ENGLISH_TEXT_CHECK_PASS","23","YES","YES","","Exact locked transposer fails required round-trip or slash-bass preservation","198544ea03907866c7ae9ac6fb2160a0d0367a7a719149e163be226378a06157","Ultimate Guitar com PRO Tabs Site Rip GPX/t/the_beatles_1916/the-beatles_a-hard-days-night-official-1946313.gpx"
"1406","The Beatles","Abbey Road Medley","TAB_ONLY_OR_EMPTY","HOLD","PENDING_PARSE_AND_QA","gp4","0","0","LANGUAGE_UNVERIFIED","0","NO","NO","","May be a medley, fragment or exercise; full-song identity needs confirmation. | English lyrics not established from available text | No usable chord symbols in extracted sheet | Tab-only or empty extracted sheet","a96fa3852f8803007d39affc4b76e3cc5304f7c66a0b01dd2c4b23bdef6766ec","GuitarPro_Tabs/Beatles (The) - Abbey Road Medley.gp4"
"1407","The Beatles","across the universe","TRANSPOSE_FAILURE","HOLD","PENDING_PARSE_AND_QA","gpx","9","297","ENGLISH_TEXT_CHECK_PASS","46","YES","YES","","Exact locked transposer fails required round-trip or slash-bass preservation","1350d91a7390ad9dd2ed839ae68695340336285dafda1bd383faafa879638138","Ultimate Guitar com PRO Tabs Site Rip GPX/t/the_beatles_1916/the-beatles_across-the-universe-official-2141841.gpx"
"1408","The Beatles","act naturally","REVIEWABLE_CHORD_SHEET","REVIEWABLE","PENDING_PARSE_AND_QA","gpx","4","265","ENGLISH_TEXT_CHECK_PASS","0","NO","NO","","","8ea5851a11c69a37e13e6eaa25817ed383d4be4f2e26eb6accd9c7f6e59b1908","Ultimate Guitar com PRO Tabs Site Rip GPX/t/the_beatles_1916/the-beatles_act-naturally-official-2212843.gpx"
"1409","The Beatles","And You're Bird Can Sing","TAB_ONLY_OR_EMPTY","HOLD","PENDING_PARSE_AND_QA","gp3","0","0","LANGUAGE_UNVERIFIED","0","NO","NO","","English lyrics not established from available text | No usable chord symbols in extracted sheet | Tab-only or empty extracted sheet","be48d580bb6ea25f8578336d7ee8f2ea0cea64bc5c044ff4828c74febe69f6d8","GuitarPro_Tabs/Beatles (The) - And You're Bird Can Sing.gp3"
"1410","The Beatles","Baby You 're A Rich Man","TAB_ONLY_OR_EMPTY","HOLD","PENDING_PARSE_AND_QA","gp4","0","0","LANGUAGE_UNVERIFIED","0","NO","NO","","English lyrics not established from available text | No usable chord symbols in extracted sheet | Tab-only or empty extracted sheet","9f7850961010763e3a24a9d531fc8912a978ca5efde7accdb171d312dc85fc55","GuitarPro_Tabs/Beatles (The) - Baby You 're A Rich Man.gp4"
"1411","The Beatles","back in the ussr","TRANSPOSE_FAILURE","HOLD","PENDING_PARSE_AND_QA","gpx","11","305","ENGLISH_TEXT_CHECK_PASS","69","YES","YES","","Exact locked transposer fails required round-trip or slash-bass preservation","5223b62430083bf4accc9ffd577255a56dddb73685d496c7b840888009c7604c","Ultimate Guitar com PRO Tabs Site Rip GPX/t/the_beatles_1916/the-beatles_back-in-the-ussr-official-1989845.gpx"
"1412","The Beatles","Beatles (The) - Another Girl","EXISTING_DUPLICATE","EXISTING","PENDING_PARSE_AND_QA","gp3","0","0","LANGUAGE_UNVERIFIED","0","NO","NO","","Parsed title disagrees with proposal title | Existing artist/song or title variant — leave current song unchanged | Artist name appears inside the source title. | Possible existing song or alternate title: Beatles — Another Girl | English lyrics not established from available text | No usable chord symbols in extracted sheet | Tab-only or empty extracted sheet","71ea62736a26675796c38d5ad9727e9ed540f0ebcb633531e937b81b11b6fec1","GuitarPro_Tabs/Beatles (The) - Beatles (The) - Another Girl.gp3"
"1413","The Beatles","Can't Buy Me Love (Intro - Solo)","EXISTING_DUPLICATE","EXISTING","PENDING_PARSE_AND_QA","gp3","3","0","LANGUAGE_UNVERIFIED","0","NO","YES","C7 (4bars) F7 2 bars | C7 2bars G7 1bar | F7 2bars C7 1bar","Existing artist/song or title variant — leave current song unchanged | Possible existing song or alternate title: The Beatles — Can't Buy Me Love | May be a medley, fragment or exercise; full-song identity needs confirmation. | English lyrics not established from available text | Locked renderer has no chord shape for: C7 (4bars) F7 2 bars, C7 2bars G7 1bar, F7 2bars C7 1bar | Tab-only or empty extracted sheet","010156c1fc7ca95e17a7be6b506891fe7d09ed9572961e00ee7a7d00db72c185","GuitarPro_Tabs/Beatles (The) - Can't Buy Me Love (Intro - Solo).gp3"
"1414","The Beatles","come together","REVIEWABLE_CHORD_SHEET","REVIEWABLE","PENDING_PARSE_AND_QA","gpx","4","247","ENGLISH_TEXT_CHECK_PASS","0","NO","NO","","","aedc21b42c07e45bdaf813e27998d98d9294e79c2823680482f00134290d58b1","Ultimate Guitar com PRO Tabs Site Rip GPX/t/the_beatles_1916/the-beatles_come-together-official-1950291.gpx"
"1415","The Beatles","dig a pony","REVIEWABLE_CHORD_SHEET","REVIEWABLE","PENDING_PARSE_AND_QA","gpx","7","248","ENGLISH_TEXT_CHECK_PASS","0","NO","NO","","","d4d7f030eeae78294bea7942d2b15e82bd19112683faa4d1a68b485b7fd33061","Ultimate Guitar com PRO Tabs Site Rip GPX/t/the_beatles_1916/the-beatles_dig-a-pony-official-2660964.gpx"
"1416","The Beatles","Don 't Pass Me By","TAB_ONLY_OR_EMPTY","HOLD","PENDING_PARSE_AND_QA","gp3","0","0","LANGUAGE_UNVERIFIED","0","NO","NO","","English lyrics not established from available text | No usable chord symbols in extracted sheet | Tab-only or empty extracted sheet","ba20a38dbbe1c1e273c39218c622c6cbf117a8e5e7ae40b176c8fb37fe4094a2","GuitarPro_Tabs/Beatles (The) - Don 't Pass Me By.gp3"
"1417","The Beatles","Eleanor Rigby (metal version)","EXISTING_DUPLICATE","EXISTING","PENDING_PARSE_AND_QA","gp3","0","0","LANGUAGE_UNVERIFIED","0","NO","NO","","Existing artist/song or title variant — leave current song unchanged | Possible existing song or alternate title: The Beatles — Eleanor Rigby | English lyrics not established from available text | No usable chord symbols in extracted sheet | Tab-only or empty extracted sheet","70d17f5c297f88a97b9b0b75ae68eabe72a294cd1830ad45654eb56266f87b35","GuitarPro_Tabs/Beatles (The) - Eleanor Rigby (metal version).gp3"
"1418","The Beatles","flying","TAB_ONLY_OR_EMPTY","HOLD","PENDING_PARSE_AND_QA","gpx","5","0","LANGUAGE_UNVERIFIED","0","NO","NO","","English lyrics not established from available text | Tab-only or empty extracted sheet","7099c56eaea876d70f332fa19daba5dcae6832d5c215680abeb585eedf801378","Ultimate Guitar com PRO Tabs Site Rip GPX/t/the_beatles_1916/the-beatles_flying-official-2002371.gpx"
"1419","The Beatles","For Your Blue","TAB_ONLY_OR_EMPTY","HOLD","PENDING_PARSE_AND_QA","gp3","0","0","LANGUAGE_UNVERIFIED","0","NO","NO","","English lyrics not established from available text | No usable chord symbols in extracted sheet | Tab-only or empty extracted sheet","a20ca1465417f60123c86c8e908781b47e49b1c5c1e52363463ee6c705bd98c5","GuitarPro_Tabs/Beatles (The) - For Your Blue.gp3"
"1420","The Beatles","Good Morning Good Morning","TAB_ONLY_OR_EMPTY","HOLD","PENDING_PARSE_AND_QA","gp3","0","0","LANGUAGE_UNVERIFIED","0","NO","NO","","English lyrics not established from available text | No usable chord symbols in extracted sheet | Tab-only or empty extracted sheet","2c4fd10330c244b6ae9166f25661bb7293ca065996dea206df84e81b0e1679c4","GuitarPro_Tabs/Beatles (The) - Good Morning Good Morning.gp3"
"1421","The Beatles","Goodnight","TAB_ONLY_OR_EMPTY","HOLD","PENDING_PARSE_AND_QA","gp4","0","0","LANGUAGE_UNVERIFIED","0","NO","NO","","English lyrics not established from available text | No usable chord symbols in extracted sheet | Tab-only or empty extracted sheet","25905c0ad18be3f11788d5390b5b17d51472507454d0e1a502662b2b3be5483e","GuitarPro_Tabs/Beatles (The) - Goodnight.gp4"
"1422","The Beatles","help","TRANSPOSE_FAILURE","HOLD","PENDING_PARSE_AND_QA","gpx","10","280","ENGLISH_TEXT_CHECK_PASS","23","YES","YES","","Exact locked transposer fails required round-trip or slash-bass preservation","a5fce1b47c72d079987a0ea4e11631ba225a00e127e09ebcbe493fbef679a988","Ultimate Guitar com PRO Tabs Site Rip GPX/t/the_beatles_1916/the-beatles_help-official-1941481.gpx"
"1423","The Beatles","helter skelter","TRANSPOSE_FAILURE","HOLD","PENDING_PARSE_AND_QA","gpx","4","289","ENGLISH_TEXT_CHECK_PASS","23","NO","YES","","Exact locked transposer fails required round-trip or slash-bass preservation","c0e0ecbf7130fba7e50d4d3b8f1f014abf41490af2d4e7d83a97061255871a06","Ultimate Guitar com PRO Tabs Site Rip GPX/t/the_beatles_1916/the-beatles_helter-skelter-official-2141113.gpx"
"1424","The Beatles","I 'm Only Slepping","EXISTING_DUPLICATE","EXISTING","PENDING_PARSE_AND_QA","gp3","0","2","LANGUAGE_UNVERIFIED","0","NO","NO","","Parsed title disagrees with proposal title | Existing artist/song or title variant — leave current song unchanged | English lyrics not established from available text | No usable chord symbols in extracted sheet","1e8b84dcd25186e85c525b3557871dbad05d13de1afd681b8a01f2161a91c22b","GuitarPro_Tabs/Beatles (The) - I 'm Only Slepping.gp3"
"1425","The Beatles","I Feel Fine (BBC Version)","EXISTING_DUPLICATE","EXISTING","PENDING_PARSE_AND_QA","gp4","0","0","LANGUAGE_UNVERIFIED","0","NO","NO","","Existing artist/song or title variant — leave current song unchanged | Possible existing song or alternate title: The Beatles — I Feel Fine | English lyrics not established from available text | No usable chord symbols in extracted sheet | Tab-only or empty extracted sheet","c19ccabf9ee7a4f621cb1b9d4fcfac4266f71faed3581755f21d1eb17ea390b0","GuitarPro_Tabs/Beatles (The) - I Feel Fine (BBC Version).gp4"
"1426","The Beatles","I Want You","EXISTING_DUPLICATE","EXISTING","PENDING_PARSE_AND_QA","gp3","0","0","LANGUAGE_UNVERIFIED","0","NO","NO","","Existing artist/song or title variant — leave current song unchanged | Possible existing song or alternate title: The Beatles — I Want You (She's So Heavy) | English lyrics not established from available text | No usable chord symbols in extracted sheet | Tab-only or empty extracted sheet","3605b37de92fa3b70499014732fc2a8f1eff82cd9520774e79b16dafec064ce6","GuitarPro_Tabs/Beatles (The) - I Want You.gp3"
"1427","The Beatles","It's All Too Much","TAB_ONLY_OR_EMPTY","HOLD","UNAVAILABLE_SOURCE","gp4","0","301","ENGLISH_TEXT_CHECK_PASS","0","NO","NO","","No usable chord symbols in extracted sheet","5a802032e5b6b77163020842478bdfa1b25c09787c0952d7bb109a8e79bce5ac","GuitarPro_Tabs/Beatles (The) - It 's All Too Much.gp4"
"1428","The Beatles","Let It Be (solo)","EXISTING_DUPLICATE","EXISTING","PENDING_PARSE_AND_QA","gp3","0","0","LANGUAGE_UNVERIFIED","0","NO","NO","","Existing artist/song or title variant — leave current song unchanged | Possible existing song or alternate title: The Beatles — Let It Be | May be a medley, fragment or exercise; full-song identity needs confirmation. | English lyrics not established from available text | No usable chord symbols in extracted sheet | Tab-only or empty extracted sheet","86732717da2bf006cdea3d353b7618fa98ad2a7c5eed7578dbea2d240902aa09","GuitarPro_Tabs/Beatles (The) - Let It Be (solo).gp3"
"1429","The Beatles","Michelle (classic)","EXISTING_DUPLICATE","EXISTING","PENDING_PARSE_AND_QA","gp3","0","0","LANGUAGE_UNVERIFIED","0","NO","NO","","Existing artist/song or title variant — leave current song unchanged | Possible existing song or alternate title: The Beatles — Michelle | English lyrics not established from available text | No usable chord symbols in extracted sheet | Tab-only or empty extracted sheet","c11ab78351544dfeda79fc6b27520b4e4d6e413a77e85f39eb5367c8e6d56321","GuitarPro_Tabs/Beatles (The) - Michelle (classic).gp3"
"1430","The Beatles","My Sweet Lord","TAB_ONLY_OR_EMPTY","HOLD","PENDING_PARSE_AND_QA","gp3","0","0","LANGUAGE_UNVERIFIED","0","NO","NO","","English lyrics not established from available text | No usable chord symbols in extracted sheet | Tab-only or empty extracted sheet","9605ccf0987421d790d4021942e780161244104a2db6e6dc87da874b4a70e4ba","GuitarPro_Tabs/Beatles (The) - My Sweet Lord.gp3"
"1431","The Beatles","oh darling","TRANSPOSE_FAILURE","HOLD","PENDING_PARSE_AND_QA","gpx","11","223","ENGLISH_TEXT_CHECK_PASS","22","YES","YES","","Exact locked transposer fails required round-trip or slash-bass preservation","823279398e43a2901596cb2ccd2b72fe0566e62ce51a4986f01010756874ea1f","Ultimate Guitar com PRO Tabs Site Rip GPX/t/the_beatles_1916/the-beatles_oh-darling-official-1981151.gpx"
"1432","The Beatles","One After 909","TAB_ONLY_OR_EMPTY","HOLD","UNAVAILABLE_SOURCE","gp3","0","240","ENGLISH_TEXT_CHECK_PASS","0","NO","NO","","No usable chord symbols in extracted sheet","a41806bcbb953808b93d6287aa1159ec25ec968ae5e18ee78e091006a6cf2378","GuitarPro_Tabs/Beatles (The) - One After 909.gp3"
"1433","The Beatles","Penny Lane (Faroe Versoin)","EXISTING_DUPLICATE","EXISTING","PENDING_PARSE_AND_QA","gp3","0","0","LANGUAGE_UNVERIFIED","0","NO","NO","","Existing artist/song or title variant — leave current song unchanged | Possible existing song or alternate title: The Beatles — Penny Lane | English lyrics not established from available text | No usable chord symbols in extracted sheet | Tab-only or empty extracted sheet","17cdecd92dff09eabfab7f93c11ac339930f5979e08eb86284a37e0bdf8319c8","GuitarPro_Tabs/Beatles (The) - Penny Lane (Faroe Versoin).gp3"
"1434","The Beatles","Please Mister Postman","EXISTING_DUPLICATE","EXISTING","PENDING_PARSE_AND_QA","gp3","0","0","LANGUAGE_UNVERIFIED","0","NO","NO","","Parsed title disagrees with proposal title | Existing artist/song or title variant — leave current song unchanged | English lyrics not established from available text | No usable chord symbols in extracted sheet | Tab-only or empty extracted sheet","9f96d8f6993ce6bb04fb554c06520faa5617ad45b00628ead7fb295d863e3d07","GuitarPro_Tabs/Beatles (The) - Please Mister Postman.gp3"
"1435","The Beatles","revolution","TRANSPOSE_FAILURE","HOLD","PENDING_PARSE_AND_QA","gpx","8","242","ENGLISH_TEXT_CHECK_PASS","22","NO","YES","","Exact locked transposer fails required round-trip or slash-bass preservation","0512ade95723b09d83591e9c340f399bb63cffe202a72a105cc8cc3628956b5d","Ultimate Guitar com PRO Tabs Site Rip GPX/t/the_beatles_1916/the-beatles_revolution-official-1948113.gpx"
"1436","The Beatles","Savoy Truffle","TAB_ONLY_OR_EMPTY","HOLD","PENDING_PARSE_AND_QA","gp3","0","0","LANGUAGE_UNVERIFIED","0","NO","NO","","English lyrics not established from available text | No usable chord symbols in extracted sheet | Tab-only or empty extracted sheet","a4f426e62b0314728346e8221f37c1217efd9f98bfefbdb63f0d8501a116fa15","GuitarPro_Tabs/Beatles (The) - Savoy Truffle.gp3"
"1437","The Beatles","sexy sadie","REVIEWABLE_CHORD_SHEET","REVIEWABLE","PENDING_PARSE_AND_QA","gpx","11","236","ENGLISH_TEXT_CHECK_PASS","0","YES","YES","","","fa4bab96ed9a384584bb9abfb3277b06dd77138e386d03d76d309ff601d2a889","Ultimate Guitar com PRO Tabs Site Rip GPX/t/the_beatles_1916/the-beatles_sexy-sadie-official-2143983.gpx"
"1438","The Beatles","ticket to ride","REVIEWABLE_CHORD_SHEET","REVIEWABLE","PENDING_PARSE_AND_QA","gpx","7","328","ENGLISH_TEXT_CHECK_PASS","0","NO","NO","","","225ac94e8c4790c61912af89ed4e16db2606b4f1f92604b0992ec5707d601d9a","Ultimate Guitar com PRO Tabs Site Rip GPX/t/the_beatles_1916/the-beatles_ticket-to-ride-official-1990393.gpx"
"1439","The Beatles","Til There Was You","EXISTING_DUPLICATE","EXISTING","PENDING_PARSE_AND_QA","gp3","0","0","LANGUAGE_UNVERIFIED","0","NO","NO","","Parsed title disagrees with proposal title | Existing artist/song or title variant — leave current song unchanged | English lyrics not established from available text | No usable chord symbols in extracted sheet | Tab-only or empty extracted sheet","d1a16b5f586487a0cccad2f4ecf62f28fc6b7530bc965157c4bf99679376a7ba","GuitarPro_Tabs/Beatles (The) - Til There Was You.gp3"
"1440","The Beatles","Yesterday (One album version)","EXISTING_DUPLICATE","EXISTING","PENDING_PARSE_AND_QA","gp3","0","0","LANGUAGE_UNVERIFIED","0","NO","NO","","Existing artist/song or title variant — leave current song unchanged | Possible existing song or alternate title: The Beatles — Yesterday | Similar proposed title also exists in this queue; choose at most one after identity review. | English lyrics not established from available text | No usable chord symbols in extracted sheet | Tab-only or empty extracted sheet","82c0c626509f4868bf8c594ea55dff9542197f9b11a2e10a8a2bc620d53d30dd","GuitarPro_Tabs/Beatles (The) - Yesterday (One album version).gp3"
"1441","The Beatles","Yesterday (the classical version)","EXISTING_DUPLICATE","EXISTING","PENDING_PARSE_AND_QA","gp3","13","0","LANGUAGE_UNVERIFIED","0","YES","YES","B7sus4 | Am9 | F7M","Existing artist/song or title variant — leave current song unchanged | Possible existing song or alternate title: The Beatles — Yesterday | Similar proposed title also exists in this queue; choose at most one after identity review. | English lyrics not established from available text | Locked renderer has no chord shape for: B7sus4, Am9, F7M | Tab-only or empty extracted sheet","3449f12c89ece1c0a6f0acbc4b7b27b33be4c7ee89303b718194a24d6160ae21","GuitarPro_Tabs/Beatles (The) - Yesterday (the classical version).gp3"
"1442","The Beatles","You Won't See Me","TAB_ONLY_OR_EMPTY","HOLD","UNAVAILABLE_SOURCE","gp3","0","250","ENGLISH_TEXT_CHECK_PASS","0","NO","NO","","No usable chord symbols in extracted sheet","a77344a842644742a1ba6a2f3f1702078b2df7c0d11fb7082894e6169e8497f7","GuitarPro_Tabs/Beatles (The) - You Won 't See Me.gp3"
"1443","The Beatles","You've Really Got A Hold On Me","TAB_ONLY_OR_EMPTY","HOLD","UNAVAILABLE_SOURCE","gp3","0","169","ENGLISH_TEXT_CHECK_PASS","0","NO","NO","","No usable chord symbols in extracted sheet","e036d88f202b2cc5e360d48608eebe169422f6e993ef7034a72bccff7f3712f1","GuitarPro_Tabs/Beatles (The) - You 've Really Got A Hold On Me.gp3"
"1444","The Black Eyed Peas","pump it","REVIEWABLE_CHORD_SHEET","REVIEWABLE","PENDING_PARSE_AND_QA","gpx","6","570","ENGLISH_TEXT_CHECK_PASS","0","NO","NO","","","322803f71b282121b71083e68bb7ec70ea06f63cf6ad650b73210857342b2a81","Ultimate Guitar com PRO Tabs Site Rip GPX/t/the_black_eyed_peas_3119/the-black-eyed-peas_pump-it-official-2740920.gpx"
"1445","The Black Eyed Peas","where is the love","REVIEWABLE_CHORD_SHEET","REVIEWABLE","PENDING_PARSE_AND_QA","gpx","4","838","ENGLISH_TEXT_CHECK_PASS","0","NO","NO","","","c03462e5582982b3d0555d3ba2dfc345ee087d089516425f5494ff51272bfb5b","Ultimate Guitar com PRO Tabs Site Rip GPX/t/the_black_eyed_peas_3119/the-black-eyed-peas_where-is-the-love-official-3374318.gpx"
"1446","The Blues Brothers","everybody needs somebody to love","REVIEWABLE_CHORD_SHEET","REVIEWABLE","PENDING_PARSE_AND_QA","gpx","5","262","ENGLISH_TEXT_CHECK_PASS","0","NO","NO","","","19e4066be987f2ca117be4e274947209540b73f900510ec134e4d4d19f9d23b9","Ultimate Guitar com PRO Tabs Site Rip GPX/t/the_blues_brothers_1865/the-blues-brothers_everybody-needs-somebody-to-love-official-2912258.gpx"
"1447","The Blues Brothers","gimme some lovin","REVIEWABLE_CHORD_SHEET","REVIEWABLE","PENDING_PARSE_AND_QA","gpx","5","267","ENGLISH_TEXT_CHECK_PASS","0","NO","NO","","","5ec60d5e96d56fe0e81daee535b848333e5807cf9eb11c5abb93d0594b3a6953","Ultimate Guitar com PRO Tabs Site Rip GPX/t/the_blues_brothers_1865/the-blues-brothers_gimme-some-lovin-official-3711089.gpx"
"1448","The Blues Brothers","I 'm a Soul Man","TAB_ONLY_OR_EMPTY","HOLD","PENDING_PARSE_AND_QA","gp3","2","0","LANGUAGE_UNVERIFIED","0","NO","NO","","English lyrics not established from available text | Tab-only or empty extracted sheet","5f3a884e0f997f5f24ce7413cf1f5c9758639f6b6dae28a9d3cd74e4df92bd92","GuitarPro_Tabs/Blues Brothers (The) - I 'm a Soul Man.gp3"
"1449","The Blues Brothers","peter gunn theme","TAB_ONLY_OR_EMPTY","HOLD","PENDING_PARSE_AND_QA","gpx","3","0","LANGUAGE_UNVERIFIED","0","NO","NO","","English lyrics not established from available text | Tab-only or empty extracted sheet","24644ae7c16487a92ea4304caeeed6efc27122395b530686f84550a47a9aea55","Ultimate Guitar com PRO Tabs Site Rip GPX/t/the_blues_brothers_1865/the-blues-brothers_peter-gunn-theme-official-2554746.gpx"
"1450","The Blues Brothers","sweet home chicago","REVIEWABLE_CHORD_SHEET","REVIEWABLE","PENDING_PARSE_AND_QA","gpx","3","206","ENGLISH_TEXT_CHECK_PASS","0","NO","YES","","","3ac3e6f916bf5623b175181d438e803cef3f4a3dabb4531a6a664c536b69cba3","Ultimate Guitar com PRO Tabs Site Rip GPX/t/the_blues_brothers_1865/the-blues-brothers_sweet-home-chicago-official-2601648.gpx"
"1451","The Buzzcocks","ever fallen in love","REVIEWABLE_CHORD_SHEET","REVIEWABLE","PENDING_PARSE_AND_QA","gpx","10","311","ENGLISH_TEXT_CHECK_PASS","0","YES","NO","","","5bd1165d8048d867debe7c264cb94a54b6cfea5c3997cdbe6acc22b3746159a0","Ultimate Guitar com PRO Tabs Site Rip GPX/b/buzzcocks_3803/buzzcocks_ever-fallen-in-love-official-2307547.gpx"
"1452","The Buzzcocks","jerk","REVIEWABLE_CHORD_SHEET","REVIEWABLE","PENDING_PARSE_AND_QA","gpx","5","259","ENGLISH_TEXT_CHECK_PASS","0","NO","NO","","","fe3c7b1a6b20e30981f37013f295254e9fe32008b609e9f5e7531f9186942369","Ultimate Guitar com PRO Tabs Site Rip GPX/b/buzzcocks_3803/buzzcocks_jerk-official-2519019.gpx"
"1453","The Buzzcocks","oh shit","REVIEWABLE_CHORD_SHEET","REVIEWABLE","PENDING_PARSE_AND_QA","gpx","3","186","ENGLISH_TEXT_CHECK_PASS","0","NO","NO","","","64e73ca9419ab7e4a71f59208b0f6e6ccf5848c92820004069fe2d37b3d4a256","Ultimate Guitar com PRO Tabs Site Rip GPX/b/buzzcocks_3803/buzzcocks_oh-shit-official-2006927.gpx"
"1454","The Byrds","turn turn turn to everything there is a season","TRANSPOSE_FAILURE","HOLD","PENDING_PARSE_AND_QA","gpx","5","240","ENGLISH_TEXT_CHECK_PASS","23","NO","YES","","Exact locked transposer fails required round-trip or slash-bass preservation","bf295092bb736eeef5ccfc62ef5f93c760f4605f9e3efb0f9256df21c805d075","Ultimate Guitar com PRO Tabs Site Rip GPX/t/the_byrds_4482/the-byrds_turn-turn-turn-to-everything-there-is-a-season-official-2837258.gpx"
"1455","The Byrds","Turn, Turn, Turn (2)","TAB_ONLY_OR_EMPTY","HOLD","PENDING_PARSE_AND_QA","gp3","0","0","LANGUAGE_UNVERIFIED","0","NO","NO","","English lyrics not established from available text | No usable chord symbols in extracted sheet | Tab-only or empty extracted sheet","1b201fc2c1e4d62365563b0a03f17e2ecabde143c3d5f19088a56c471d8d3c60","GuitarPro_Tabs/Byrds (The) - Turn, Turn, Turn (2).gp3"
"1456","The Cure","10 15 saturday night","TRANSPOSE_FAILURE","HOLD","PENDING_PARSE_AND_QA","gpx","9","78","ENGLISH_TEXT_CHECK_PASS","46","YES","YES","","Exact locked transposer fails required round-trip or slash-bass preservation","9e2fe2b985bfea310f9cd5eeb5b3ddc3bc6c9d09f98ea8bfe02b1e3d8bcd1e14","Ultimate Guitar com PRO Tabs Site Rip GPX/t/the_cure_1716/the-cure_10-15-saturday-night-official-3786407.gpx"
"1457","The Cure","A Forest","TAB_ONLY_OR_EMPTY","HOLD","UNAVAILABLE_SOURCE","gp3","0","33","ENGLISH_TEXT_CHECK_PASS","0","NO","NO","","No usable chord symbols in extracted sheet","604aaee4bcdc1edd2e12ade47745e48416056fcf8af751bbec66aab044bf615d","GuitarPro_Tabs/Cure (The) - A Forest.gp3"
"1458","The Cure","a reflection","TAB_ONLY_OR_EMPTY","HOLD","PENDING_PARSE_AND_QA","gpx","4","0","LANGUAGE_UNVERIFIED","0","NO","NO","","English lyrics not established from available text | Tab-only or empty extracted sheet","555ea52c02ffef1d274efb7a9ce267ce16d1e69741dac1dce04000cde45fdc90","Ultimate Guitar com PRO Tabs Site Rip GPX/t/the_cure_1716/the-cure_a-reflection-official-2077953.gpx"
"1459","The Cure","accuracy","LANGUAGE_UNVERIFIED","HOLD","PENDING_PARSE_AND_QA","gpx","10","73","LANGUAGE_UNVERIFIED","66","YES","NO","","English lyrics not established from available text | Exact locked transposer fails required round-trip or slash-bass preservation","694c8ff154d5a8109176ead0093b7ccc7f173c9b2d82b7c899ed578f2c5c7d6f","Ultimate Guitar com PRO Tabs Site Rip GPX/t/the_cure_1716/the-cure_accuracy-official-2081271.gpx"
"1460","The Cure","All Cats Are Grey","TAB_ONLY_OR_EMPTY","HOLD","UNAVAILABLE_SOURCE","gp3","0","19","ENGLISH_TEXT_CHECK_PASS","0","NO","NO","","No usable chord symbols in extracted sheet","37bb9f4b536ee5c2e8403bc0f922caa0c0daf5f04b780d18236d39f67444c37e","GuitarPro_Tabs/Cure (The) - All Cats Are Grey.gp3"
"1461","The Cure","Apart","TAB_ONLY_OR_EMPTY","HOLD","PENDING_PARSE_AND_QA","gp3","0","0","LANGUAGE_UNVERIFIED","0","NO","NO","","English lyrics not established from available text | No usable chord symbols in extracted sheet | Tab-only or empty extracted sheet","2f52538103901127ef7efc7619df0ce461d2ab362e9cbc93a4c5477583bf2745","GuitarPro_Tabs/Cure (The) - Apart.gp3"
"1462","The Cure","boys dont cry","REVIEWABLE_CHORD_SHEET","REVIEWABLE","PENDING_PARSE_AND_QA","gpx","6","222","ENGLISH_TEXT_CHECK_PASS","0","NO","NO","","","654e44263ad3362d32a6bb9ef856cfa9191b15978e8001097d56b3f7b78dda1f","Ultimate Guitar com PRO Tabs Site Rip GPX/t/the_cure_1716/the-cure_boys-dont-cry-official-1947417.gpx"
"1463","The Cure","Charlotte Sometimes","TAB_ONLY_OR_EMPTY","HOLD","PENDING_PARSE_AND_QA","gp3","0","0","LANGUAGE_UNVERIFIED","0","NO","NO","","English lyrics not established from available text | No usable chord symbols in extracted sheet | Tab-only or empty extracted sheet","e5b16dd12fa7ddd59364f1142b0cccdf4ef6072b2eb10ff7317ec55ee3a495fe","GuitarPro_Tabs/Cure (The) - Charlotte Sometimes.gp3"
"1464","The Cure","Closedown","TAB_ONLY_OR_EMPTY","HOLD","PENDING_PARSE_AND_QA","gp3","0","0","LANGUAGE_UNVERIFIED","0","NO","NO","","English lyrics not established from available text | No usable chord symbols in extracted sheet | Tab-only or empty extracted sheet","a474db6ac07df231a2507a49d75d26eb1dd59f21e5f9502dab7b00e1fb50850c","GuitarPro_Tabs/Cure (The) - Closedown.gp3"
"1465","The Cure","Disintegration","TAB_ONLY_OR_EMPTY","HOLD","PENDING_PARSE_AND_QA","gp3","0","0","LANGUAGE_UNVERIFIED","0","NO","NO","","English lyrics not established from available text | No usable chord symbols in extracted sheet | Tab-only or empty extracted sheet","28130fd9fdc92de2a4dc84905f97151fa9fcf56427767924424d879823d25590","GuitarPro_Tabs/Cure (The) - Disintegration.gp3"
"1466","The Cure","fire in cairo","REVIEWABLE_CHORD_SHEET","REVIEWABLE","PENDING_PARSE_AND_QA","gpx","9","285","ENGLISH_TEXT_CHECK_PASS","0","YES","NO","","","55a0b5842d439c33b3c96914d9494b1961e4c0ed6822472b8f63b58ca65cbab7","Ultimate Guitar com PRO Tabs Site Rip GPX/t/the_cure_1716/the-cure_fire-in-cairo-official-3821030.gpx"
"1467","The Cure","grinding halt","LANGUAGE_UNVERIFIED","HOLD","PENDING_PARSE_AND_QA","gpx","7","124","LANGUAGE_UNVERIFIED","0","NO","NO","","English lyrics not established from available text","33c9a29e98f9884fad0f6110fc2ca82355b07df42276fad236126341474115d7","Ultimate Guitar com PRO Tabs Site Rip GPX/t/the_cure_1716/the-cure_grinding-halt-official-2078687.gpx"
"1468","The Cure","High","TAB_ONLY_OR_EMPTY","HOLD","PENDING_PARSE_AND_QA","gp3","0","0","LANGUAGE_UNVERIFIED","0","NO","NO","","English lyrics not established from available text | No usable chord symbols in extracted sheet | Tab-only or empty extracted sheet","4ebfbeb22c9047d6a9d82f89d6dd9c802c123e44857ece6c6e00c03c991537a9","GuitarPro_Tabs/Cure (The) - High.gp3"
"1469","The Cure","Homesick","TAB_ONLY_OR_EMPTY","HOLD","PENDING_PARSE_AND_QA","gp3","0","0","LANGUAGE_UNVERIFIED","0","NO","NO","","English lyrics not established from available text | No usable chord symbols in extracted sheet | Tab-only or empty extracted sheet","149141e06ea0729d4467b72421c9597931558c655372ced33012878cc803896e","GuitarPro_Tabs/Cure (The) - Homesick.gp3"
"1470","The Cure","Hot Hot Hot!!!","TAB_ONLY_OR_EMPTY","HOLD","PENDING_PARSE_AND_QA","gp3","0","0","LANGUAGE_UNVERIFIED","0","NO","NO","","English lyrics not established from available text | No usable chord symbols in extracted sheet | Tab-only or empty extracted sheet","3bce134c196984ace187bb8b2b5f7b9098c70e20dc10ebee0f1b6ffe4745609e","GuitarPro_Tabs/Cure (The) - Hot Hot Hot!!!.gp3"
"1471","The Cure","In Between Days","EXISTING_DUPLICATE","EXISTING","SKIPPED_ALREADY_CURRENT","gpx","4","195","ENGLISH_TEXT_CHECK_PASS","0","NO","YES","","Existing artist/song or title variant — leave current song unchanged","16475db1ceaab2e9206fbf282349f2689c8c949fefd002697e4ee825b6ad6de1","Ultimate Guitar com PRO Tabs Site Rip GPX/t/the_cure_1716/the-cure_in-between-days-official-2080747.gpx"
"1472","The Cure","In Your House","TAB_ONLY_OR_EMPTY","HOLD","PENDING_PARSE_AND_QA","gp3","0","0","LANGUAGE_UNVERIFIED","0","NO","NO","","English lyrics not established from available text | No usable chord symbols in extracted sheet | Tab-only or empty extracted sheet","0884a2a54326905c310c78cdf416e3f61d5433d147b5aad27ec9173fb4d51ce8","GuitarPro_Tabs/Cure (The) - In Your House.gp3"
"1473","The Cure","Kyoto Song","TAB_ONLY_OR_EMPTY","HOLD","PENDING_PARSE_AND_QA","gp3","0","0","LANGUAGE_UNVERIFIED","0","NO","NO","","English lyrics not established from available text | No usable chord symbols in extracted sheet | Tab-only or empty extracted sheet","ae62c9a6216ee27e19745fb76b84e59cc38541d6698a17739391833d5c86da5d","GuitarPro_Tabs/Cure (The) - Kyoto Song.gp3"
"1474","The Cure","Lament","TAB_ONLY_OR_EMPTY","HOLD","PENDING_PARSE_AND_QA","gp3","0","0","LANGUAGE_UNVERIFIED","0","NO","NO","","English lyrics not established from available text | No usable chord symbols in extracted sheet | Tab-only or empty extracted sheet","368a51922c31b491a33eeb4ebf1d5feef373e8193e3fe1248534fc9cd47fab65","GuitarPro_Tabs/Cure (The) - Lament.gp3"
"1475","The Cure","Last Dance","TAB_ONLY_OR_EMPTY","HOLD","PENDING_PARSE_AND_QA","gp3","0","0","LANGUAGE_UNVERIFIED","0","NO","NO","","English lyrics not established from available text | No usable chord symbols in extracted sheet | Tab-only or empty extracted sheet","cbca0eab3544ee213c385d40ed94fda55e841ce1342c1d5c9365bded1aaeecf4","GuitarPro_Tabs/Cure (The) - Last Dance.gp3"
"1476","The Cure","Let`s Go To Bed","TAB_ONLY_OR_EMPTY","HOLD","PENDING_PARSE_AND_QA","gp3","0","0","LANGUAGE_UNVERIFIED","0","NO","NO","","English lyrics not established from available text | No usable chord symbols in extracted sheet | Tab-only or empty extracted sheet","e8895a59a88e2cafb58bf86d858446081a8c9ea410646905070a7a09f019f51d","GuitarPro_Tabs/Cure (The) - Let`s Go To Bed.gp3"
"1477","The Cure","lovesong","REVIEWABLE_CHORD_SHEET","REVIEWABLE","PENDING_PARSE_AND_QA","gpx","5","212","ENGLISH_TEXT_CHECK_PASS","0","NO","NO","","","aebd02019e733f1ff27dc69ce26ea3f236a0e2b54eb01044cbedd12efc2adac9","Ultimate Guitar com PRO Tabs Site Rip GPX/t/the_cure_1716/the-cure_lovesong-official-2493933.gpx"
"1478","The Cure","One Hundred Years","TAB_ONLY_OR_EMPTY","HOLD","PENDING_PARSE_AND_QA","gp3","0","0","LANGUAGE_UNVERIFIED","0","NO","NO","","English lyrics not established from available text | No usable chord symbols in extracted sheet | Tab-only or empty extracted sheet","5ba4c4023e2556520f93b1e4622c16dddcf38b973eea50160a5a57181332073f","GuitarPro_Tabs/Cure (The) - One Hundred Years.gp3"
"1479","The Cure","Other Voices","TAB_ONLY_OR_EMPTY","HOLD","PENDING_PARSE_AND_QA","gp3","0","0","LANGUAGE_UNVERIFIED","0","NO","NO","","English lyrics not established from available text | No usable chord symbols in extracted sheet | Tab-only or empty extracted sheet","61fbce5dffca15e796c68c48c7b4fade6ca5944ddef30792360e622ffaf9d5f7","GuitarPro_Tabs/Cure (The) - Other Voices.gp3"
"1480","The Cure","Plainsong (2)","TAB_ONLY_OR_EMPTY","HOLD","PENDING_PARSE_AND_QA","gp3","0","0","LANGUAGE_UNVERIFIED","0","NO","NO","","English lyrics not established from available text | No usable chord symbols in extracted sheet | Tab-only or empty extracted sheet","2eb4d573664d9436ed1dc0e4a2210e2ed2ad5c3fb708a605212971fc18c63cc2","GuitarPro_Tabs/Cure (The) - Plainsong (2).gp3"
"1481","The Cure","plastic passion","LANGUAGE_UNVERIFIED","HOLD","PENDING_PARSE_AND_QA","gpx","6","178","LANGUAGE_UNVERIFIED","0","NO","NO","","English lyrics not established from available text","cb3aa10b9149c7bb45662a5d306cd4b70420d28593a318b5f86280997b5381a6","Ultimate Guitar com PRO Tabs Site Rip GPX/t/the_cure_1716/the-cure_plastic-passion-official-2079583.gpx"
"1482","The Cure","Prayers for Rain","TAB_ONLY_OR_EMPTY","HOLD","PENDING_PARSE_AND_QA","gp3","0","0","LANGUAGE_UNVERIFIED","0","NO","NO","","English lyrics not established from available text | No usable chord symbols in extracted sheet | Tab-only or empty extracted sheet","ee5808ce649e748f531edc8b71e3edfe1abdc9318a000f34761979354262fe96","GuitarPro_Tabs/Cure (The) - Prayers for Rain.gp3"
"1483","The Cure","Primary","TAB_ONLY_OR_EMPTY","HOLD","PENDING_PARSE_AND_QA","gp3","0","0","LANGUAGE_UNVERIFIED","0","NO","NO","","English lyrics not established from available text | No usable chord symbols in extracted sheet | Tab-only or empty extracted sheet","eac5f5fda068188e1abd06345134ad2ea301979c0398148c816272426900e51b","GuitarPro_Tabs/Cure (The) - Primary.gp3"
"1484","The Cure","Siamese Twins","TAB_ONLY_OR_EMPTY","HOLD","PENDING_PARSE_AND_QA","gp3","0","0","LANGUAGE_UNVERIFIED","0","NO","NO","","English lyrics not established from available text | No usable chord symbols in extracted sheet | Tab-only or empty extracted sheet","6503abf869dd6b56b3c137af3776b4343ad54875dee67657385b04976883ffbd","GuitarPro_Tabs/Cure (The) - Siamese Twins.gp3"
"1485","The Cure","subway song","LANGUAGE_UNVERIFIED","HOLD","PENDING_PARSE_AND_QA","gpx","6","44","LANGUAGE_UNVERIFIED","0","NO","NO","","English lyrics not established from available text","90da9197c02941f07151b70c9de31d8d0cab9984bcbc37a896a43305fe30d12f","Ultimate Guitar com PRO Tabs Site Rip GPX/t/the_cure_1716/the-cure_subway-song-official-2078011.gpx"
"1486","The Cure","The Figurehead (2)","TAB_ONLY_OR_EMPTY","HOLD","PENDING_PARSE_AND_QA","gp3","0","0","LANGUAGE_UNVERIFIED","0","NO","NO","","English lyrics not established from available text | No usable chord symbols in extracted sheet | Tab-only or empty extracted sheet","0cecf21dc55ddf3cb666bd4f4b37c7528b0e4cf976e2205700967296291fd639","GuitarPro_Tabs/Cure (The) - The Figurehead (2).gp3"
"1487","The Cure","the lovecats","REVIEWABLE_CHORD_SHEET","REVIEWABLE","PENDING_PARSE_AND_QA","gpx","6","344","ENGLISH_TEXT_CHECK_PASS","0","NO","NO","","","430d11b744ff56805ab8f955845c8b9459b54798d3849b56b515fe1579c14116","Ultimate Guitar com PRO Tabs Site Rip GPX/t/the_cure_1716/the-cure_the-lovecats-official-2750940.gpx"
"1488","The Cure","The Same Deep Water as You","TAB_ONLY_OR_EMPTY","HOLD","PENDING_PARSE_AND_QA","gp3","0","0","LANGUAGE_UNVERIFIED","0","NO","NO","","English lyrics not established from available text | No usable chord symbols in extracted sheet | Tab-only or empty extracted sheet","d6125fc8a96077e014afc69b00ac763f9bde78e338d939e2ab0ec79babf71a67","GuitarPro_Tabs/Cure (The) - The Same Deep Water as You.gp3"
"1489","The Cure","The Walk","TAB_ONLY_OR_EMPTY","HOLD","PENDING_PARSE_AND_QA","gp3","0","0","LANGUAGE_UNVERIFIED","0","NO","NO","","English lyrics not established from available text | No usable chord symbols in extracted sheet | Tab-only or empty extracted sheet","f375d128ac819fbea12b19832bdbe30798b3fbae9e42cfb9369595cecd349526","GuitarPro_Tabs/Cure (The) - The Walk.gp3"
"1490","The Cure","the weedy burton","TAB_ONLY_OR_EMPTY","HOLD","PENDING_PARSE_AND_QA","gpx","3","0","LANGUAGE_UNVERIFIED","0","NO","NO","","English lyrics not established from available text | Tab-only or empty extracted sheet","9c95c2d368c1f7547f6c665c7c39c3a41123f86016fff194937720afae8e72ba","Ultimate Guitar com PRO Tabs Site Rip GPX/t/the_cure_1716/the-cure_the-weedy-burton-official-2076879.gpx"
"1491","The Cure","Twilight Garden","TAB_ONLY_OR_EMPTY","HOLD","PENDING_PARSE_AND_QA","gp4","0","0","LANGUAGE_UNVERIFIED","0","NO","NO","","English lyrics not established from available text | No usable chord symbols in extracted sheet | Tab-only or empty extracted sheet","212b9c185547b0fc7f35096a6648f56c111fee6a71a17fe9995621ff90030e89","GuitarPro_Tabs/Cure (The) - Twilight Garden.gp4"
"1492","The Cure","Untitled","TAB_ONLY_OR_EMPTY","HOLD","PENDING_PARSE_AND_QA","gp3","0","0","LANGUAGE_UNVERIFIED","0","NO","NO","","English lyrics not established from available text | No usable chord symbols in extracted sheet | Tab-only or empty extracted sheet","c018e8c30ab855a0c64d8c0c1cd4c430029240c6b62eaee8f90ca2ca86da694a","GuitarPro_Tabs/Cure (The) - Untitled.gp3"
"1493","The Damned","new rose","TRANSPOSE_FAILURE","HOLD","PENDING_PARSE_AND_QA","gpx","9","230","ENGLISH_TEXT_CHECK_PASS","22","YES","NO","","Exact locked transposer fails required round-trip or slash-bass preservation","d25fb66784ecf86ccabbf4d4416293062fb1badd952cb703c6e0505faa518eaa","Ultimate Guitar com PRO Tabs Site Rip GPX/t/the_damned_1566/the-damned_new-rose-official-3757400.gpx"
"1494","The Eagles","heartache tonight","REVIEWABLE_CHORD_SHEET","REVIEWABLE","PENDING_PARSE_AND_QA","gpx","8","396","ENGLISH_TEXT_CHECK_PASS","0","NO","YES","","","e1dc00aa6354e5213bd2ae5e0103d94afc4549112b28f9d3732aba22a37569cb","Ultimate Guitar com PRO Tabs Site Rip GPX/e/eagles_1509/eagles_heartache-tonight-official-3005057.gpx"
"1495","The Eagles","Hotel California (Hell Freezes Over)","EXISTING_DUPLICATE","EXISTING","PENDING_PARSE_AND_QA","gp3","1","0","LANGUAGE_UNVERIFIED","0","NO","NO","","Existing artist/song or title variant — leave current song unchanged | Possible existing song or alternate title: The Eagles — Hotel California | Similar proposed title also exists in this queue; choose at most one after identity review. | English lyrics not established from available text | Tab-only or empty extracted sheet","7acd53738d25f22af49b42d18fdd92b8c021b1b7c73ee5ebf82805afdc3f92fa","GuitarPro_Tabs/Eagles (The) - Hotel California (Hell Freezes Over).gp3"
"1496","The Eagles","Hotel California (Unplugged)","EXISTING_DUPLICATE","EXISTING","PENDING_PARSE_AND_QA","gp4","1","0","LANGUAGE_UNVERIFIED","0","NO","NO","","Existing artist/song or title variant — leave current song unchanged | Possible existing song or alternate title: The Eagles — Hotel California | Similar proposed title also exists in this queue; choose at most one after identity review. | English lyrics not established from available text | Tab-only or empty extracted sheet","f2c1c7016191402255a698fedc38ac74ad89fa95fa72cdd380901978b5c92575","GuitarPro_Tabs/Eagles (The) - Hotel California (Unplugged).gp4"
"1497","The Eagles","Hotel California (Unplugged)(For One Guitar)","EXISTING_DUPLICATE","EXISTING","PENDING_PARSE_AND_QA","gp3","0","0","LANGUAGE_UNVERIFIED","0","NO","NO","","Parsed title disagrees with proposal title | Existing artist/song or title variant — leave current song unchanged | Possible existing song or alternate title: The Eagles — Hotel California | Similar proposed title also exists in this queue; choose at most one after identity review. | English lyrics not established from available text | No usable chord symbols in extracted sheet | Tab-only or empty extracted sheet","336829cd5226328215f7a630dc8b0255de1eab2bda7b41f291c6084f3655db22","GuitarPro_Tabs/Eagles (The) - Hotel California (Unplugged)(For One Guitar).gp3"
"1498","The Eagles","Love Will Keep Us Alive (Hell Freezes Over)","EXISTING_DUPLICATE","EXISTING","PENDING_PARSE_AND_QA","gp3","0","0","LANGUAGE_UNVERIFIED","0","NO","NO","","Existing artist/song or title variant — leave current song unchanged | Possible existing song or alternate title: Eagles — Love Will Keep Us Alive | English lyrics not established from available text | No usable chord symbols in extracted sheet | Tab-only or empty extracted sheet","dc5dba4d5d2dd04113ec975631196694e432141df07361970a9a52b775c87306","GuitarPro_Tabs/Eagles (The) - Love Will Keep Us Alive (Hell Freezes Over).gp3"
"1499","The Eagles","Tequila Sunrise(Hell Freezes Over)","EXISTING_DUPLICATE","EXISTING","PENDING_PARSE_AND_QA","gp3","11","0","LANGUAGE_UNVERIFIED","0","YES","NO","","Existing artist/song or title variant — leave current song unchanged | Possible existing song or alternate title: Eagles — Tequila Sunrise | English lyrics not established from available text | Tab-only or empty extracted sheet","7e83ede5fb7647a01bfa49f0999af6075ef58ee9b8d1b12c0a0cc9441c3ab048","GuitarPro_Tabs/Eagles (The) - Tequila Sunrise(Hell Freezes Over).gp3"
"1500","The Eagles","The One You Love","TAB_ONLY_OR_EMPTY","HOLD","PENDING_PARSE_AND_QA","gp3","0","0","LANGUAGE_UNVERIFIED","0","NO","NO","","English lyrics not established from available text | No usable chord symbols in extracted sheet | Tab-only or empty extracted sheet","65eecca04ec63f4e16769bc6230bca6593596c2120fe361be303c1fb6f767d39","GuitarPro_Tabs/Eagles (The) - The One You Love.gp3"
"1501","The Eagles","wasted time","TRANSPOSE_FAILURE","HOLD","PENDING_PARSE_AND_QA","gpx","19","307","ENGLISH_TEXT_CHECK_PASS","182","YES","YES","","Exact locked transposer fails required round-trip or slash-bass preservation","019e69d3ebdda27dee965bf78ed51101fed39b7a0f9a4d0a683f7d460bfcc912","Ultimate Guitar com PRO Tabs Site Rip GPX/e/eagles_1509/eagles_wasted-time-official-2092039.gpx"
"1502","The Grateful Dead","bertha","TRANSPOSE_FAILURE","HOLD","PENDING_PARSE_AND_QA","gpx","6","351","ENGLISH_TEXT_CHECK_PASS","46","NO","YES","","Exact locked transposer fails required round-trip or slash-bass preservation","c26ffdab2b0a012057d608617bc321ca080ae6e6a649d27089049ed7dd3eba19","Ultimate Guitar com PRO Tabs Site Rip GPX/g/grateful_dead_1339/grateful-dead_bertha-official-3773399.gpx"
"1503","The Grateful Dead","box of rain","TRANSPOSE_FAILURE","HOLD","PENDING_PARSE_AND_QA","gpx","8","369","ENGLISH_TEXT_CHECK_PASS","23","NO","YES","","Exact locked transposer fails required round-trip or slash-bass preservation","f20b5b0ea97212a6b268cfbe4de89371df484129ec9ed8b56c89df21ef9c4e71","Ultimate Guitar com PRO Tabs Site Rip GPX/g/grateful_dead_1339/grateful-dead_box-of-rain-official-3221642.gpx"
"1504","The Grateful Dead","china cat sunflower","LANGUAGE_UNVERIFIED","HOLD","PENDING_PARSE_AND_QA","gpx","7","219","LANGUAGE_UNVERIFIED","0","NO","NO","","English lyrics not established from available text","caab29bb6fe5f4c84e32896f397dc59723687cc53ef96f8c69eeca068dc7f07e","Ultimate Guitar com PRO Tabs Site Rip GPX/g/grateful_dead_1339/grateful-dead_china-cat-sunflower-official-3790322.gpx"
"1505","The Grateful Dead","deal","REVIEWABLE_CHORD_SHEET","REVIEWABLE","PENDING_PARSE_AND_QA","gpx","10","239","ENGLISH_TEXT_CHECK_PASS","0","YES","YES","","","0dbcfeb7c62db98bc7a805d5aa7336de3e42936a4741f2e534241aaaea3d0ad3","Ultimate Guitar com PRO Tabs Site Rip GPX/g/grateful_dead_1339/grateful-dead_deal-official-2497428.gpx"
"1506","The Grateful Dead","scarlet begonias","REVIEWABLE_CHORD_SHEET","REVIEWABLE","PENDING_PARSE_AND_QA","gpx","4","304","ENGLISH_TEXT_CHECK_PASS","0","NO","NO","","","3abf0412896152cf37b47c4de81b585d6ab3bb18785a36b077ad1308b2fd59e9","Ultimate Guitar com PRO Tabs Site Rip GPX/g/grateful_dead_1339/grateful-dead_scarlet-begonias-official-3028202.gpx"
"1507","The Grateful Dead","sugaree","REVIEWABLE_CHORD_SHEET","REVIEWABLE","PENDING_PARSE_AND_QA","gpx","5","376","ENGLISH_TEXT_CHECK_PASS","0","NO","NO","","","7d3b29e7239d450f4635089c254d61d2aec4b5bc6d8536a0497d55b6d38be472","Ultimate Guitar com PRO Tabs Site Rip GPX/g/grateful_dead_1339/grateful-dead_sugaree-official-3105251.gpx"
"1508","The Grateful Dead","touch of grey","TRANSPOSE_FAILURE","HOLD","PENDING_PARSE_AND_QA","gpx","9","361","ENGLISH_TEXT_CHECK_PASS","44","YES","NO","","Exact locked transposer fails required round-trip or slash-bass preservation","e5cd684772a2a9c3d62fcddbd49b2f6a47ae5109ecb9c4db1c8280691049a3b4","Ultimate Guitar com PRO Tabs Site Rip GPX/g/grateful_dead_1339/grateful-dead_touch-of-grey-official-2983319.gpx"
"1509","The Guess Who","these eyes","REVIEWABLE_CHORD_SHEET","REVIEWABLE","PENDING_PARSE_AND_QA","gpx","9","329","ENGLISH_TEXT_CHECK_PASS","0","YES","NO","","","55d4b91e172dfb3b17d515f1e9fa48eae90a083d6edf48f5bcb0959af74d6daa","Ultimate Guitar com PRO Tabs Site Rip GPX/t/the_guess_who_1310/the-guess-who_these-eyes-official-3734627.gpx"
"1510","The J Geils Band","centerfold","REVIEWABLE_CHORD_SHEET","REVIEWABLE","PENDING_PARSE_AND_QA","gpx","6","431","ENGLISH_TEXT_CHECK_PASS","0","NO","NO","","","6065fa153c4a97de4f2bb089f693adc080e0549f3ed63ab11bf3d9f027258fa5","Ultimate Guitar com PRO Tabs Site Rip GPX/t/the_j_geils_band_3488/the-j-geils-band_centerfold-official-3029138.gpx"
"1511","The Jacksons","Blame It On The Boogie","EXISTING_DUPLICATE","EXISTING","SKIPPED_ALREADY_CURRENT","gpx","9","494","ENGLISH_TEXT_CHECK_PASS","0","YES","NO","","Existing artist/song or title variant — leave current song unchanged","dc9acf9de5430c65171e3ad6a4dda4a797b2cdc9183ca3790004a38ca1b71b53","Ultimate Guitar com PRO Tabs Site Rip GPX/t/the_jacksons_82697/the-jacksons_blame-it-on-the-boogie-official-2907944.gpx"
"1512","The Killers","1984","TAB_ONLY_OR_EMPTY","HOLD","PENDING_PARSE_AND_QA","gp3","0","0","LANGUAGE_UNVERIFIED","0","NO","NO","","English lyrics not established from available text | No usable chord symbols in extracted sheet | Tab-only or empty extracted sheet","345d27a60b27a882040e78227a06544c0871cd2591423abc862251785ae4778a","GuitarPro_Tabs/Killers - 1984.gp3"
"1513","The Killers","Ainsi Sois Tu","TAB_ONLY_OR_EMPTY","HOLD","PENDING_PARSE_AND_QA","gp3","0","0","LANGUAGE_UNVERIFIED","0","NO","NO","","English lyrics not established from available text | No usable chord symbols in extracted sheet | Tab-only or empty extracted sheet","c96be2bdc4661b8dcc5b405b9d211f3f83c62ac26083ad38674f9cf809308ace","GuitarPro_Tabs/Killers - Ainsi Sois Tu.gp3"
"1514","The Killers","Clandestinite","TAB_ONLY_OR_EMPTY","HOLD","PENDING_PARSE_AND_QA","gp4","0","0","LANGUAGE_UNVERIFIED","0","NO","NO","","English lyrics not established from available text | No usable chord symbols in extracted sheet | Tab-only or empty extracted sheet","79a6bcbe339464cbe84b8e5b19ad44155520baca32f5f8733a458d554fdd677d","GuitarPro_Tabs/Killers - Clandestinite.gp4"
"1515","The Killers","Dustland","EXISTING_DUPLICATE","EXISTING","SKIPPED_ALREADY_CURRENT","gpx","9","393","ENGLISH_TEXT_CHECK_PASS","23","YES","YES","","Existing artist/song or title variant — leave current song unchanged | Possible existing song or alternate title: The Killers ft. Bruce Springsteen — Dustland | Exact locked transposer fails required round-trip or slash-bass preservation","a609adb2719fdbe749ea776e454ebf1aebf12039241736db6c9596e7a54630ed","Ultimate Guitar com PRO Tabs Site Rip GPX/t/the_killers_8183/the-killers_dustland-official-3761363.gpx"
"1516","The Killers","for reasons unknown","TRANSPOSE_FAILURE","HOLD","PENDING_PARSE_AND_QA","gpx","6","285","ENGLISH_TEXT_CHECK_PASS","23","NO","YES","","Exact locked transposer fails required round-trip or slash-bass preservation","3a53e952d1a91ad4b6348ece1010f486f4d440e1b45334d091d50b203d06d2c7","Ultimate Guitar com PRO Tabs Site Rip GPX/t/the_killers_8183/the-killers_for-reasons-unknown-official-2731263.gpx"
"1517","The Killers","Heavy Metal Kids","TAB_ONLY_OR_EMPTY","HOLD","PENDING_PARSE_AND_QA","gp4","0","0","LANGUAGE_UNVERIFIED","0","NO","NO","","English lyrics not established from available text | No usable chord symbols in extracted sheet | Tab-only or empty extracted sheet","c1648de253a7f02a4e139f63f96a8c7fc15cbe709e77ba0eb764606d86401fa2","GuitarPro_Tabs/Killers - Heavy Metal Kids.gp4"
"1518","The Killers","HM 2002","TAB_ONLY_OR_EMPTY","HOLD","PENDING_PARSE_AND_QA","gp3","0","0","LANGUAGE_UNVERIFIED","0","NO","NO","","English lyrics not established from available text | No usable chord symbols in extracted sheet | Tab-only or empty extracted sheet","48088fd2f4ac05e8584df51b71cb63dc53c5884da711b5b5203227617acd3194","GuitarPro_Tabs/Killers - HM 2002.gp3"
"1519","The Killers","L 'assassin","TAB_ONLY_OR_EMPTY","HOLD","PENDING_PARSE_AND_QA","gp4","0","0","LANGUAGE_UNVERIFIED","0","NO","NO","","English lyrics not established from available text | No usable chord symbols in extracted sheet | Tab-only or empty extracted sheet","40249559c949ee798e1373339a33a54d1c06971a4f38848a84d73f848cf4239e","GuitarPro_Tabs/Killers - L 'assassin.gp4"
"1520","The Killers","résistance","TAB_ONLY_OR_EMPTY","HOLD","PENDING_PARSE_AND_QA","gp3","0","0","LANGUAGE_UNVERIFIED","0","NO","NO","","English lyrics not established from available text | No usable chord symbols in extracted sheet | Tab-only or empty extracted sheet","17bc8255f9545f263bae9df5d74f4a5a75efb12409fff3cda7e7c3cabc8e79b6","GuitarPro_Tabs/Killers - résistance.gp3"
"1521","The Killers","Roi Du Speed","TAB_ONLY_OR_EMPTY","HOLD","PENDING_PARSE_AND_QA","gp4","0","0","LANGUAGE_UNVERIFIED","0","NO","NO","","English lyrics not established from available text | No usable chord symbols in extracted sheet | Tab-only or empty extracted sheet","2bca981ee048524939206471c50478fe2a607ef680874f678f50e4b1f35c76a9","GuitarPro_Tabs/Killers - Roi Du Speed.gp4"
"1522","The Killers","Rosalind","TAB_ONLY_OR_EMPTY","HOLD","PENDING_PARSE_AND_QA","gp4","0","0","LANGUAGE_UNVERIFIED","0","NO","NO","","English lyrics not established from available text | No usable chord symbols in extracted sheet | Tab-only or empty extracted sheet","3afc48905d2fd83701cc83312eeb6ed2472950af4be9452d95e629e678b4db88","GuitarPro_Tabs/Killers - Rosalind.gp4"
"1523","The Killers","the man","TRANSPOSE_FAILURE","HOLD","PENDING_PARSE_AND_QA","gpx","7","423","ENGLISH_TEXT_CHECK_PASS","22","NO","NO","","Exact locked transposer fails required round-trip or slash-bass preservation","91de3190b410c52d5aad1c1445023e7a320d924ae8e764a5a05e25ae3c2f0695","Ultimate Guitar com PRO Tabs Site Rip GPX/t/the_killers_8183/the-killers_the-man-official-2381049.gpx"
"1524","The Kinks","a well respected man","REVIEWABLE_CHORD_SHEET","REVIEWABLE","PENDING_PARSE_AND_QA","gpx","6","347","ENGLISH_TEXT_CHECK_PASS","0","NO","NO","","","176400da3f886febc72e6ee6db005603bea76d521553334150a4f64c060eb365","Ultimate Guitar com PRO Tabs Site Rip GPX/t/the_kinks_1094/the-kinks_a-well-respected-man-official-2765596.gpx"
"1525","The Meters","cissy strut","TAB_ONLY_OR_EMPTY","HOLD","PENDING_PARSE_AND_QA","gpx","4","0","LANGUAGE_UNVERIFIED","0","NO","YES","","English lyrics not established from available text | Tab-only or empty extracted sheet","f69f80c6d8bf90139e40c4661a7d51e73bf8e9db39a0539b3db94424dd791eaf","Ultimate Guitar com PRO Tabs Site Rip GPX/t/the_meters_16777/the-meters_cissy-strut-official-2214719.gpx"
"1526","The Monkees","daydream believer","REVIEWABLE_CHORD_SHEET","REVIEWABLE","PENDING_PARSE_AND_QA","gpx","7","207","ENGLISH_TEXT_CHECK_PASS","0","NO","NO","","","01c94cb868333c42968d1c52afc5f5f9cad8adb696994526a392f5de4f0f08fa","Ultimate Guitar com PRO Tabs Site Rip GPX/t/the_monkees_835/the-monkees_daydream-believer-official-2761672.gpx"
"1527","The Police","Bring On The Night","TAB_ONLY_OR_EMPTY","HOLD","PENDING_PARSE_AND_QA","gp4","0","0","LANGUAGE_UNVERIFIED","0","NO","NO","","English lyrics not established from available text | No usable chord symbols in extracted sheet | Tab-only or empty extracted sheet","93b05e75bae3c7d14821e8394f3904635a951b9f407de5e28cbe8d97b82141a8","GuitarPro_Tabs/Police (The) - Bring On The Night.gp4"
"1528","The Police","Can 't Stand Loosing You","EXISTING_DUPLICATE","EXISTING","PENDING_PARSE_AND_QA","gp4","0","0","LANGUAGE_UNVERIFIED","0","NO","NO","","Parsed title disagrees with proposal title | Existing artist/song or title variant — leave current song unchanged | English lyrics not established from available text | No usable chord symbols in extracted sheet | Tab-only or empty extracted sheet","8a81dbb686777f4de97b432707e9b0c2df3d07059dce605e3332c8913d004732","GuitarPro_Tabs/Police (The) - Can 't Stand Loosing You.gp4"
"1529","The Police","Canary In A Coal Mine","TAB_ONLY_OR_EMPTY","HOLD","PENDING_PARSE_AND_QA","gp4","0","0","LANGUAGE_UNVERIFIED","0","NO","NO","","English lyrics not established from available text | No usable chord symbols in extracted sheet | Tab-only or empty extracted sheet","83012811cd4ef1314bb802a1853a68d27ff9052e66db485fcdebcf45d2f38a3b","GuitarPro_Tabs/Police (The) - Canary In A Coal Mine.gp4"
"1530","The Police","Fall Out (2)","TAB_ONLY_OR_EMPTY","HOLD","PENDING_PARSE_AND_QA","gp3","4","0","LANGUAGE_UNVERIFIED","0","NO","NO","","English lyrics not established from available text | Tab-only or empty extracted sheet","bc2d07f069fc140036e6d2c4280aedc5ce880c90d33da73a26cc2a03a2782be2","GuitarPro_Tabs/Police (The) - Fall Out (2).gp3"
"1531","The Police","Invisible Sun","TAB_ONLY_OR_EMPTY","HOLD","PENDING_PARSE_AND_QA","gp4","0","0","LANGUAGE_UNVERIFIED","0","NO","NO","","English lyrics not established from available text | No usable chord symbols in extracted sheet | Tab-only or empty extracted sheet","43edab0628d33af8be0b8c61ace86429dfe0051550fb0cf38634437c9d1e9214","GuitarPro_Tabs/Police (The) - Invisible Sun.gp4"
"1532","The Police","king of pain","TRANSPOSE_FAILURE","HOLD","PENDING_PARSE_AND_QA","gpx","10","496","ENGLISH_TEXT_CHECK_PASS","23","YES","YES","","Parsed title disagrees with proposal title | Similar proposed title also exists in this queue; choose at most one after identity review. | Exact locked transposer fails required round-trip or slash-bass preservation","af881d077951e5caa1263e485f464b687b4f4d3f143c188041fb9e4918e32830","Ultimate Guitar com PRO Tabs Site Rip GPX/t/the_police_18308/the-police_king-of-pain-official-3428666.gpx"
"1533","The Police","King Of Pain (Guitar Solo)","TAB_ONLY_OR_EMPTY","HOLD","PENDING_PARSE_AND_QA","gp3","0","0","LANGUAGE_UNVERIFIED","0","NO","NO","","May be a medley, fragment or exercise; full-song identity needs confirmation. | Similar proposed title also exists in this queue; choose at most one after identity review. | English lyrics not established from available text | No usable chord symbols in extracted sheet | Tab-only or empty extracted sheet","4b662b9d8061db221d645c603d0d4e90b62deb7c049c1f5a4958cf93d9f80561","GuitarPro_Tabs/Police (The) - King Of Pain (Guitar Solo).gp3"
"1534","The Police","Landlord","TAB_ONLY_OR_EMPTY","HOLD","PENDING_PARSE_AND_QA","gp3","0","0","LANGUAGE_UNVERIFIED","0","NO","NO","","Parsed title disagrees with proposal title | English lyrics not established from available text | No usable chord symbols in extracted sheet | Tab-only or empty extracted sheet","e02df4df4bd49d9acab06e57d45e684bce4a089a67bae3245a14bc74ad36a489","GuitarPro_Tabs/Police (The) - Landlord.gp3"
"1535","The Police","so lonely","REVIEWABLE_CHORD_SHEET","REVIEWABLE","PENDING_PARSE_AND_QA","gpx","7","371","ENGLISH_TEXT_CHECK_PASS","0","NO","NO","","","7f01f446dfdda635962094104a014b71e06bea42999e24bbaf8520f085653bf3","Ultimate Guitar com PRO Tabs Site Rip GPX/t/the_police_18308/the-police_so-lonely-official-2632474.gpx"
"1536","The Police","Spirits In The Material World","TAB_ONLY_OR_EMPTY","HOLD","PENDING_PARSE_AND_QA","gp4","0","0","LANGUAGE_UNVERIFIED","0","NO","NO","","English lyrics not established from available text | No usable chord symbols in extracted sheet | Tab-only or empty extracted sheet","218c96c3f7a1c4822bca90117e7b541f9c89993747ac24d2aeaecfee446b7341","GuitarPro_Tabs/Police (The) - Spirits In The Material World.gp4"
"1537","The Police","Truth hits everybody","TAB_ONLY_OR_EMPTY","HOLD","UNAVAILABLE_SOURCE","gp4","0","14","LANGUAGE_UNVERIFIED","0","NO","NO","","English lyrics not established from available text | No usable chord symbols in extracted sheet","00f08ee64291439027df24a885efb45d49abb385a6862e81992b31fd508099b4","GuitarPro_Tabs/Police (The) - Truth Hits Everybody.gp4"
"1538","The Police","Wrapped Around Your Finger","TAB_ONLY_OR_EMPTY","HOLD","PENDING_PARSE_AND_QA","gp4","0","0","LANGUAGE_UNVERIFIED","0","NO","NO","","English lyrics not established from available text | No usable chord symbols in extracted sheet | Tab-only or empty extracted sheet","541679e6557ac44259098c6b1a180d46bcbc27f4534b4bc328985bce86f0769f","GuitarPro_Tabs/Police (The) - Wrapped Around Your Finger.gp4"
"1539","The Raconteurs","bored and razed","REVIEWABLE_CHORD_SHEET","REVIEWABLE","PENDING_PARSE_AND_QA","gpx","5","226","ENGLISH_TEXT_CHECK_PASS","0","NO","NO","","","32fc543a4cf91e447e00b510a9ee594be0e28769f4df898938eef03fe02b6143","Ultimate Guitar com PRO Tabs Site Rip GPX/t/the_raconteurs_14552/the-raconteurs_bored-and-razed-official-2753034.gpx"
"1540","The Raconteurs","only child","REVIEWABLE_CHORD_SHEET","REVIEWABLE","PENDING_PARSE_AND_QA","gpx","7","184","ENGLISH_TEXT_CHECK_PASS","0","NO","NO","","","177dc154ce7bae75089576eee48462e894947fc1986a38808f0a705365862105","Ultimate Guitar com PRO Tabs Site Rip GPX/t/the_raconteurs_14552/the-raconteurs_only-child-official-2751981.gpx"
"1541","The Ramones","53rd and 3rd","REVIEWABLE_CHORD_SHEET","REVIEWABLE","PENDING_PARSE_AND_QA","gpx","5","267","ENGLISH_TEXT_CHECK_PASS","0","NO","NO","","","b0dab0d2a55f7185e8de7a533a3337f5c32da1ba87d1fa5ed76f80624df7694c","Ultimate Guitar com PRO Tabs Site Rip GPX/r/ramones_555/ramones_53rd-and-3rd-official-1967137.gpx"
"1542","The Ramones","a real cool time","REVIEWABLE_CHORD_SHEET","REVIEWABLE","PENDING_PARSE_AND_QA","gpx","5","363","ENGLISH_TEXT_CHECK_PASS","0","NO","NO","","","2b24175412e5b523bbdf59a77fd66cd2abde9b04c3ec8c39f0a93480c6a5629b","Ultimate Guitar com PRO Tabs Site Rip GPX/r/ramones_555/ramones_a-real-cool-time-official-1971223.gpx"
"1543","The Ramones","all screwed up","TRANSPOSE_FAILURE","HOLD","PENDING_PARSE_AND_QA","gpx","8","412","ENGLISH_TEXT_CHECK_PASS","22","NO","NO","","Exact locked transposer fails required round-trip or slash-bass preservation","a49c6ce0001c52ec25101967baf3871d7f44b8db0d9e1b732cd2ca249b871ecd","Ultimate Guitar com PRO Tabs Site Rip GPX/r/ramones_555/ramones_all-screwed-up-official-1972431.gpx"
"1544","The Ramones","all the way","TRANSPOSE_FAILURE","HOLD","PENDING_PARSE_AND_QA","gpx","8","208","ENGLISH_TEXT_CHECK_PASS","22","NO","NO","","Exact locked transposer fails required round-trip or slash-bass preservation","26d356955be4b2d112449a80b6377d1d641ca86db1f5b5167d6eabd027374bb2","Ultimate Guitar com PRO Tabs Site Rip GPX/r/ramones_555/ramones_all-the-way-official-2076187.gpx"
"1545","The Ramones","alls quiet on the eastern front","TRANSPOSE_FAILURE","HOLD","PENDING_PARSE_AND_QA","gpx","6","242","ENGLISH_TEXT_CHECK_PASS","44","NO","NO","","Exact locked transposer fails required round-trip or slash-bass preservation","2877ac0854959c17eeb32b5fd8f969c69645069e85d45e3387703a7417c60582","Ultimate Guitar com PRO Tabs Site Rip GPX/r/ramones_555/ramones_alls-quiet-on-the-eastern-front-official-2060319.gpx"
"1546","The Ramones","animal boy","REVIEWABLE_CHORD_SHEET","REVIEWABLE","PENDING_PARSE_AND_QA","gpx","6","160","ENGLISH_TEXT_CHECK_PASS","0","NO","NO","","","9bf739dc8c693d13f41923e02538c1b4aec173bb8999ec8a691cce484bf3bdb4","Ultimate Guitar com PRO Tabs Site Rip GPX/r/ramones_555/ramones_animal-boy-official-1970089.gpx"
"1547","The Ramones","anxiety","REVIEWABLE_CHORD_SHEET","REVIEWABLE","PENDING_PARSE_AND_QA","gpx","7","249","ENGLISH_TEXT_CHECK_PASS","0","NO","NO","","","1bd9ae0f44623d79bde5daec0687221c4b5dbcf97139e902843cd353769138a4","Ultimate Guitar com PRO Tabs Site Rip GPX/r/ramones_555/ramones_anxiety-official-1972513.gpx"
"1548","The Ramones","apeman hop","TAB_ONLY_OR_EMPTY","HOLD","PENDING_PARSE_AND_QA","gpx","0","165","ENGLISH_TEXT_CHECK_PASS","0","NO","NO","","No usable chord symbols in extracted sheet","e77091c2b8b52ed65cb44296834301291c7a85d767a8482df06cefb0356d4fa9","Ultimate Guitar com PRO Tabs Site Rip GPX/r/ramones_555/ramones_apeman-hop-official-1971215.gpx"
"1549","The Ramones","bad brain","LANGUAGE_UNVERIFIED","HOLD","PENDING_PARSE_AND_QA","gpx","7","151","LANGUAGE_UNVERIFIED","0","NO","NO","","English lyrics not established from available text","65049d9d0f71f6436b494f15f4ffe6bfeeded03a038e315b4d67f9f001b744f2","Ultimate Guitar com PRO Tabs Site Rip GPX/r/ramones_555/ramones_bad-brain-official-1970769.gpx"
"1550","The Ramones","beat on the brat","REVIEWABLE_CHORD_SHEET","REVIEWABLE","PENDING_PARSE_AND_QA","gpx","4","214","ENGLISH_TEXT_CHECK_PASS","0","NO","NO","","","50a232eab00a8654d3240fbb097f97658c5f510774a5c08deb1ed0ffd5490787","Ultimate Guitar com PRO Tabs Site Rip GPX/r/ramones_555/ramones_beat-on-the-brat-official-1968283.gpx"
"1551","The Ramones","Blitzkrieg Bop (studio)","EXISTING_DUPLICATE","EXISTING","PENDING_PARSE_AND_QA","gp3","0","0","LANGUAGE_UNVERIFIED","0","NO","NO","","Existing artist/song or title variant — leave current song unchanged | Possible existing song or alternate title: The Ramones — Blitzkrieg Bop | English lyrics not established from available text | No usable chord symbols in extracted sheet | Tab-only or empty extracted sheet","49e2840332ff200e156a43b77e8d9ec0f7d70f88a0fd0d7ccd308520fec51c3c","GuitarPro_Tabs/Ramones (The) - Blitzkrieg Bop (studio).gp3"
"1552","The Ramones","bop til you drop","REVIEWABLE_CHORD_SHEET","REVIEWABLE","PENDING_PARSE_AND_QA","gpx","4","108","ENGLISH_TEXT_CHECK_PASS","0","NO","NO","","","46ded7ba302cfd54a74b3c277304d4e5c4824974292dd8282436001fcfaeba4a","Ultimate Guitar com PRO Tabs Site Rip GPX/r/ramones_555/ramones_bop-til-you-drop-official-2041643.gpx"
"1553","The Ramones","california sun","REVIEWABLE_CHORD_SHEET","REVIEWABLE","PENDING_PARSE_AND_QA","gpx","4","213","ENGLISH_TEXT_CHECK_PASS","0","NO","NO","","","bd21c0074c745f076ab997d94ddf83bc1f671c9495fc5ff44564f529b1836d4c","Ultimate Guitar com PRO Tabs Site Rip GPX/r/ramones_555/ramones_california-sun-official-1967721.gpx"
"1554","The Ramones","cant get you outta my mind","TRANSPOSE_FAILURE","HOLD","PENDING_PARSE_AND_QA","gpx","8","242","ENGLISH_TEXT_CHECK_PASS","44","NO","NO","","Exact locked transposer fails required round-trip or slash-bass preservation","b230132d3884b9160349c39fe68e0d38c91dc169380631999bb3c887e4c90f7d","Ultimate Guitar com PRO Tabs Site Rip GPX/r/ramones_555/ramones_cant-get-you-outta-my-mind-official-2034399.gpx"
"1555","The Ramones","carbona not glue","REVIEWABLE_CHORD_SHEET","REVIEWABLE","PENDING_PARSE_AND_QA","gpx","8","193","ENGLISH_TEXT_CHECK_PASS","0","NO","NO","","","891b014c70b4fce4d48c1d6ca4c0f739e724e065a4491e28298642f0c97c6aa3","Ultimate Guitar com PRO Tabs Site Rip GPX/r/ramones_555/ramones_carbona-not-glue-official-1975703.gpx"
"1556","The Ramones","censorshit","REVIEWABLE_CHORD_SHEET","REVIEWABLE","PENDING_PARSE_AND_QA","gpx","7","300","ENGLISH_TEXT_CHECK_PASS","0","NO","NO","","","e196f11edfb181b403062f92b67668d08763ac0add4fcf563e297508a8ca0a6f","Ultimate Guitar com PRO Tabs Site Rip GPX/r/ramones_555/ramones_censorshit-official-1970087.gpx"
"1557","The Ramones","chain saw","REVIEWABLE_CHORD_SHEET","REVIEWABLE","PENDING_PARSE_AND_QA","gpx","4","302","ENGLISH_TEXT_CHECK_PASS","0","NO","NO","","","636faf415deb5087d51cfcf6dc040cba85e8771b2e3ac6be7a9303c3e0fedcd0","Ultimate Guitar com PRO Tabs Site Rip GPX/r/ramones_555/ramones_chain-saw-official-1968761.gpx"
"1558","The Ramones","chinese rock","TRANSPOSE_FAILURE","HOLD","PENDING_PARSE_AND_QA","gpx","7","218","ENGLISH_TEXT_CHECK_PASS","22","NO","NO","","Exact locked transposer fails required round-trip or slash-bass preservation","6d5f60dea04eb3f232d36c52e4ddc0ddc8952adb731b9fb4646ee682d0f32956","Ultimate Guitar com PRO Tabs Site Rip GPX/r/ramones_555/ramones_chinese-rock-official-2071735.gpx"
"1559","The Ramones","commando","REVIEWABLE_CHORD_SHEET","REVIEWABLE","PENDING_PARSE_AND_QA","gpx","5","160","ENGLISH_TEXT_CHECK_PASS","0","NO","NO","","","4c0b40e0bb44b909430fe770829bcadfec395dbc75f6cac6d0318d39bd132723","Ultimate Guitar com PRO Tabs Site Rip GPX/r/ramones_555/ramones_commando-official-1967725.gpx"
"1560","The Ramones","cretin family","TRANSPOSE_FAILURE","HOLD","PENDING_PARSE_AND_QA","gpx","5","171","ENGLISH_TEXT_CHECK_PASS","22","NO","NO","","Exact locked transposer fails required round-trip or slash-bass preservation","0e6495c58615a561c4d6886fe7773b942503ce8dfc4ca1878b4cf10c71ee6e3b","Ultimate Guitar com PRO Tabs Site Rip GPX/r/ramones_555/ramones_cretin-family-official-1973099.gpx"
"1561","The Ramones","cretin hop","REVIEWABLE_CHORD_SHEET","REVIEWABLE","PENDING_PARSE_AND_QA","gpx","4","146","ENGLISH_TEXT_CHECK_PASS","0","NO","NO","","","f8635c7d4a8a8bd8fa164d108d84ddb91be7142f8ac816fb329465b4b0cac23f","Ultimate Guitar com PRO Tabs Site Rip GPX/r/ramones_555/ramones_cretin-hop-official-1976783.gpx"
"1562","The Ramones","crummy stuff","LANGUAGE_UNVERIFIED","HOLD","PENDING_PARSE_AND_QA","gpx","4","351","LANGUAGE_UNVERIFIED","0","NO","NO","","English lyrics not established from available text","f8687509d55a898a61bc311401c4711e31e55078789de9bfb38f4e7d57239e81","Ultimate Guitar com PRO Tabs Site Rip GPX/r/ramones_555/ramones_crummy-stuff-official-2051907.gpx"
"1563","The Ramones","danger zone","REVIEWABLE_CHORD_SHEET","REVIEWABLE","PENDING_PARSE_AND_QA","gpx","7","236","ENGLISH_TEXT_CHECK_PASS","0","NO","NO","","","e433d4efdd3c622b86fd64e8b69f2673a10bd7c9751a46cd8af0ee3e5fcf264f","Ultimate Guitar com PRO Tabs Site Rip GPX/r/ramones_555/ramones_danger-zone-official-2071737.gpx"
"1564","The Ramones","danny says","TRANSPOSE_FAILURE","HOLD","PENDING_PARSE_AND_QA","gpx","8","207","ENGLISH_TEXT_CHECK_PASS","22","NO","NO","","Exact locked transposer fails required round-trip or slash-bass preservation","af2d0c5fe37f782278b2c1896e9fc10c82f44bcaeced6eb3ba941eb57946964b","Ultimate Guitar com PRO Tabs Site Rip GPX/r/ramones_555/ramones_danny-says-official-2084625.gpx"
"1565","The Ramones","death of me","REVIEWABLE_CHORD_SHEET","REVIEWABLE","PENDING_PARSE_AND_QA","gpx","4","247","ENGLISH_TEXT_CHECK_PASS","0","NO","NO","","","612ad4f0e4e490936d34f340663335b16e07a6c310ce11e06b59125b3907cc9f","Ultimate Guitar com PRO Tabs Site Rip GPX/r/ramones_555/ramones_death-of-me-official-2044455.gpx"
"1566","The Ramones","do you wanna dance","REVIEWABLE_CHORD_SHEET","REVIEWABLE","PENDING_PARSE_AND_QA","gpx","3","221","ENGLISH_TEXT_CHECK_PASS","0","NO","NO","","","1c05f79e17f20421807cb7e26cd64be8931af45e6bd2f9a4721c5870435e9ce4","Ultimate Guitar com PRO Tabs Site Rip GPX/r/ramones_555/ramones_do-you-wanna-dance-official-2070651.gpx"
"1567","The Ramones","dont bust my chops","REVIEWABLE_CHORD_SHEET","REVIEWABLE","PENDING_PARSE_AND_QA","gpx","4","233","ENGLISH_TEXT_CHECK_PASS","0","NO","NO","","","91550c528f8f4c75b30152a5b66807d79930afd65c7f218042081bd269e3468b","Ultimate Guitar com PRO Tabs Site Rip GPX/r/ramones_555/ramones_dont-bust-my-chops-official-2030051.gpx"
"1568","The Ramones","durango 95","TAB_ONLY_OR_EMPTY","HOLD","PENDING_PARSE_AND_QA","gpx","4","0","LANGUAGE_UNVERIFIED","22","NO","NO","","English lyrics not established from available text | Tab-only or empty extracted sheet | Exact locked transposer fails required round-trip or slash-bass preservation","8f90d1e5696bffa542a8f72634252dbbc45f8a18507e0035050274cd26370b21","Ultimate Guitar com PRO Tabs Site Rip GPX/r/ramones_555/ramones_durango-95-official-2053179.gpx"
"1569","The Ramones","eat that rat","TRANSPOSE_FAILURE","HOLD","PENDING_PARSE_AND_QA","gpx","8","170","ENGLISH_TEXT_CHECK_PASS","22","NO","NO","","Exact locked transposer fails required round-trip or slash-bass preservation","16744ec0791838b80b0d2f3184fa93d6dd83f5a13df65c03652138d582565c3d","Ultimate Guitar com PRO Tabs Site Rip GPX/r/ramones_555/ramones_eat-that-rat-official-2047703.gpx"
"1570","The Ramones","endless vacation","LANGUAGE_UNVERIFIED","HOLD","PENDING_PARSE_AND_QA","gpx","2","212","LANGUAGE_UNVERIFIED","0","NO","NO","","English lyrics not established from available text","d13c0559f9f7af9db1b3df7b89ea73714668568d8d8d70737f2db193e32992d0","Ultimate Guitar com PRO Tabs Site Rip GPX/r/ramones_555/ramones_endless-vacation-official-2053147.gpx"
"1571","The Ramones","freak of nature","TRANSPOSE_FAILURE","HOLD","PENDING_PARSE_AND_QA","gpx","5","145","ENGLISH_TEXT_CHECK_PASS","44","NO","NO","","Exact locked transposer fails required round-trip or slash-bass preservation","bf119b5c350642396ad5c1e0aa1b214772919196692a9789da6004cde2c11326","Ultimate Guitar com PRO Tabs Site Rip GPX/r/ramones_555/ramones_freak-of-nature-official-2046003.gpx"
"1572","The Ramones","garden of serenity","REVIEWABLE_CHORD_SHEET","REVIEWABLE","PENDING_PARSE_AND_QA","gpx","4","238","ENGLISH_TEXT_CHECK_PASS","0","NO","NO","","","2e575446fabf9c387844cfbad407750787490d18524a7670cf648c7f13ed871f","Ultimate Guitar com PRO Tabs Site Rip GPX/r/ramones_555/ramones_garden-of-serenity-official-2042419.gpx"
"1573","The Ramones","gimme gimme shock treatment","REVIEWABLE_CHORD_SHEET","REVIEWABLE","PENDING_PARSE_AND_QA","gpx","7","234","ENGLISH_TEXT_CHECK_PASS","0","NO","NO","","","5dc5be7957e233569b31b73b9942bfadb7e217279896fee38f422fa939148d72","Ultimate Guitar com PRO Tabs Site Rip GPX/r/ramones_555/ramones_gimme-gimme-shock-treatment-official-1973031.gpx"
"1574","The Ramones","glad to see you go","REVIEWABLE_CHORD_SHEET","REVIEWABLE","PENDING_PARSE_AND_QA","gpx","8","262","ENGLISH_TEXT_CHECK_PASS","0","NO","NO","","","901dac895426ff02d9ba74716044e1a46b8073d2a31c26c03608969ed33558e4","Ultimate Guitar com PRO Tabs Site Rip GPX/r/ramones_555/ramones_glad-to-see-you-go-official-1977693.gpx"
"1575","The Ramones","go lil camaro go","LANGUAGE_UNVERIFIED","HOLD","PENDING_PARSE_AND_QA","gpx","3","137","LANGUAGE_UNVERIFIED","0","NO","NO","","English lyrics not established from available text","93969790612f749978e082d87134dc21cb34bf9ccc60c1344266c8ee6a11a06d","Ultimate Guitar com PRO Tabs Site Rip GPX/r/ramones_555/ramones_go-lil-camaro-go-official-2039881.gpx"
"1576","The Ramones","go mental","TRANSPOSE_FAILURE","HOLD","PENDING_PARSE_AND_QA","gpx","11","143","ENGLISH_TEXT_CHECK_PASS","22","YES","NO","","Exact locked transposer fails required round-trip or slash-bass preservation","3953874c2637397002d3988163bf2fa1cbdf12d42c26220203f7f646f38cc161","Ultimate Guitar com PRO Tabs Site Rip GPX/r/ramones_555/ramones_go-mental-official-1989847.gpx"
"1577","The Ramones","got a lot to say","TAB_ONLY_OR_EMPTY","HOLD","PENDING_PARSE_AND_QA","gpx","0","192","LANGUAGE_UNVERIFIED","0","NO","NO","","English lyrics not established from available text | No usable chord symbols in extracted sheet","156d457449b2b17f8d78938d7c8b43e6adb85ec6426fc9ebcda45a2cc83d0cb5","Ultimate Guitar com PRO Tabs Site Rip GPX/r/ramones_555/ramones_got-a-lot-to-say-official-1975673.gpx"
"1578","The Ramones","Havana Haffair","EXISTING_DUPLICATE","EXISTING","PENDING_PARSE_AND_QA","gp3","0","0","LANGUAGE_UNVERIFIED","0","NO","NO","","Parsed title disagrees with proposal title | Existing artist/song or title variant — leave current song unchanged | English lyrics not established from available text | No usable chord symbols in extracted sheet | Tab-only or empty extracted sheet","68cd032b370b3c05ed151bfdd724149bb540e6e227dcddf5798742df5697e50a","GuitarPro_Tabs/Ramones (The) - Havana Haffair.gp3"
"1579","The Ramones","have a nice day","TRANSPOSE_FAILURE","HOLD","PENDING_PARSE_AND_QA","gpx","7","195","ENGLISH_TEXT_CHECK_PASS","44","NO","NO","","Exact locked transposer fails required round-trip or slash-bass preservation","66dc43bd70822294ccae764e91f1e432bb884d22ed522267b5db7ebe135378f3","Ultimate Guitar com PRO Tabs Site Rip GPX/r/ramones_555/ramones_have-a-nice-day-official-1975325.gpx"
"1580","The Ramones","Have You Ever Seen The Rain (Creedance cover)","TAB_ONLY_OR_EMPTY","HOLD","PENDING_PARSE_AND_QA","gp3","0","0","LANGUAGE_UNVERIFIED","0","NO","NO","","English lyrics not established from available text | No usable chord symbols in extracted sheet | Tab-only or empty extracted sheet","ac6920b1d82100b1b4951e0c06b340dc4e3a2c66f375ab03342e7e940c62cc90","GuitarPro_Tabs/Ramones (The) - Have You Ever Seen The Rain (Creedance cover).gp3"
"1581","The Ramones","here today gone tomorrow","REVIEWABLE_CHORD_SHEET","REVIEWABLE","PENDING_PARSE_AND_QA","gpx","3","205","ENGLISH_TEXT_CHECK_PASS","0","NO","NO","","","2bff7bc052f60b23c645fa3ae4e4937c0521686643074cb4f86d76ff9323d638","Ultimate Guitar com PRO Tabs Site Rip GPX/r/ramones_555/ramones_here-today-gone-tomorrow-official-1975755.gpx"
"1582","The Ramones","Hey How Let 's Go","TAB_ONLY_OR_EMPTY","HOLD","PENDING_PARSE_AND_QA","gp3","0","0","LANGUAGE_UNVERIFIED","0","NO","NO","","English lyrics not established from available text | No usable chord symbols in extracted sheet | Tab-only or empty extracted sheet","05913206a913c243d6f226731e4da89c7900dc96c59ecf34e8810b9dcfbca28e","GuitarPro_Tabs/Ramones (The) - Hey How Let 's Go.gp3"
"1583","The Ramones","humankind","REVIEWABLE_CHORD_SHEET","REVIEWABLE","PENDING_PARSE_AND_QA","gpx","7","332","ENGLISH_TEXT_CHECK_PASS","0","NO","NO","","","214d4030c1af79e86e21cb10934f5e3c899b787acf7e0bad9722d5731428bf88","Ultimate Guitar com PRO Tabs Site Rip GPX/r/ramones_555/ramones_humankind-official-2073915.gpx"
"1584","The Ramones","i believe in miracles","REVIEWABLE_CHORD_SHEET","REVIEWABLE","PENDING_PARSE_AND_QA","gpx","5","299","ENGLISH_TEXT_CHECK_PASS","0","NO","NO","","","a121992d1451995a2c3501da89d062938d5f5e761cab48b3f84ba234d31dd1a3","Ultimate Guitar com PRO Tabs Site Rip GPX/r/ramones_555/ramones_i-believe-in-miracles-official-2030491.gpx"
"1585","The Ramones","i cant give you anything","REVIEWABLE_CHORD_SHEET","REVIEWABLE","PENDING_PARSE_AND_QA","gpx","3","225","ENGLISH_TEXT_CHECK_PASS","0","NO","NO","","","bc26c349c6f63b81f906d8f20b3d663409ee12f4ccc017bf4c6d1e41e1e8e5de","Ultimate Guitar com PRO Tabs Site Rip GPX/r/ramones_555/ramones_i-cant-give-you-anything-official-1972611.gpx"
"1586","The Ramones","I Don't Want To Grow Up","TAB_ONLY_OR_EMPTY","HOLD","PENDING_PARSE_AND_QA","gp3","8","0","LANGUAGE_UNVERIFIED","0","NO","NO","","English lyrics not established from available text | Tab-only or empty extracted sheet","1cb5735a74f06c1b678fbe1d6f32e571400ad820bfaae4fb266965b4da8de457","GuitarPro_Tabs/Ramones - I Don't Want To Grow Up.gp3"
"1587","The Ramones","i dont care","LANGUAGE_UNVERIFIED","HOLD","PENDING_PARSE_AND_QA","gpx","3","111","LANGUAGE_UNVERIFIED","0","NO","NO","","English lyrics not established from available text","526684ba4aec2ac0b79b5294bfca6845a38fcb2bdeedf387188698fafe9831d9","Ultimate Guitar com PRO Tabs Site Rip GPX/r/ramones_555/ramones_i-dont-care-official-1972515.gpx"
"1588","The Ramones","i dont wanna go down to the basement","LANGUAGE_UNVERIFIED","HOLD","PENDING_PARSE_AND_QA","gpx","7","114","LANGUAGE_UNVERIFIED","0","NO","NO","","English lyrics not established from available text","9da7c516e02053557bf49aaccf389b30a6b760a4c6de56b2f66568463777d2c7","Ultimate Guitar com PRO Tabs Site Rip GPX/r/ramones_555/ramones_i-dont-wanna-go-down-to-the-basement-official-1968753.gpx"
"1589","The Ramones","i dont wanna grow up","REVIEWABLE_CHORD_SHEET","REVIEWABLE","PENDING_PARSE_AND_QA","gpx","5","357","ENGLISH_TEXT_CHECK_PASS","0","NO","NO","","","a163e6cec402048427476b219441abf1339de9840760541f51d58302989832e1","Ultimate Guitar com PRO Tabs Site Rip GPX/r/ramones_555/ramones_i-dont-wanna-grow-up-official-1968291.gpx"
"1590","The Ramones","i dont wanna walk around with you","REVIEWABLE_CHORD_SHEET","REVIEWABLE","PENDING_PARSE_AND_QA","gpx","4","147","ENGLISH_TEXT_CHECK_PASS","0","NO","NO","","","bf710ae94c43aa2bb131f76bc666106ced16f30867737ec74719170ce1096e18","Ultimate Guitar com PRO Tabs Site Rip GPX/r/ramones_555/ramones_i-dont-wanna-walk-around-with-you-official-1970759.gpx"
"1591","The Ramones","i dont want you","REVIEWABLE_CHORD_SHEET","REVIEWABLE","PENDING_PARSE_AND_QA","gpx","4","151","ENGLISH_TEXT_CHECK_PASS","0","NO","NO","","","31cd9c9399149045c409196c022934b8bc70933ae6766476f8e1a794a47ff18b","Ultimate Guitar com PRO Tabs Site Rip GPX/r/ramones_555/ramones_i-dont-want-you-official-1985857.gpx"
"1592","The Ramones","I Just Wanna Have Something To Do","TAB_ONLY_OR_EMPTY","HOLD","PENDING_PARSE_AND_QA","gp3","0","0","LANGUAGE_UNVERIFIED","0","NO","NO","","Parsed title disagrees with proposal title | English lyrics not established from available text | No usable chord symbols in extracted sheet | Tab-only or empty extracted sheet","6b15439dc0f26672ce1a821e37d01ebee9d5c1a6d2b165a025192eb6b42f3767","GuitarPro_Tabs/Ramones (The) - I Just Wanna Have Something To Do.gp3"
"1593","The Ramones","i just want to have something to do","REVIEWABLE_CHORD_SHEET","REVIEWABLE","PENDING_PARSE_AND_QA","gpx","3","198","ENGLISH_TEXT_CHECK_PASS","0","NO","NO","","","6b4ede5305c1bc4029386ab058f0ba6ffce542392e8072bb1275fb9f989e603f","Ultimate Guitar com PRO Tabs Site Rip GPX/r/ramones_555/ramones_i-just-want-to-have-something-to-do-official-1984709.gpx"
"1594","The Ramones","i know better now","TRANSPOSE_FAILURE","HOLD","PENDING_PARSE_AND_QA","gpx","7","195","ENGLISH_TEXT_CHECK_PASS","44","NO","NO","","Exact locked transposer fails required round-trip or slash-bass preservation","01ecbbfdc50747c41789b881e5fd55219602f06c7c96b7d5388b1db550d1602e","Ultimate Guitar com PRO Tabs Site Rip GPX/r/ramones_555/ramones_i-know-better-now-official-2043205.gpx"
"1595","The Ramones","i lost my mind","LANGUAGE_UNVERIFIED","HOLD","PENDING_PARSE_AND_QA","gpx","5","68","LANGUAGE_UNVERIFIED","0","NO","NO","","English lyrics not established from available text","3226d8317166c68f11bea626dbec126aaa1d96d1159923e6dc6072cb77fbc27c","Ultimate Guitar com PRO Tabs Site Rip GPX/r/ramones_555/ramones_i-lost-my-mind-official-2035055.gpx"
"1596","The Ramones","i love you","REVIEWABLE_CHORD_SHEET","REVIEWABLE","PENDING_PARSE_AND_QA","gpx","5","204","ENGLISH_TEXT_CHECK_PASS","0","NO","NO","","","a7d04372836134405ba5b39d441b60f4b795902aeb92bf52bd770cdbeb3b330e","Ultimate Guitar com PRO Tabs Site Rip GPX/r/ramones_555/ramones_i-love-you-official-2023763.gpx"
"1597","The Ramones","i remember you","REVIEWABLE_CHORD_SHEET","REVIEWABLE","PENDING_PARSE_AND_QA","gpx","5","216","ENGLISH_TEXT_CHECK_PASS","0","NO","NO","","","1efb4d76a76951bf2634c032d4c631b0b2b53af18cb151131c8adeeec63b1689","Ultimate Guitar com PRO Tabs Site Rip GPX/r/ramones_555/ramones_i-remember-you-official-1977293.gpx"
"1598","The Ramones","i wanna be well","LANGUAGE_UNVERIFIED","HOLD","PENDING_PARSE_AND_QA","gpx","4","202","LANGUAGE_UNVERIFIED","0","NO","YES","Daddy's","English lyrics not established from available text | Locked renderer has no chord shape for: Daddy's","1a653662caba6b517dc0190872e6ac9f443d3b8a351f841ebe8f5f331080969a","Ultimate Guitar com PRO Tabs Site Rip GPX/r/ramones_555/ramones_i-wanna-be-well-official-1976379.gpx"
"1599","The Ramones","i wanna be your boyfriend","REVIEWABLE_CHORD_SHEET","REVIEWABLE","PENDING_PARSE_AND_QA","gpx","4","175","ENGLISH_TEXT_CHECK_PASS","0","NO","NO","","","d6f80ad4a3aec494313a0e659d0ff298e80fe64bcb184957dee11bbd2c844492","Ultimate Guitar com PRO Tabs Site Rip GPX/r/ramones_555/ramones_i-wanna-be-your-boyfriend-official-1966539.gpx"
"1600","The Ramones","I Wanna Live (Live)","TAB_ONLY_OR_EMPTY","HOLD","PENDING_PARSE_AND_QA","gp3","0","0","LANGUAGE_UNVERIFIED","0","NO","NO","","English lyrics not established from available text | No usable chord symbols in extracted sheet | Tab-only or empty extracted sheet","e144fa2569917bc5c990ccbc5af8efd592c756acf649c99a8b94531c78019a13","GuitarPro_Tabs/Ramones (The) - I Wanna Live (Live).gp3"
"1601","The Ramones","im against it","REVIEWABLE_CHORD_SHEET","REVIEWABLE","PENDING_PARSE_AND_QA","gpx","6","189","ENGLISH_TEXT_CHECK_PASS","0","NO","NO","","","8efc9a06c2dcddecd19343b10f20e4a06c7ad3a77d76566808900852d1a9c907","Ultimate Guitar com PRO Tabs Site Rip GPX/r/ramones_555/ramones_im-against-it-official-1987975.gpx"
"1602","The Ramones","im not an answer","TRANSPOSE_FAILURE","HOLD","PENDING_PARSE_AND_QA","gpx","8","143","ENGLISH_TEXT_CHECK_PASS","22","NO","NO","","Exact locked transposer fails required round-trip or slash-bass preservation","355d12e5e91e05d25022c136a4b2b1c94b290242a762df84433b03d2b18e5f6f","Ultimate Guitar com PRO Tabs Site Rip GPX/r/ramones_555/ramones_im-not-an-answer-official-2073913.gpx"
"1603","The Ramones","im not jesus","TRANSPOSE_FAILURE","HOLD","PENDING_PARSE_AND_QA","gpx","6","196","ENGLISH_TEXT_CHECK_PASS","44","NO","NO","","Exact locked transposer fails required round-trip or slash-bass preservation","5f777c808329f730c72875519ae41a2cbeeafeaa7a617c2d125d8a86d9cb4bcc","Ultimate Guitar com PRO Tabs Site Rip GPX/r/ramones_555/ramones_im-not-jesus-official-2075865.gpx"
"1604","The Ramones","its a long way back to germany","LANGUAGE_UNVERIFIED","HOLD","PENDING_PARSE_AND_QA","gpx","5","84","LANGUAGE_UNVERIFIED","0","NO","NO","","English lyrics not established from available text","4d98a84f615ea60fd6ebbcae1767e341cf9e61f5616dafeab640e26a5098513a","Ultimate Guitar com PRO Tabs Site Rip GPX/r/ramones_555/ramones_its-a-long-way-back-to-germany-official-1990641.gpx"
"1605","The Ramones","learn to listen","REVIEWABLE_CHORD_SHEET","REVIEWABLE","PENDING_PARSE_AND_QA","gpx","4","278","ENGLISH_TEXT_CHECK_PASS","0","NO","NO","","","53fe05e60ee5554d56783262e48d5feeadbc282af403cbffb495e9ce3f1d1cef","Ultimate Guitar com PRO Tabs Site Rip GPX/r/ramones_555/ramones_learn-to-listen-official-2025593.gpx"
"1606","The Ramones","lets dance","REVIEWABLE_CHORD_SHEET","REVIEWABLE","PENDING_PARSE_AND_QA","gpx","5","194","ENGLISH_TEXT_CHECK_PASS","0","NO","NO","","","7fecf1d83459ab04964acf725640d59f463be1a2b7fa0d44b59980fc6403d072","Ultimate Guitar com PRO Tabs Site Rip GPX/r/ramones_555/ramones_lets-dance-official-1968759.gpx"
"1607","The Ramones","listen to my heart","REVIEWABLE_CHORD_SHEET","REVIEWABLE","PENDING_PARSE_AND_QA","gpx","8","184","ENGLISH_TEXT_CHECK_PASS","0","NO","NO","","","aef9fee3644901d06165df2c7103a2d8a7df5d82183fc9c44909435854236df3","Ultimate Guitar com PRO Tabs Site Rip GPX/r/ramones_555/ramones_listen-to-my-heart-official-1970757.gpx"
"1608","The Ramones","locket love","REVIEWABLE_CHORD_SHEET","REVIEWABLE","PENDING_PARSE_AND_QA","gpx","4","204","ENGLISH_TEXT_CHECK_PASS","0","NO","NO","","","6028fd062c9e1471055f2b14be841f30279271604db47849d050dc5f3e9a4c7d","Ultimate Guitar com PRO Tabs Site Rip GPX/r/ramones_555/ramones_locket-love-official-1976287.gpx"
"1609","The Ramones","loudmouth","LANGUAGE_UNVERIFIED","HOLD","PENDING_PARSE_AND_QA","gpx","6","112","LANGUAGE_UNVERIFIED","0","NO","NO","","English lyrics not established from available text","796ef81cd84a9d67d57aaddb5e92ef1f4a4580d629519ad81f9cfcae26b4284d","Ultimate Guitar com PRO Tabs Site Rip GPX/r/ramones_555/ramones_loudmouth-official-1970091.gpx"
"1610","The Ramones","makin monsters for my friends","REVIEWABLE_CHORD_SHEET","REVIEWABLE","PENDING_PARSE_AND_QA","gpx","5","193","ENGLISH_TEXT_CHECK_PASS","0","NO","NO","","","6f4967f88d0fc02a54d9dd8bc9dedaf736a23b1cdde448976e4d28617c794e10","Ultimate Guitar com PRO Tabs Site Rip GPX/r/ramones_555/ramones_makin-monsters-for-my-friends-official-2021769.gpx"
"1611","The Ramones","mamas boy","REVIEWABLE_CHORD_SHEET","REVIEWABLE","PENDING_PARSE_AND_QA","gpx","7","200","ENGLISH_TEXT_CHECK_PASS","0","NO","NO","","","b83f51f82af2e376a2d3551b4c65c768f65f2ef3e9f3ca8619121d1c441515aa","Ultimate Guitar com PRO Tabs Site Rip GPX/r/ramones_555/ramones_mamas-boy-official-2049783.gpx"
"1612","The Ramones","mental hell","TRANSPOSE_FAILURE","HOLD","PENDING_PARSE_AND_QA","gpx","6","168","ENGLISH_TEXT_CHECK_PASS","44","NO","NO","","Exact locked transposer fails required round-trip or slash-bass preservation","a9e18c1bf7f8b90a5c7444d2fda73f5bbc0c3d2d106343eb367b9c34cb9ba05d","Ultimate Guitar com PRO Tabs Site Rip GPX/r/ramones_555/ramones_mental-hell-official-2070655.gpx"
"1613","The Ramones","Needles & Pins","TAB_ONLY_OR_EMPTY","HOLD","PENDING_PARSE_AND_QA","gp3","0","0","LANGUAGE_UNVERIFIED","0","NO","NO","","English lyrics not established from available text | No usable chord symbols in extracted sheet | Tab-only or empty extracted sheet","5a4223ef6ca61934d60ff4a36805f6874d10d05efb6feb384fcc02d21b63ed02","GuitarPro_Tabs/Ramones (The) - Needles & Pins.gp3"
"1614","The Ramones","no go","REVIEWABLE_CHORD_SHEET","REVIEWABLE","PENDING_PARSE_AND_QA","gpx","5","319","ENGLISH_TEXT_CHECK_PASS","0","NO","NO","","","39086aae55d828c4f79ec4fdc63c1c842f58d52132a845eb7731d5aa8744d16e","Ultimate Guitar com PRO Tabs Site Rip GPX/r/ramones_555/ramones_no-go-official-2063543.gpx"
"1615","The Ramones","now i wanna be a good boy","REVIEWABLE_CHORD_SHEET","REVIEWABLE","PENDING_PARSE_AND_QA","gpx","8","104","ENGLISH_TEXT_CHECK_PASS","0","NO","NO","","","5c7458547909ee14546a5531f171a1ebf7568b2dd53f876b75be09d797c08d37","Ultimate Guitar com PRO Tabs Site Rip GPX/r/ramones_555/ramones_now-i-wanna-be-a-good-boy-official-1977697.gpx"
"1616","The Ramones","oh oh i love her so","REVIEWABLE_CHORD_SHEET","REVIEWABLE","PENDING_PARSE_AND_QA","gpx","5","269","ENGLISH_TEXT_CHECK_PASS","0","NO","YES","","","b43e08e56422927878204e8883e0246cb2792ab6e3c9eac09137ab7bbe59ad88","Ultimate Guitar com PRO Tabs Site Rip GPX/r/ramones_555/ramones_oh-oh-i-love-her-so-official-1975881.gpx"
"1617","The Ramones","palisades park","REVIEWABLE_CHORD_SHEET","REVIEWABLE","PENDING_PARSE_AND_QA","gpx","4","334","ENGLISH_TEXT_CHECK_PASS","0","NO","NO","","","9573d40cd88328f107bf9d1e9be1908e428973d0d2d70c87ab856c0f28a6131a","Ultimate Guitar com PRO Tabs Site Rip GPX/r/ramones_555/ramones_palisades-park-official-2033949.gpx"
"1618","The Ramones","Pet 's Sematary","TAB_ONLY_OR_EMPTY","HOLD","PENDING_PARSE_AND_QA","gp3","0","0","LANGUAGE_UNVERIFIED","0","NO","NO","","Parsed title disagrees with proposal title | English lyrics not established from available text | No usable chord symbols in extracted sheet | Tab-only or empty extracted sheet","c19891016b0ff830b43a7faddf89e4666e4429949ea3221350516ef4ab0b20a8","GuitarPro_Tabs/Ramones (The) - Pet 's Sematary.gp3"
"1619","The Ramones","pinhead","REVIEWABLE_CHORD_SHEET","REVIEWABLE","PENDING_PARSE_AND_QA","gpx","6","168","ENGLISH_TEXT_CHECK_PASS","0","NO","NO","","","8c909e58edf0474e52f8c2b7f49fb24c822eeb07c649b7f090eb2368d533aac1","Ultimate Guitar com PRO Tabs Site Rip GPX/r/ramones_555/ramones_pinhead-official-2015303.gpx"
"1620","The Ramones","planet earth 1988","REVIEWABLE_CHORD_SHEET","REVIEWABLE","PENDING_PARSE_AND_QA","gpx","4","264","ENGLISH_TEXT_CHECK_PASS","0","NO","NO","","","ad630963bb64d310a1e529839a9518a3d09bee264e0fb0ff062e7b28e5fd15df","Ultimate Guitar com PRO Tabs Site Rip GPX/r/ramones_555/ramones_planet-earth-1988-official-2059697.gpx"
"1621","The Ramones","please dont leave","TRANSPOSE_FAILURE","HOLD","PENDING_PARSE_AND_QA","gpx","5","171","ENGLISH_TEXT_CHECK_PASS","22","NO","NO","","Exact locked transposer fails required round-trip or slash-bass preservation","361b2ee755596e93749ac666d4d2718cd7d7f518b968c5fae4ec58c819e989f3","Ultimate Guitar com PRO Tabs Site Rip GPX/r/ramones_555/ramones_please-dont-leave-official-2074853.gpx"
"1622","The Ramones","Psycho Therapy (live)","TAB_ONLY_OR_EMPTY","HOLD","PENDING_PARSE_AND_QA","gp3","0","0","LANGUAGE_UNVERIFIED","0","NO","NO","","English lyrics not established from available text | No usable chord symbols in extracted sheet | Tab-only or empty extracted sheet","b91850e8af476ef393f053e867da60e6c6595e82990701244b37fa3ee5dfa14c","GuitarPro_Tabs/Ramones (The) - Psycho Therapy (live).gp3"
"1623","The Ramones","punishment fits the crime","REVIEWABLE_CHORD_SHEET","REVIEWABLE","PENDING_PARSE_AND_QA","gpx","5","310","ENGLISH_TEXT_CHECK_PASS","0","NO","NO","","","c6ca73d7a0e8739c1871e34adf28232e7847f3addee17ded8608b1c323af373d","Ultimate Guitar com PRO Tabs Site Rip GPX/r/ramones_555/ramones_punishment-fits-the-crime-official-2030117.gpx"
"1624","The Ramones","ramona","REVIEWABLE_CHORD_SHEET","REVIEWABLE","PENDING_PARSE_AND_QA","gpx","6","229","ENGLISH_TEXT_CHECK_PASS","0","NO","NO","","","0d6b16ad7363de9e56ad2be9f140106dab9c42a4563ed1dce8168e8c9a040eef","Ultimate Guitar com PRO Tabs Site Rip GPX/r/ramones_555/ramones_ramona-official-1976747.gpx"
"1625","The Ramones","ramones","LANGUAGE_UNVERIFIED","HOLD","PENDING_PARSE_AND_QA","gpx","6","173","LANGUAGE_UNVERIFIED","22","NO","NO","","Title repeats the artist name; song identity needs confirmation. | English lyrics not established from available text | Exact locked transposer fails required round-trip or slash-bass preservation","291ce394684ef3e5eb875678175d2b68d9e463701dc7f7fe4d82e8d8518fb627","Ultimate Guitar com PRO Tabs Site Rip GPX/r/ramones_555/ramones_ramones-official-2023829.gpx"
"1626","The Ramones","rockaway beach","REVIEWABLE_CHORD_SHEET","REVIEWABLE","PENDING_PARSE_AND_QA","gpx","8","310","ENGLISH_TEXT_CHECK_PASS","0","NO","NO","","","b0706c107e0428676808548053ac4c99cc465632e47d1777c5fff1e10b076729","Ultimate Guitar com PRO Tabs Site Rip GPX/r/ramones_555/ramones_rockaway-beach-official-1968287.gpx"
"1627","The Ramones","sheena is a punk rocker","TRANSPOSE_FAILURE","HOLD","PENDING_PARSE_AND_QA","gpx","5","327","ENGLISH_TEXT_CHECK_PASS","22","NO","NO","","Exact locked transposer fails required round-trip or slash-bass preservation","a478f8ad2d179d6d48150367bcd0e08639b54e6fb858c47f518fd5dfd95097e5","Ultimate Guitar com PRO Tabs Site Rip GPX/r/ramones_555/ramones_sheena-is-a-punk-rocker-official-1972987.gpx"
"1628","The Ramones","shes the one","REVIEWABLE_CHORD_SHEET","REVIEWABLE","PENDING_PARSE_AND_QA","gpx","5","227","ENGLISH_TEXT_CHECK_PASS","0","NO","NO","","","0b50c4f218a11a59cc7f3f6d694855b3f0071efa1874592d6a164f7f0e5220b5","Ultimate Guitar com PRO Tabs Site Rip GPX/r/ramones_555/ramones_shes-the-one-official-1989843.gpx"
"1629","The Ramones","smash you","REVIEWABLE_CHORD_SHEET","REVIEWABLE","PENDING_PARSE_AND_QA","gpx","3","313","ENGLISH_TEXT_CHECK_PASS","0","NO","NO","","","1b9790a6ea7cec4169b5d5387df0b70f1796e2db8072d6814ae69fb8c8ad876b","Ultimate Guitar com PRO Tabs Site Rip GPX/r/ramones_555/ramones_smash-you-official-2063133.gpx"
"1630","The Ramones","Somebody Put Something In My Drink","TAB_ONLY_OR_EMPTY","HOLD","PENDING_PARSE_AND_QA","gp3","0","0","LANGUAGE_UNVERIFIED","0","NO","NO","","English lyrics not established from available text | No usable chord symbols in extracted sheet | Tab-only or empty extracted sheet","4c1085959e812962dcee9c26ff14636db10b9609f3427fe2fb7b72ff7298aa66","GuitarPro_Tabs/Ramones (The) - Somebody Put Something In My Drink.gp3"
"1631","The Ramones","Spiderman (theme)","EXISTING_DUPLICATE","EXISTING","PENDING_PARSE_AND_QA","gp3","0","0","LANGUAGE_UNVERIFIED","0","NO","NO","","Existing artist/song or title variant — leave current song unchanged | Possible existing song or alternate title: The Ramones — Spider-Man | English lyrics not established from available text | No usable chord symbols in extracted sheet | Tab-only or empty extracted sheet","1b40adc8e1abb4aad7289fa4395c80c9a4f1313801e79dfb22cf11dc73d7ca17","GuitarPro_Tabs/Ramones - Spiderman (theme).gp3"
"1632","The Ramones","Substitute","TAB_ONLY_OR_EMPTY","HOLD","PENDING_PARSE_AND_QA","gp3","0","0","LANGUAGE_UNVERIFIED","0","NO","NO","","English lyrics not established from available text | No usable chord symbols in extracted sheet | Tab-only or empty extracted sheet","3cafb3e2e5e22f919ea30276c8bcd8b19265bff5209f8a1b5a389202176f28c8","GuitarPro_Tabs/Ramones (The) - Substitute.gp3"
"1633","The Ramones","surfin bird","LANGUAGE_UNVERIFIED","HOLD","PENDING_PARSE_AND_QA","gpx","3","277","LANGUAGE_UNVERIFIED","0","NO","NO","","English lyrics not established from available text","bffba0f024c1419689161f33d16b416189ec2d44bd93a36363092dd1edf6a5f3","Ultimate Guitar com PRO Tabs Site Rip GPX/r/ramones_555/ramones_surfin-bird-official-2065007.gpx"
"1634","The Ramones","suzy is a headbanger","REVIEWABLE_CHORD_SHEET","REVIEWABLE","PENDING_PARSE_AND_QA","gpx","3","161","ENGLISH_TEXT_CHECK_PASS","0","NO","NO","","","b9c932bd2f1fbaebe14ce3fe3b9b5dc6f7ca100d534b336be65a837200fa7b75","Ultimate Guitar com PRO Tabs Site Rip GPX/r/ramones_555/ramones_suzy-is-a-headbanger-official-1977361.gpx"
"1635","The Ramones","swallow my pride","TRANSPOSE_FAILURE","HOLD","PENDING_PARSE_AND_QA","gpx","4","238","ENGLISH_TEXT_CHECK_PASS","22","NO","NO","","Exact locked transposer fails required round-trip or slash-bass preservation","f75619ad333017573cb645bdd858fb4c3adcd1f46d83f7b19714fe9ab55e41e2","Ultimate Guitar com PRO Tabs Site Rip GPX/r/ramones_555/ramones_swallow-my-pride-official-1973147.gpx"
"1636","The Ramones","teenage lobotomy","REVIEWABLE_CHORD_SHEET","REVIEWABLE","PENDING_PARSE_AND_QA","gpx","8","170","ENGLISH_TEXT_CHECK_PASS","0","NO","NO","","","b2a1fe07514d476d3b378fb3a6ef99c63e5fde4dab9675c484e65b626fdf9d44","Ultimate Guitar com PRO Tabs Site Rip GPX/r/ramones_555/ramones_teenage-lobotomy-official-1976813.gpx"
"1637","The Ramones","the shape of things to come","TRANSPOSE_FAILURE","HOLD","PENDING_PARSE_AND_QA","gpx","11","188","ENGLISH_TEXT_CHECK_PASS","22","YES","NO","","Exact locked transposer fails required round-trip or slash-bass preservation","ef7f89eff2835525c0c5bcd474bdbcfec0221c684c28701374e7c33b1039cbea","Ultimate Guitar com PRO Tabs Site Rip GPX/r/ramones_555/ramones_the-shape-of-things-to-come-official-2024993.gpx"
"1638","The Ramones","today your love tomorrow the world","REVIEWABLE_CHORD_SHEET","REVIEWABLE","PENDING_PARSE_AND_QA","gpx","5","175","ENGLISH_TEXT_CHECK_PASS","0","NO","NO","","","fa4a2bd2e360e9434798f9b2677bb00feff580b952bd93e0a9298e7f19563bd1","Ultimate Guitar com PRO Tabs Site Rip GPX/r/ramones_555/ramones_today-your-love-tomorrow-the-world-official-1967109.gpx"
"1639","The Ramones","tomorrow she goes away","REVIEWABLE_CHORD_SHEET","REVIEWABLE","PENDING_PARSE_AND_QA","gpx","4","209","ENGLISH_TEXT_CHECK_PASS","0","NO","NO","","","993ae6581bfe4994e445646871edba5980775fc2db2bcb6c405fe7aad488c476","Ultimate Guitar com PRO Tabs Site Rip GPX/r/ramones_555/ramones_tomorrow-she-goes-away-official-2569554.gpx"
"1640","The Ramones","too tough to die","REVIEWABLE_CHORD_SHEET","REVIEWABLE","PENDING_PARSE_AND_QA","gpx","5","380","ENGLISH_TEXT_CHECK_PASS","0","NO","NO","","","504151a0fd4e061d76e6c8c4290b104414f07a3ed2cd617c198a80d366e21416","Ultimate Guitar com PRO Tabs Site Rip GPX/r/ramones_555/ramones_too-tough-to-die-official-2068891.gpx"
"1641","The Ramones","wart hog","TRANSPOSE_FAILURE","HOLD","PENDING_PARSE_AND_QA","gpx","8","141","ENGLISH_TEXT_CHECK_PASS","44","NO","NO","","Exact locked transposer fails required round-trip or slash-bass preservation","5ffba49715649c97e69c4aef0e95d05580cbf458f8e002db21de4998577014c3","Ultimate Guitar com PRO Tabs Site Rip GPX/r/ramones_555/ramones_wart-hog-official-2054694.gpx"
"1642","The Ramones","weasel face","TRANSPOSE_FAILURE","HOLD","PENDING_PARSE_AND_QA","gpx","7","191","ENGLISH_TEXT_CHECK_PASS","22","NO","NO","","Exact locked transposer fails required round-trip or slash-bass preservation","812e506e45484444690c956aecabba96b016bec486ff2ecca8a1c954a341a5c8","Ultimate Guitar com PRO Tabs Site Rip GPX/r/ramones_555/ramones_weasel-face-official-2068897.gpx"
"1643","The Ramones","were a happy family","REVIEWABLE_CHORD_SHEET","REVIEWABLE","PENDING_PARSE_AND_QA","gpx","6","512","ENGLISH_TEXT_CHECK_PASS","0","NO","NO","","","6ed02d9d01c2e851dab7582a159f148023d0873a86a0b3f8691d504fc506c1c3","Ultimate Guitar com PRO Tabs Site Rip GPX/r/ramones_555/ramones_were-a-happy-family-official-1976329.gpx"
"1644","The Ramones","What A Wonderful World","EXISTING_DUPLICATE","EXISTING","PENDING_PARSE_AND_QA","gp3","10","0","LANGUAGE_UNVERIFIED","66","YES","NO","","Existing artist/song or title variant — leave current song unchanged | English lyrics not established from available text | Tab-only or empty extracted sheet | Exact locked transposer fails required round-trip or slash-bass preservation","95f71ac28ad7af922566e178638c2c6e7032c9b514bfb3a4011da8170a3cb481","GuitarPro_Tabs/Ramones (The) - What A Wonderful World.gp3"
"1645","The Ramones","whats your game","REVIEWABLE_CHORD_SHEET","REVIEWABLE","PENDING_PARSE_AND_QA","gpx","3","160","ENGLISH_TEXT_CHECK_PASS","0","NO","NO","","","f6a5e1b145ad59f20f7d68e2f3db4a1c936edc56538804829254be3ac6bc204e","Ultimate Guitar com PRO Tabs Site Rip GPX/r/ramones_555/ramones_whats-your-game-official-2015823.gpx"
"1646","The Ramones","why is it always this way","TRANSPOSE_FAILURE","HOLD","PENDING_PARSE_AND_QA","gpx","9","178","ENGLISH_TEXT_CHECK_PASS","22","YES","NO","","Exact locked transposer fails required round-trip or slash-bass preservation","7d09f23edd8ac25d78898e7f9dcd2326fe38b5a437c35780c38acf1967881202","Ultimate Guitar com PRO Tabs Site Rip GPX/r/ramones_555/ramones_why-is-it-always-this-way-official-1977201.gpx"
"1647","The Ramones","Wonderful World","TAB_ONLY_OR_EMPTY","HOLD","PENDING_PARSE_AND_QA","gp3","0","0","LANGUAGE_UNVERIFIED","0","NO","NO","","English lyrics not established from available text | No usable chord symbols in extracted sheet | Tab-only or empty extracted sheet","2f7d3e4bafe3221d4eb60f42758153cdda820589b8f046e1497a16762058e4e3","GuitarPro_Tabs/Ramones (The) - Wonderful World.gp3"
"1648","The Ramones","worm man","REVIEWABLE_CHORD_SHEET","REVIEWABLE","PENDING_PARSE_AND_QA","gpx","5","131","ENGLISH_TEXT_CHECK_PASS","0","NO","NO","","","c5c407d0d5d6c421c3f929a6498d6d38efccce4f0e40e74ddb03c0bc4873edf1","Ultimate Guitar com PRO Tabs Site Rip GPX/r/ramones_555/ramones_worm-man-official-2039879.gpx"
"1649","The Ramones","you should have never opened that door","REVIEWABLE_CHORD_SHEET","REVIEWABLE","PENDING_PARSE_AND_QA","gpx","6","180","ENGLISH_TEXT_CHECK_PASS","0","NO","NO","","","c155f107804809aae6ddb616fe2fc561d37139098993118c4b6da46cd34c5765","Ultimate Guitar com PRO Tabs Site Rip GPX/r/ramones_555/ramones_you-should-have-never-opened-that-door-official-2018413.gpx"
"1650","The Ramones","youre gonna kill that girl","REVIEWABLE_CHORD_SHEET","REVIEWABLE","PENDING_PARSE_AND_QA","gpx","5","339","ENGLISH_TEXT_CHECK_PASS","0","NO","NO","","","812ef04988b4519de96420599fd7cff38e2c05dc9ef1cdb5799ed0c45c93dbe5","Ultimate Guitar com PRO Tabs Site Rip GPX/r/ramones_555/ramones_youre-gonna-kill-that-girl-official-2016757.gpx"
"1651","The Ramones","zero zero ufo","REVIEWABLE_CHORD_SHEET","REVIEWABLE","PENDING_PARSE_AND_QA","gpx","4","184","ENGLISH_TEXT_CHECK_PASS","0","NO","NO","","","34e0c85b6d3e802a53d12179400a7910246eebbaa9c7da809259b42ee1285643","Ultimate Guitar com PRO Tabs Site Rip GPX/r/ramones_555/ramones_zero-zero-ufo-official-2030103.gpx"
"1652","The Red Hot Chili Peppers","Aeroplane *alt 2","EXISTING_DUPLICATE","EXISTING","SKIPPED_ALREADY_CURRENT","gpx","9","403","ENGLISH_TEXT_CHECK_PASS","23","YES","YES","","Existing artist/song or title variant — leave current song unchanged | Possible existing song or alternate title: The Red Hot Chilli Peppers — Aeroplane | Exact locked transposer fails required round-trip or slash-bass preservation","44874c189ed1e20bbefaab17d2494bd9c98060c9894b97e83d77f0762f5b156e","Ultimate Guitar com PRO Tabs Site Rip GPX/r/red_hot_chili_peppers_554/red-hot-chili-peppers_aeroplane-official-2278901.gpx"
"1653","The Red Hot Chili Peppers","Backwoods","TAB_ONLY_OR_EMPTY","HOLD","PENDING_PARSE_AND_QA","gp3","7","0","LANGUAGE_UNVERIFIED","0","NO","NO","","Similar proposed title also exists in this queue; choose at most one after identity review. | English lyrics not established from available text | Tab-only or empty extracted sheet","e77fb39b98216a46ec28d07480eb7f28230cafadeea15d57f304c6475af0b6c5","GuitarPro_Tabs/Red Hot Chili Peppers - Backwoods.gp3"
"1654","The Red Hot Chili Peppers","Backwoods (solo)","TAB_ONLY_OR_EMPTY","HOLD","PENDING_PARSE_AND_QA","gp3","0","0","LANGUAGE_UNVERIFIED","0","NO","NO","","May be a medley, fragment or exercise; full-song identity needs confirmation. | Similar proposed title also exists in this queue; choose at most one after identity review. | English lyrics not established from available text | No usable chord symbols in extracted sheet | Tab-only or empty extracted sheet","a70cb6900844f89fd63deb8bf4f6fec0e3c8ff8695ca52ef31292084b34ba2d6","GuitarPro_Tabs/Red Hot Chili Peppers - Backwoods (solo).gp3"
"1655","The Red Hot Chili Peppers","Bass Solo Intro (Woodstock)","TAB_ONLY_OR_EMPTY","HOLD","PENDING_PARSE_AND_QA","gp3","0","0","LANGUAGE_UNVERIFIED","0","NO","NO","","May be a medley, fragment or exercise; full-song identity needs confirmation. | English lyrics not established from available text | No usable chord symbols in extracted sheet | Tab-only or empty extracted sheet","36d2802aed5a8e4261d8ff0f5984ab8ee0ec9c9c7f019b38d1650eeeccca3d39","GuitarPro_Tabs/Red Hot Chili Peppers - Bass Solo Intro (Woodstock).gp3"
"1656","The Red Hot Chili Peppers","Behind The Sun","TAB_ONLY_OR_EMPTY","HOLD","PENDING_PARSE_AND_QA","gp3","7","0","LANGUAGE_UNVERIFIED","0","NO","NO","","English lyrics not established from available text | Tab-only or empty extracted sheet","27b9d9f974f0f9641ad16cdd835e7036dcb3b44b62dd340753674f5be9ec9cc4","GuitarPro_Tabs/Red Hot Chili Peppers - Behind The Sun.gp3"
"1657","The Red Hot Chili Peppers","Blackeyed Blonde","TAB_ONLY_OR_EMPTY","HOLD","PENDING_PARSE_AND_QA","gp3","0","0","LANGUAGE_UNVERIFIED","0","NO","NO","","English lyrics not established from available text | No usable chord symbols in extracted sheet | Tab-only or empty extracted sheet","b0d0c8e0c64a1f0a33c95554bf3d4d3c91ffd5ffdd7c587cd86cf1227c89c098","GuitarPro_Tabs/Red Hot Chili Peppers - Blackeyed Blonde.gp3"
"1658","The Red Hot Chili Peppers","Blood Sugar Sex Magik *alt 2","EXISTING_DUPLICATE","EXISTING","SKIPPED_ALREADY_CURRENT","gpx","7","397","ENGLISH_TEXT_CHECK_PASS","0","NO","NO","","Existing artist/song or title variant — leave current song unchanged | Possible existing song or alternate title: Red Hot Chilli Peppers — Blood Sugar Sex Magik","5bb8981668e42d14146137f162ed40b7da202211b6e2568363f70f1ee8bc6164","Ultimate Guitar com PRO Tabs Site Rip GPX/r/red_hot_chili_peppers_554/red-hot-chili-peppers_blood-sugar-sex-magik-official-2844554.gpx"
"1659","The Red Hot Chili Peppers","Buckle down","TAB_ONLY_OR_EMPTY","HOLD","PENDING_PARSE_AND_QA","gp3","0","0","LANGUAGE_UNVERIFIED","0","NO","NO","","English lyrics not established from available text | No usable chord symbols in extracted sheet | Tab-only or empty extracted sheet","99638fc9e2370eb456cee0896cb0be8306ac508fe0999b2bc9c8d54757a698bc","GuitarPro_Tabs/Red Hot Chili Peppers - Buckle down.gp3"
"1660","The Red Hot Chili Peppers","By The Way ( live )","EXISTING_DUPLICATE","EXISTING","PENDING_PARSE_AND_QA","gp3","0","0","LANGUAGE_UNVERIFIED","0","NO","NO","","Existing artist/song or title variant — leave current song unchanged | Possible existing song or alternate title: Red Hot Chili Peppers — By the way | English lyrics not established from available text | No usable chord symbols in extracted sheet | Tab-only or empty extracted sheet","98c69c6db03b2a30e8f5eef1c08c3ce04a08151dc0b25ea358e85f53775b95e2","GuitarPro_Tabs/Red Hot Chili Peppers - By The Way ( live ).gp3"
"1661","The Red Hot Chili Peppers","Californication (Acoustic Version)","EXISTING_DUPLICATE","EXISTING","PENDING_PARSE_AND_QA","gp3","1","0","LANGUAGE_UNVERIFIED","0","NO","NO","","Existing artist/song or title variant — leave current song unchanged | Possible existing song or alternate title: Red Hot Chili Peppers — Californication | Similar proposed title also exists in this queue; choose at most one after identity review. | English lyrics not established from available text | Tab-only or empty extracted sheet","0366df5001897219ca5fe12ea8fe1d7f7477102939cfdd39f1dc58052ac3ccc0","GuitarPro_Tabs/Red Hot Chili Peppers - Californication (Acoustic Version).gp3"
"1662","The Red Hot Chili Peppers","Californication (arranged for one acoustic guitar)","EXISTING_DUPLICATE","EXISTING","PENDING_PARSE_AND_QA","gp3","0","0","LANGUAGE_UNVERIFIED","0","NO","NO","","Existing artist/song or title variant — leave current song unchanged | Possible existing song or alternate title: Red Hot Chili Peppers — Californication | Similar proposed title also exists in this queue; choose at most one after identity review. | English lyrics not established from available text | No usable chord symbols in extracted sheet | Tab-only or empty extracted sheet","49ebfd3735a5bb8b17d8104f985471d3dcefc565105fd35a4517990e44549420","GuitarPro_Tabs/Red Hot Chili Peppers - Californication (arranged for one acoustic guitar).gp3"
"1663","The Red Hot Chili Peppers","Californication at VMA 2000","EXISTING_DUPLICATE","EXISTING","PENDING_PARSE_AND_QA","gp3","0","0","LANGUAGE_UNVERIFIED","0","NO","NO","","Parsed title disagrees with proposal title | Existing artist/song or title variant — leave current song unchanged | Similar proposed title also exists in this queue; choose at most one after identity review. | English lyrics not established from available text | No usable chord symbols in extracted sheet | Tab-only or empty extracted sheet","58b439b9b7060af265710cca40f73f22732716e6892ad75c621ddb3731af90cb","GuitarPro_Tabs/Red Hot Chili Peppers - Californication at VMA 2000.gp3"
"1664","The Red Hot Chili Peppers","Californication solo at VMA 2000","EXISTING_DUPLICATE","EXISTING","PENDING_PARSE_AND_QA","gp3","0","0","LANGUAGE_UNVERIFIED","0","NO","NO","","Parsed title disagrees with proposal title | Existing artist/song or title variant — leave current song unchanged | May be a medley, fragment or exercise; full-song identity needs confirmation. | Similar proposed title also exists in this queue; choose at most one after identity review. | English lyrics not established from available text | No usable chord symbols in extracted sheet | Tab-only or empty extracted sheet","a6dff1c3ffea8d7087b1720aadf8fdb442e9db8bd45fd9e2e3d0c5f9664f0297","GuitarPro_Tabs/Red Hot Chili Peppers - Californication solo at VMA 2000.gp3"
"1665","The Red Hot Chili Peppers","Callifornication","TAB_ONLY_OR_EMPTY","HOLD","PENDING_PARSE_AND_QA","gp3","0","0","LANGUAGE_UNVERIFIED","0","NO","NO","","English lyrics not established from available text | No usable chord symbols in extracted sheet | Tab-only or empty extracted sheet","d69c6bc595d0bf931beedfa86beedee048faf00876004f6e39f5b7deb8d9b939","GuitarPro_Tabs/Red Hot Chili Peppers - Callifornication.gp3"
"1666","The Red Hot Chili Peppers","Catholic School Girls Rule","TAB_ONLY_OR_EMPTY","HOLD","PENDING_PARSE_AND_QA","gp3","7","0","LANGUAGE_UNVERIFIED","0","NO","NO","","English lyrics not established from available text | Tab-only or empty extracted sheet","a233e0a0e807c52b162e04f9ed250218f3fab7467750c6a1b8dc40b4372d85dc","GuitarPro_Tabs/Red Hot Chili Peppers - Catholic School Girls Rule.gp3"
"1667","The Red Hot Chili Peppers","Coffee Shop","TAB_ONLY_OR_EMPTY","HOLD","PENDING_PARSE_AND_QA","gp3","0","0","LANGUAGE_UNVERIFIED","0","NO","NO","","English lyrics not established from available text | No usable chord symbols in extracted sheet | Tab-only or empty extracted sheet","cac388b004589fa6f5ece2759d9ab4f3114264770357f958dcfbb26dd913697d","GuitarPro_Tabs/Red Hot Chili Peppers - Coffee Shop.gp3"
"1668","The Red Hot Chili Peppers","CoffeS Shop","TAB_ONLY_OR_EMPTY","HOLD","PENDING_PARSE_AND_QA","gp3","0","0","LANGUAGE_UNVERIFIED","0","NO","NO","","Parsed title disagrees with proposal title | English lyrics not established from available text | No usable chord symbols in extracted sheet | Tab-only or empty extracted sheet","880a3a8847045f5dd6752d9e4f63563d6f55ff2d56197fc3991e18c921fadc55","GuitarPro_Tabs/Red Hot Chili Peppers - CoffeS Shop.gp3"
"1669","The Red Hot Chili Peppers","Deep Kick (2)","TAB_ONLY_OR_EMPTY","HOLD","PENDING_PARSE_AND_QA","gp3","0","0","LANGUAGE_UNVERIFIED","0","NO","NO","","English lyrics not established from available text | No usable chord symbols in extracted sheet | Tab-only or empty extracted sheet","4cfbb89f169d7c7b22484370b29b52cef0ca7326514c0e51777141bb8898fb0b","GuitarPro_Tabs/Red Hot Chili Peppers - Deep Kick (2).gp3"
"1670","The Red Hot Chili Peppers","dosed","TRANSPOSE_FAILURE","HOLD","PENDING_PARSE_AND_QA","gpx","10","340","ENGLISH_TEXT_CHECK_PASS","46","YES","YES","","Similar proposed title also exists in this queue; choose at most one after identity review. | Exact locked transposer fails required round-trip or slash-bass preservation","2dfdb3275229cbfd1fdde0a7316bd6ad924ce424d0d200e763a10b76cdac6069","Ultimate Guitar com PRO Tabs Site Rip GPX/r/red_hot_chili_peppers_554/red-hot-chili-peppers_dosed-official-2216301.gpx"
"1671","The Red Hot Chili Peppers","Dosed (Acoustic Riff)","TAB_ONLY_OR_EMPTY","HOLD","PENDING_PARSE_AND_QA","gp3","0","0","LANGUAGE_UNVERIFIED","0","NO","NO","","Similar proposed title also exists in this queue; choose at most one after identity review. | English lyrics not established from available text | No usable chord symbols in extracted sheet | Tab-only or empty extracted sheet","413d0cd30fd0b2446a36509cf4c59e7be876651b07265b3684fcc203553b67b9","GuitarPro_Tabs/Red Hot Chili Peppers - Dosed (Acoustic Riff).gp3"
"1672","The Red Hot Chili Peppers","Dosed (unplugged)","TAB_ONLY_OR_EMPTY","HOLD","PENDING_PARSE_AND_QA","gp3","0","0","LANGUAGE_UNVERIFIED","0","NO","NO","","Similar proposed title also exists in this queue; choose at most one after identity review. | English lyrics not established from available text | No usable chord symbols in extracted sheet | Tab-only or empty extracted sheet","75d6afb3d2c10e4862f6afcdf692b185e7225010753ae8d3752980348fbb48ef","GuitarPro_Tabs/Red Hot Chili Peppers - Dosed (unplugged).gp3"
"1673","The Red Hot Chili Peppers","Dr. Funkenstein (Live)","TAB_ONLY_OR_EMPTY","HOLD","PENDING_PARSE_AND_QA","gp3","0","0","LANGUAGE_UNVERIFIED","0","NO","NO","","English lyrics not established from available text | No usable chord symbols in extracted sheet | Tab-only or empty extracted sheet","cfe6405074c2a5cdf2de53ad9276d8d3836f43accabfb57cd21010ce30c106fd","GuitarPro_Tabs/Red Hot Chili Peppers - Dr. Funkenstein (Live).gp3"
"1674","The Red Hot Chili Peppers","Emmit Remmus","TAB_ONLY_OR_EMPTY","HOLD","PENDING_PARSE_AND_QA","gp3","0","0","LANGUAGE_UNVERIFIED","0","NO","NO","","Parsed title disagrees with proposal title | English lyrics not established from available text | No usable chord symbols in extracted sheet | Tab-only or empty extracted sheet","e9e65ee54dab8afa782eaa51c28d2f425eee4a7f6670a05a9f0c6e70f663d2a4","GuitarPro_Tabs/Red Hot Chili Peppers - Emmit Remmus.gp3"
"1675","The Red Hot Chili Peppers","factory of faith","TRANSPOSE_FAILURE","HOLD","PENDING_PARSE_AND_QA","gpx","11","429","ENGLISH_TEXT_CHECK_PASS","23","YES","YES","","Exact locked transposer fails required round-trip or slash-bass preservation","663c734412d569af90a3d9d85a17673601292888ee47852723386dd8c0ba148f","Ultimate Guitar com PRO Tabs Site Rip GPX/r/red_hot_chili_peppers_554/red-hot-chili-peppers_factory-of-faith-official-3768020.gpx"
"1676","The Red Hot Chili Peppers","Falling Into Grace","TAB_ONLY_OR_EMPTY","HOLD","PENDING_PARSE_AND_QA","gp3","2","0","LANGUAGE_UNVERIFIED","0","NO","NO","","English lyrics not established from available text | Tab-only or empty extracted sheet","b938373cb98df8595c81f625bc95320111e58f1075cf47de41d57bc5c06c9d9b","GuitarPro_Tabs/Red Hot Chili Peppers - Falling Into Grace.gp3"
"1677","The Red Hot Chili Peppers","Fight Like A Brave (solo)","TAB_ONLY_OR_EMPTY","HOLD","PENDING_PARSE_AND_QA","gp3","0","0","LANGUAGE_UNVERIFIED","0","NO","NO","","May be a medley, fragment or exercise; full-song identity needs confirmation. | English lyrics not established from available text | No usable chord symbols in extracted sheet | Tab-only or empty extracted sheet","2c7069225cbef4a88c64d000fd39f4107ca6453adbb9b80e724b02bbc679ff8b","GuitarPro_Tabs/Red Hot Chili Peppers - Fight Like A Brave (solo).gp3"
"1678","The Red Hot Chili Peppers","Fire","TAB_ONLY_OR_EMPTY","HOLD","PENDING_PARSE_AND_QA","gp3","0","0","LANGUAGE_UNVERIFIED","0","NO","NO","","English lyrics not established from available text | No usable chord symbols in extracted sheet | Tab-only or empty extracted sheet","030847b6ae2eb27fc9b5092a833072e1098a95d0da77137bf697a8d764ecd3d3","GuitarPro_Tabs/Red Hot Chili Peppers - Fire.gp3"
"1679","The Red Hot Chili Peppers","Fonky Monks","TAB_ONLY_OR_EMPTY","HOLD","PENDING_PARSE_AND_QA","gp3","0","0","LANGUAGE_UNVERIFIED","0","NO","NO","","English lyrics not established from available text | No usable chord symbols in extracted sheet | Tab-only or empty extracted sheet","d412752a9cca48a2a0b680267d1ebb8a48087fecc0d95253c16c47713b103753","GuitarPro_Tabs/Red Hot Chili Peppers - Fonky Monks.gp3"
"1680","The Red Hot Chili Peppers","Funky Crime","TAB_ONLY_OR_EMPTY","HOLD","PENDING_PARSE_AND_QA","gp3","0","0","LANGUAGE_UNVERIFIED","0","NO","NO","","English lyrics not established from available text | No usable chord symbols in extracted sheet | Tab-only or empty extracted sheet","a808bd0199772b04a00757df4d1a32992e9762870bd30a704040587235298901","GuitarPro_Tabs/Red Hot Chili Peppers - Funky Crime.gp3"
"1681","The Red Hot Chili Peppers","Get On Top (2)","TAB_ONLY_OR_EMPTY","HOLD","PENDING_PARSE_AND_QA","gp3","0","0","LANGUAGE_UNVERIFIED","0","NO","NO","","English lyrics not established from available text | No usable chord symbols in extracted sheet | Tab-only or empty extracted sheet","1fa8aa7c8bc33b512d0e1a1ceb45ddf7cb2e1bc204ab61b4843bac590a119bad","GuitarPro_Tabs/Red Hot Chili Peppers - Get On Top (2).gp3"
"1682","The Red Hot Chili Peppers","Gong Li","TAB_ONLY_OR_EMPTY","HOLD","PENDING_PARSE_AND_QA","gp3","0","0","LANGUAGE_UNVERIFIED","0","NO","NO","","English lyrics not established from available text | No usable chord symbols in extracted sheet | Tab-only or empty extracted sheet","a042257b7027069a9f382b4245ee68e177041ad54bad31c9c6c8458713cb4c5d","GuitarPro_Tabs/Red Hot Chili Peppers - Gong Li.gp3"
"1683","The Red Hot Chili Peppers","Good Time Boys","TAB_ONLY_OR_EMPTY","HOLD","PENDING_PARSE_AND_QA","gp3","0","0","LANGUAGE_UNVERIFIED","0","NO","NO","","Similar proposed title also exists in this queue; choose at most one after identity review. | English lyrics not established from available text | No usable chord symbols in extracted sheet | Tab-only or empty extracted sheet","304dac9f31913a87ef11cccf62b54d9c62c0e54ebc16da329414a0abab1785bf","GuitarPro_Tabs/Red Hot Chili Peppers - Good Time Boys.gp3"
"1684","The Red Hot Chili Peppers","Good Time Boys (solo)","TAB_ONLY_OR_EMPTY","HOLD","PENDING_PARSE_AND_QA","gp3","0","0","LANGUAGE_UNVERIFIED","0","NO","NO","","May be a medley, fragment or exercise; full-song identity needs confirmation. | Similar proposed title also exists in this queue; choose at most one after identity review. | English lyrics not established from available text | No usable chord symbols in extracted sheet | Tab-only or empty extracted sheet","140320dde25d337928dc07cc9a63306b70688ead9f3afa799612c9c5467b6fd5","GuitarPro_Tabs/Red Hot Chili Peppers - Good Time Boys (solo).gp3"
"1685","The Red Hot Chili Peppers","havana affair","REVIEWABLE_CHORD_SHEET","REVIEWABLE","PENDING_PARSE_AND_QA","gpx","8","238","ENGLISH_TEXT_CHECK_PASS","0","NO","NO","","","462c7220b26a96dd36ed4b8e91f32aee5362d1a84f2b542e156e664ad5b3176b","Ultimate Guitar com PRO Tabs Site Rip GPX/r/red_hot_chili_peppers_554/red-hot-chili-peppers_havana-affair-official-2211733.gpx"
"1686","The Red Hot Chili Peppers","hey","REVIEWABLE_CHORD_SHEET","REVIEWABLE","PENDING_PARSE_AND_QA","gpx","9","504","ENGLISH_TEXT_CHECK_PASS","0","YES","YES","","","55baf906b859058530d962eaec949d7d60ae1708ff8a7dd8a07b6a1ff2c5b448","Ultimate Guitar com PRO Tabs Site Rip GPX/r/red_hot_chili_peppers_554/red-hot-chili-peppers_hey-official-3095477.gpx"
"1687","The Red Hot Chili Peppers","Higher Ground (Weird Version)","EXISTING_DUPLICATE","EXISTING","PENDING_PARSE_AND_QA","gp3","0","0","LANGUAGE_UNVERIFIED","0","NO","NO","","Existing artist/song or title variant — leave current song unchanged | Possible existing song or alternate title: Red Hot Chili Peppers — Higher Ground | English lyrics not established from available text | No usable chord symbols in extracted sheet | Tab-only or empty extracted sheet","38e83cae4c08556188715633d821e66bb5891721111f629f432f216dcc034dd9","GuitarPro_Tabs/Red Hot Chili Peppers - Higher Ground (Weird Version).gp3"
"1688","The Red Hot Chili Peppers","Hump De Bump","EXISTING_DUPLICATE","EXISTING","SKIPPED_ALREADY_CURRENT","gpx","8","493","ENGLISH_TEXT_CHECK_PASS","0","NO","YES","","Existing artist/song or title variant — leave current song unchanged | Possible existing song or alternate title: Red Hot Chilli Peppers — Hump De Bump","6143a3ec5748163484eb014c908e6f20d72e0baded78aba66ceb3e9fb6572e2d","Ultimate Guitar com PRO Tabs Site Rip GPX/r/red_hot_chili_peppers_554/red-hot-chili-peppers_hump-de-bump-official-2596377.gpx"
"1689","The Red Hot Chili Peppers","I could die for u","EXISTING_DUPLICATE","EXISTING","PENDING_PARSE_AND_QA","gp3","0","0","LANGUAGE_UNVERIFIED","0","NO","NO","","Parsed title disagrees with proposal title | Existing artist/song or title variant — leave current song unchanged | English lyrics not established from available text | No usable chord symbols in extracted sheet | Tab-only or empty extracted sheet","0d2ffdbc8ebf11609291d5813d5433b90421939975d4db1e08ef2d219da47e13","GuitarPro_Tabs/Red Hot Chili Peppers - I could die for u.gp3"
"1690","The Red Hot Chili Peppers","I Could Have Lied (live in Budokan)","EXISTING_DUPLICATE","EXISTING","PENDING_PARSE_AND_QA","gp3","0","0","LANGUAGE_UNVERIFIED","0","NO","NO","","Existing artist/song or title variant — leave current song unchanged | Possible existing song or alternate title: Red Hot Chilli Peppers — I Could Have Lied | Similar proposed title also exists in this queue; choose at most one after identity review. | English lyrics not established from available text | No usable chord symbols in extracted sheet | Tab-only or empty extracted sheet","9baf1b208da99c0e5511ebc5a3e1f16c02c39a12dab0749f0996b0e7d5ae3601","GuitarPro_Tabs/Red Hot Chili Peppers - I Could Have Lied (live in Budokan).gp3"
"1691","The Red Hot Chili Peppers","I Could Have Lied *alt","EXISTING_DUPLICATE","EXISTING","SKIPPED_ALREADY_CURRENT","gpx","9","249","ENGLISH_TEXT_CHECK_PASS","0","YES","YES","","Existing artist/song or title variant — leave current song unchanged | Possible existing song or alternate title: Red Hot Chilli Peppers — I Could Have Lied | Similar proposed title also exists in this queue; choose at most one after identity review.","90189b4a3dd557a27e074a89f53146f196e78cda6b3aa2cb5511432bb746fa74","Ultimate Guitar com PRO Tabs Site Rip GPX/r/red_hot_chili_peppers_554/red-hot-chili-peppers_i-could-have-lied-official-2014921.gpx"
"1692","The Red Hot Chili Peppers","I Like Dirt","TAB_ONLY_OR_EMPTY","HOLD","PENDING_PARSE_AND_QA","gp3","0","0","LANGUAGE_UNVERIFIED","0","NO","NO","","English lyrics not established from available text | No usable chord symbols in extracted sheet | Tab-only or empty extracted sheet","9f5d83b9bd4e8ad1534bede202d6f5478dc1989c8d17076300c0eef6449be54e","GuitarPro_Tabs/Red Hot Chili Peppers - I Like Dirt.gp3"
"1693","The Red Hot Chili Peppers","Instrumental #1","TAB_ONLY_OR_EMPTY","HOLD","PENDING_PARSE_AND_QA","gp3","0","0","LANGUAGE_UNVERIFIED","0","NO","NO","","English lyrics not established from available text | No usable chord symbols in extracted sheet | Tab-only or empty extracted sheet","774aafb3fcb80114d95f684c7103defdc57450bc4f5608948eca87717943eb75","GuitarPro_Tabs/Red Hot Chili Peppers - Instrumental #1.gp3"
"1694","The Red Hot Chili Peppers","Jamming An Intro","TAB_ONLY_OR_EMPTY","HOLD","PENDING_PARSE_AND_QA","gp3","0","0","LANGUAGE_UNVERIFIED","0","NO","NO","","May be a medley, fragment or exercise; full-song identity needs confirmation. | English lyrics not established from available text | No usable chord symbols in extracted sheet | Tab-only or empty extracted sheet","3dd05d78e6802409e1e6ec1893f9c4343925f9f3e7b54c1485bad1d99ca0c4b3","GuitarPro_Tabs/Red Hot Chili Peppers - Jamming An Intro.gp3"
"1695","The Red Hot Chili Peppers","Johnny Kick a Hole in the Sky","TAB_ONLY_OR_EMPTY","HOLD","PENDING_PARSE_AND_QA","gp3","0","0","LANGUAGE_UNVERIFIED","0","NO","NO","","English lyrics not established from available text | No usable chord symbols in extracted sheet | Tab-only or empty extracted sheet","4499afb0a4af7cc7318e624e629c410db177ab8f81cb67be8519208e19fcf36a","GuitarPro_Tabs/Red Hot Chili Peppers - Johnny Kick a Hole in the Sky.gp3"
"1696","The Red Hot Chili Peppers","Jungle Man (solo)","TAB_ONLY_OR_EMPTY","HOLD","PENDING_PARSE_AND_QA","gp3","0","0","LANGUAGE_UNVERIFIED","0","NO","NO","","May be a medley, fragment or exercise; full-song identity needs confirmation. | English lyrics not established from available text | No usable chord symbols in extracted sheet | Tab-only or empty extracted sheet","dc8bd8272c348c5626e2130ac4b7c46e5861bd0e8d0eb3a53a800d785d5f0139","GuitarPro_Tabs/Red Hot Chili Peppers - Jungle Man (solo).gp3"
"1697","The Red Hot Chili Peppers","Knock Me Down (2)","TAB_ONLY_OR_EMPTY","HOLD","PENDING_PARSE_AND_QA","gp3","0","0","LANGUAGE_UNVERIFIED","0","NO","NO","","English lyrics not established from available text | No usable chord symbols in extracted sheet | Tab-only or empty extracted sheet","23f4cefbf55efa0be1abdb8786e06242ff572455d5b36c21a03c5f57d7d37935","GuitarPro_Tabs/Red Hot Chili Peppers - Knock Me Down (2).gp3"
"1698","The Red Hot Chili Peppers","look around","REVIEWABLE_CHORD_SHEET","REVIEWABLE","PENDING_PARSE_AND_QA","gpx","8","424","ENGLISH_TEXT_CHECK_PASS","0","NO","NO","","","04c1b5fd95527f8009c5bd4cab02f35ed667f52ad02574521c1528e7ea791507","Ultimate Guitar com PRO Tabs Site Rip GPX/r/red_hot_chili_peppers_554/red-hot-chili-peppers_look-around-official-3662789.gpx"
"1699","The Red Hot Chili Peppers","Love Rollercoaster","TAB_ONLY_OR_EMPTY","HOLD","PENDING_PARSE_AND_QA","gp3","0","0","LANGUAGE_UNVERIFIED","0","NO","NO","","English lyrics not established from available text | No usable chord symbols in extracted sheet | Tab-only or empty extracted sheet","b2b63c6e48bb04869e9c767ef4dd580d29791b099249f1755492c7133e4f89df","GuitarPro_Tabs/Red Hot Chili Peppers - Love Rollercoaster.gp3"
"1700","The Red Hot Chili Peppers","Lovin ' and Touchin '","TAB_ONLY_OR_EMPTY","HOLD","PENDING_PARSE_AND_QA","gp3","0","0","LANGUAGE_UNVERIFIED","0","NO","NO","","English lyrics not established from available text | No usable chord symbols in extracted sheet | Tab-only or empty extracted sheet","60d1eb1c27a676bd3b359f8550ce8bdaa404c795b170e9830d4394266a73110b","GuitarPro_Tabs/Red Hot Chili Peppers - Lovin ' and Touchin '.gp3"
"1701","The Red Hot Chili Peppers","Magic Johnson","TAB_ONLY_OR_EMPTY","HOLD","PENDING_PARSE_AND_QA","gp3","6","0","LANGUAGE_UNVERIFIED","0","NO","NO","","Similar proposed title also exists in this queue; choose at most one after identity review. | English lyrics not established from available text | Tab-only or empty extracted sheet","20f604b9ab267e6d830c1aee40c28c3ee600f1ac20f863c0d740229cf58c2e6a","GuitarPro_Tabs/Red Hot Chili Peppers - Magic Johnson.gp3"
"1702","The Red Hot Chili Peppers","Magic Johnson (solo)","TAB_ONLY_OR_EMPTY","HOLD","PENDING_PARSE_AND_QA","gp3","0","0","LANGUAGE_UNVERIFIED","0","NO","NO","","May be a medley, fragment or exercise; full-song identity needs confirmation. | Similar proposed title also exists in this queue; choose at most one after identity review. | English lyrics not established from available text | No usable chord symbols in extracted sheet | Tab-only or empty extracted sheet","d401834633d9836c32be4b43a95628fb71b580a61b294a0b54da951d9706fd35","GuitarPro_Tabs/Red Hot Chili Peppers - Magic Johnson (solo).gp3"
"1703","The Red Hot Chili Peppers","Magic Johson","TAB_ONLY_OR_EMPTY","HOLD","PENDING_PARSE_AND_QA","gp3","0","0","LANGUAGE_UNVERIFIED","0","NO","NO","","Parsed title disagrees with proposal title | English lyrics not established from available text | No usable chord symbols in extracted sheet | Tab-only or empty extracted sheet","a0402bef770eb2a25e539f3eb6846e65db495609b5b4e401dc1e55a6d818bb55","GuitarPro_Tabs/Red Hot Chili Peppers - Magic Johson.gp3"
"1704","The Red Hot Chili Peppers","Me & My Friends","TAB_ONLY_OR_EMPTY","HOLD","PENDING_PARSE_AND_QA","gp3","7","0","LANGUAGE_UNVERIFIED","0","NO","NO","","Similar proposed title also exists in this queue; choose at most one after identity review. | English lyrics not established from available text | Tab-only or empty extracted sheet","f0b5ddffacd9ffb79f3b13f1cda0b0353ef0865d7157602c78d35c97ad3d1724","GuitarPro_Tabs/Red Hot Chili Peppers - Me & My Friends.gp3"
"1705","The Red Hot Chili Peppers","Me & My Friends (solo)","TAB_ONLY_OR_EMPTY","HOLD","PENDING_PARSE_AND_QA","gp3","0","0","LANGUAGE_UNVERIFIED","0","NO","NO","","May be a medley, fragment or exercise; full-song identity needs confirmation. | Similar proposed title also exists in this queue; choose at most one after identity review. | English lyrics not established from available text | No usable chord symbols in extracted sheet | Tab-only or empty extracted sheet","10e1c5802b21496857e46f18f2e5bca59c492d9b071a839be6ecd747bc66bcc1","GuitarPro_Tabs/Red Hot Chili Peppers - Me & My Friends (solo).gp3"
"1706","The Red Hot Chili Peppers","Mellowship Slinki In B Major (2)","TAB_ONLY_OR_EMPTY","HOLD","PENDING_PARSE_AND_QA","gp3","0","0","LANGUAGE_UNVERIFIED","0","NO","NO","","English lyrics not established from available text | No usable chord symbols in extracted sheet | Tab-only or empty extracted sheet","aedd7752fb4d5f9f110d9ca4bd33058b54aab4f720640cab942c5e7ad87f3cab","GuitarPro_Tabs/Red Hot Chili Peppers - Mellowship Slinki In B Major (2).gp3"
"1707","The Red Hot Chili Peppers","mellowship slinky in b major","TRANSPOSE_FAILURE","HOLD","PENDING_PARSE_AND_QA","gpx","15","475","ENGLISH_TEXT_CHECK_PASS","22","YES","YES","","Exact locked transposer fails required round-trip or slash-bass preservation","5e9b45a4b84e39550f8fcaf366bd0819df78fd9a0ff40f216b47039c6d2f6629","Ultimate Guitar com PRO Tabs Site Rip GPX/r/red_hot_chili_peppers_554/red-hot-chili-peppers_mellowship-slinky-in-b-major-official-2505546.gpx"
"1708","The Red Hot Chili Peppers","minor thing","REVIEWABLE_CHORD_SHEET","REVIEWABLE","PENDING_PARSE_AND_QA","gpx","6","288","ENGLISH_TEXT_CHECK_PASS","0","NO","NO","","","78e2eb07e144c2859941f787de360fe0f404e21c3600a872fe22ad1c403bb91f","Ultimate Guitar com PRO Tabs Site Rip GPX/r/red_hot_chili_peppers_554/red-hot-chili-peppers_minor-thing-official-3645008.gpx"
"1709","The Red Hot Chili Peppers","My Lovely Man *alt 2","EXISTING_DUPLICATE","EXISTING","SKIPPED_ALREADY_CURRENT","gpx","4","326","ENGLISH_TEXT_CHECK_PASS","0","NO","NO","","Existing artist/song or title variant — leave current song unchanged | Possible existing song or alternate title: Red Hot Chilli Peppers — My Lovely Man","31f89ef93ecde657f27b829dd32375188529c49de468b32182aded95720b6e04","Ultimate Guitar com PRO Tabs Site Rip GPX/r/red_hot_chili_peppers_554/red-hot-chili-peppers_my-lovely-man-official-2220541.gpx"
"1710","The Red Hot Chili Peppers","Naked in the rain (2)","TAB_ONLY_OR_EMPTY","HOLD","PENDING_PARSE_AND_QA","gp3","0","0","LANGUAGE_UNVERIFIED","0","NO","NO","","English lyrics not established from available text | No usable chord symbols in extracted sheet | Tab-only or empty extracted sheet","a5d89678813a7597fc262f786e2b1fd646f810178bf9b39ae0963acad67117be","GuitarPro_Tabs/Red Hot Chili Peppers - Naked in the rain (2).gp3"
"1711","The Red Hot Chili Peppers","Nevermind","TAB_ONLY_OR_EMPTY","HOLD","PENDING_PARSE_AND_QA","gp3","0","0","LANGUAGE_UNVERIFIED","0","NO","NO","","English lyrics not established from available text | No usable chord symbols in extracted sheet | Tab-only or empty extracted sheet","0fe791ad3c346a2972164941a328fca995d7904dd4f231def61e6096df15b19b","GuitarPro_Tabs/Red Hot Chili Peppers - Nevermind.gp3"
"1712","The Red Hot Chili Peppers","Nobody Weird Like Me","TAB_ONLY_OR_EMPTY","HOLD","PENDING_PARSE_AND_QA","gp3","7","0","LANGUAGE_UNVERIFIED","0","NO","NO","","English lyrics not established from available text | Tab-only or empty extracted sheet","e6fcdc0fcea354081d2f9afbbd308666c97343ce881fd8b959a17b4021f6da1b","GuitarPro_Tabs/Red Hot Chili Peppers - Nobody Weird Like Me.gp3"
"1713","The Red Hot Chili Peppers","One Big Mob","TAB_ONLY_OR_EMPTY","HOLD","PENDING_PARSE_AND_QA","gp3","0","0","LANGUAGE_UNVERIFIED","0","NO","NO","","English lyrics not established from available text | No usable chord symbols in extracted sheet | Tab-only or empty extracted sheet","5ddd76b66308a0030d725178c99aab46fb31a8d9d55d2fc5c7b02a93c962d96f","GuitarPro_Tabs/Red Hot Chili Peppers - One Big Mob.gp3"
"1714","The Red Hot Chili Peppers","One Hot Minute","TAB_ONLY_OR_EMPTY","HOLD","PENDING_PARSE_AND_QA","gp3","0","0","LANGUAGE_UNVERIFIED","0","NO","NO","","English lyrics not established from available text | No usable chord symbols in extracted sheet | Tab-only or empty extracted sheet","d458adf102692802001c0fc849d24949a17d9abc9bf1e4e0fff4b9c8505f35a6","GuitarPro_Tabs/Red Hot Chili Peppers - One Hot Minute.gp3"
"1715","The Red Hot Chili Peppers","Out in L.A. (solo)","TAB_ONLY_OR_EMPTY","HOLD","PENDING_PARSE_AND_QA","gp3","0","0","LANGUAGE_UNVERIFIED","0","NO","NO","","May be a medley, fragment or exercise; full-song identity needs confirmation. | English lyrics not established from available text | No usable chord symbols in extracted sheet | Tab-only or empty extracted sheet","585630f838b500c9d945fa9bb11f3bb3cd258cc39acb20a1d7786ecf4a12b37b","GuitarPro_Tabs/Red Hot Chili Peppers - Out in L.A. (solo).gp3"
"1716","The Red Hot Chili Peppers","Out Of Range","TAB_ONLY_OR_EMPTY","HOLD","PENDING_PARSE_AND_QA","gp3","0","0","LANGUAGE_UNVERIFIED","0","NO","NO","","English lyrics not established from available text | No usable chord symbols in extracted sheet | Tab-only or empty extracted sheet","2d11be1fdc2c8856536a5d57d1bdbe87aab098481773b96f839b45eff5c8833b","GuitarPro_Tabs/Red Hot Chili Peppers - Out Of Range.gp3"
"1717","The Red Hot Chili Peppers","Parallel Universe (intro)","EXISTING_DUPLICATE","EXISTING","PENDING_PARSE_AND_QA","gp3","0","0","LANGUAGE_UNVERIFIED","0","NO","NO","","Existing artist/song or title variant — leave current song unchanged | Possible existing song or alternate title: Red Hot Chili Peppers — Parallel Universe | May be a medley, fragment or exercise; full-song identity needs confirmation. | English lyrics not established from available text | No usable chord symbols in extracted sheet | Tab-only or empty extracted sheet","07aed3ca13523d571cb2189cd533ef4db46b0d2c4c5f12bb476ad7b85b81e9df","GuitarPro_Tabs/Red Hot Chili Peppers - Parallel Universe (intro).gp3"
"1718","The Red Hot Chili Peppers","Pea (Bass)","EXISTING_DUPLICATE","EXISTING","PENDING_PARSE_AND_QA","gp3","0","0","LANGUAGE_UNVERIFIED","0","NO","NO","","Existing artist/song or title variant — leave current song unchanged | Possible existing song or alternate title: The Red Hot Chili Peppers — Pea | English lyrics not established from available text | No usable chord symbols in extracted sheet | Tab-only or empty extracted sheet","b27df9ba9da25f462e07bd89ce5a8e0ef328cb212071db2872c19d9927f2a2c2","GuitarPro_Tabs/Red Hot Chili Peppers - Pea (Bass).gp3"
"1719","The Red Hot Chili Peppers","porcelain","REVIEWABLE_CHORD_SHEET","REVIEWABLE","PENDING_PARSE_AND_QA","gpx","5","152","ENGLISH_TEXT_CHECK_PASS","0","NO","NO","","","d3074555339f56687d36b9772bc19efff58cd5b984f5cef9b53597d41fd6be78","Ultimate Guitar com PRO Tabs Site Rip GPX/r/red_hot_chili_peppers_554/red-hot-chili-peppers_porcelain-official-2213999.gpx"
"1720","The Red Hot Chili Peppers","pretty little ditty","TAB_ONLY_OR_EMPTY","HOLD","PENDING_PARSE_AND_QA","gpx","9","0","LANGUAGE_UNVERIFIED","46","YES","YES","","Similar proposed title also exists in this queue; choose at most one after identity review. | English lyrics not established from available text | Tab-only or empty extracted sheet | Exact locked transposer fails required round-trip or slash-bass preservation","f7086b42a4e2c335ad78ad27b635272bc6cbf4829d18f0c21127ddb148aa5bf1","Ultimate Guitar com PRO Tabs Site Rip GPX/r/red_hot_chili_peppers_554/red-hot-chili-peppers_pretty-little-ditty-official-2708124.gpx"
"1721","The Red Hot Chili Peppers","Pretty Little Ditty (Part 1)","TAB_ONLY_OR_EMPTY","HOLD","PENDING_PARSE_AND_QA","gp3","0","0","LANGUAGE_UNVERIFIED","0","NO","NO","","Similar proposed title also exists in this queue; choose at most one after identity review. | English lyrics not established from available text | No usable chord symbols in extracted sheet | Tab-only or empty extracted sheet","521bf34e17835200461af5cb39bea9a352f7398d36c5998153ca71bd7d560caf","GuitarPro_Tabs/Red Hot Chili Peppers - Pretty Little Ditty (Part 1).gp3"
"1722","The Red Hot Chili Peppers","Pretty Little Ditty (Part 2)","TAB_ONLY_OR_EMPTY","HOLD","PENDING_PARSE_AND_QA","gp3","0","0","LANGUAGE_UNVERIFIED","0","NO","NO","","Similar proposed title also exists in this queue; choose at most one after identity review. | English lyrics not established from available text | No usable chord symbols in extracted sheet | Tab-only or empty extracted sheet","06c8ea2dcc46d531edf5534ce7cb3bb10a66635fb27b54428482870f61c62c97","GuitarPro_Tabs/Red Hot Chili Peppers - Pretty Little Ditty (Part 2).gp3"
"1723","The Red Hot Chili Peppers","Punk Rock Classic","TAB_ONLY_OR_EMPTY","HOLD","PENDING_PARSE_AND_QA","gp3","0","0","LANGUAGE_UNVERIFIED","0","NO","NO","","Similar proposed title also exists in this queue; choose at most one after identity review. | English lyrics not established from available text | No usable chord symbols in extracted sheet | Tab-only or empty extracted sheet","a35a7d64bd73deda68296d844446130ce97a88c2a0217ccbd45bf330b13f2ef9","GuitarPro_Tabs/Red Hot Chili Peppers - Punk Rock Classic.gp3"
"1724","The Red Hot Chili Peppers","Punk Rock Classic (Solo)","TAB_ONLY_OR_EMPTY","HOLD","PENDING_PARSE_AND_QA","gp3","0","0","LANGUAGE_UNVERIFIED","0","NO","NO","","May be a medley, fragment or exercise; full-song identity needs confirmation. | Similar proposed title also exists in this queue; choose at most one after identity review. | English lyrics not established from available text | No usable chord symbols in extracted sheet | Tab-only or empty extracted sheet","3e4ddaa7f1e91f8934feac9df83b71151595b963bf53c83b721b71eec6e26509","GuitarPro_Tabs/Red Hot Chili Peppers - Punk Rock Classic (Solo).gp3"
"1725","The Red Hot Chili Peppers","Purple Stain (2)","TAB_ONLY_OR_EMPTY","HOLD","PENDING_PARSE_AND_QA","gp3","0","0","LANGUAGE_UNVERIFIED","0","NO","NO","","English lyrics not established from available text | No usable chord symbols in extracted sheet | Tab-only or empty extracted sheet","8dd4039a21e1cc6ea1e1e88268514edd2832f633e47b1db71374b1752ac5ed37","GuitarPro_Tabs/Red Hot Chili Peppers - Purple Stain (2).gp3"
"1726","The Red Hot Chili Peppers","quixoticelixer","TRANSPOSE_FAILURE","HOLD","PENDING_PARSE_AND_QA","gpx","9","553","ENGLISH_TEXT_CHECK_PASS","23","YES","YES","","Exact locked transposer fails required round-trip or slash-bass preservation","93c7e9fe33d989ed2104f7ced0f847a85d948e05dad84de55ec50dee780ff0f3","Ultimate Guitar com PRO Tabs Site Rip GPX/r/red_hot_chili_peppers_554/red-hot-chili-peppers_quixoticelixer-official-3788972.gpx"
"1727","The Red Hot Chili Peppers","readymade","TRANSPOSE_FAILURE","HOLD","PENDING_PARSE_AND_QA","gpx","9","369","ENGLISH_TEXT_CHECK_PASS","46","YES","YES","","Exact locked transposer fails required round-trip or slash-bass preservation","bef435b235f86b8393dc41cd09e0049a0cac67c8535e6b928081cdc0b539888f","Ultimate Guitar com PRO Tabs Site Rip GPX/r/red_hot_chili_peppers_554/red-hot-chili-peppers_readymade-official-2223377.gpx"
"1728","The Red Hot Chili Peppers","Right On Time (Part 1)","EXISTING_DUPLICATE","EXISTING","PENDING_PARSE_AND_QA","gp3","0","0","LANGUAGE_UNVERIFIED","0","NO","NO","","Existing artist/song or title variant — leave current song unchanged | Possible existing song or alternate title: Red Hot Chili Peppers — Right on Time | Similar proposed title also exists in this queue; choose at most one after identity review. | English lyrics not established from available text | No usable chord symbols in extracted sheet | Tab-only or empty extracted sheet","af5f88dec08542f03fadd50a317019f0c37bc80ef52845e90c6a062298cd89e2","GuitarPro_Tabs/Red Hot Chili Peppers - Right On Time (Part 1).gp3"
"1729","The Red Hot Chili Peppers","Right On Time (Part 2)","EXISTING_DUPLICATE","EXISTING","PENDING_PARSE_AND_QA","gp3","0","0","LANGUAGE_UNVERIFIED","0","NO","NO","","Existing artist/song or title variant — leave current song unchanged | Possible existing song or alternate title: Red Hot Chili Peppers — Right on Time | Similar proposed title also exists in this queue; choose at most one after identity review. | English lyrics not established from available text | No usable chord symbols in extracted sheet | Tab-only or empty extracted sheet","18e156aa20262b955ff37b3f3f848b3f2347a08006316412399ed4afd9bfd408","GuitarPro_Tabs/Red Hot Chili Peppers - Right On Time (Part 2).gp3"
"1730","The Red Hot Chili Peppers","Right on Time (Vivo Santiago - Chile 2002)","EXISTING_DUPLICATE","EXISTING","PENDING_PARSE_AND_QA","gp3","0","0","LANGUAGE_UNVERIFIED","0","NO","NO","","Existing artist/song or title variant — leave current song unchanged | Possible existing song or alternate title: Red Hot Chili Peppers — Right on Time | Similar proposed title also exists in this queue; choose at most one after identity review. | English lyrics not established from available text | No usable chord symbols in extracted sheet | Tab-only or empty extracted sheet","6e112998c905efbc53fc8978d6d1608dd111f34f4596310c3e6f0f380dbd1664","GuitarPro_Tabs/Red Hot Chili Peppers - Right on Time (Vivo Santiago - Chile 2002).gp3"
"1731","The Red Hot Chili Peppers","Saivior","TAB_ONLY_OR_EMPTY","HOLD","PENDING_PARSE_AND_QA","gp3","0","0","LANGUAGE_UNVERIFIED","0","NO","NO","","English lyrics not established from available text | No usable chord symbols in extracted sheet | Tab-only or empty extracted sheet","158d45fdb2bd66ea5c7ac225e1d542492ba4569ee52fc57b8bbd84ff45a37070","GuitarPro_Tabs/Red Hot Chili Peppers - Saivior.gp3"
"1732","The Red Hot Chili Peppers","Savior","TAB_ONLY_OR_EMPTY","HOLD","PENDING_PARSE_AND_QA","gp3","0","0","LANGUAGE_UNVERIFIED","0","NO","NO","","Similar proposed title also exists in this queue; choose at most one after identity review. | English lyrics not established from available text | No usable chord symbols in extracted sheet | Tab-only or empty extracted sheet","968fa39e1beb8372183820d80835254ccaab489679643e99c98066532e6ab1b4","GuitarPro_Tabs/Red Hot Chili Peppers - Savior.gp3"
"1733","The Red Hot Chili Peppers","Savior (live in Argentina)","TAB_ONLY_OR_EMPTY","HOLD","PENDING_PARSE_AND_QA","gp3","0","0","LANGUAGE_UNVERIFIED","0","NO","NO","","Similar proposed title also exists in this queue; choose at most one after identity review. | English lyrics not established from available text | No usable chord symbols in extracted sheet | Tab-only or empty extracted sheet","153b3d1b5b53f15e1d0cb024918abfc192d1947cdc037d5a92318f45d3dc11b5","GuitarPro_Tabs/Red Hot Chili Peppers - Savior (live in Argentina).gp3"
"1734","The Red Hot Chili Peppers","Savior (Outro Guitar Solo)","TAB_ONLY_OR_EMPTY","HOLD","PENDING_PARSE_AND_QA","gp3","0","0","LANGUAGE_UNVERIFIED","0","NO","NO","","May be a medley, fragment or exercise; full-song identity needs confirmation. | Similar proposed title also exists in this queue; choose at most one after identity review. | English lyrics not established from available text | No usable chord symbols in extracted sheet | Tab-only or empty extracted sheet","5ec5ca9dfc83f536dc9fc4518ac614d373ce860ac3521e1a12051a567c7172e5","GuitarPro_Tabs/Red Hot Chili Peppers - Savior (Outro Guitar Solo).gp3"
"1735","The Red Hot Chili Peppers","Scar Tissue (live solos)","EXISTING_DUPLICATE","EXISTING","PENDING_PARSE_AND_QA","gp3","0","0","LANGUAGE_UNVERIFIED","0","NO","NO","","Existing artist/song or title variant — leave current song unchanged | Possible existing song or alternate title: Red Hot Chili Peppers — Scar Tissue | English lyrics not established from available text | No usable chord symbols in extracted sheet | Tab-only or empty extracted sheet","4a9c7d8218656175490c3acf2695aa0a0bf0803f14f79adaf49745decc0e5542","GuitarPro_Tabs/Red Hot Chili Peppers - Scar Tissue (live solos).gp3"
"1736","The Red Hot Chili Peppers","Sexy Mexican Maid","TAB_ONLY_OR_EMPTY","HOLD","PENDING_PARSE_AND_QA","gp3","0","0","LANGUAGE_UNVERIFIED","0","NO","NO","","Similar proposed title also exists in this queue; choose at most one after identity review. | English lyrics not established from available text | No usable chord symbols in extracted sheet | Tab-only or empty extracted sheet","38535ed5d06f8f9ded585845f517a36d78b1d2b22de0b5cfeb92862f3961d833","GuitarPro_Tabs/Red Hot Chili Peppers - Sexy Mexican Maid.gp3"
"1737","The Red Hot Chili Peppers","Sexy Mexican Maid (Solo)","TAB_ONLY_OR_EMPTY","HOLD","PENDING_PARSE_AND_QA","gp3","0","0","LANGUAGE_UNVERIFIED","0","NO","NO","","May be a medley, fragment or exercise; full-song identity needs confirmation. | Similar proposed title also exists in this queue; choose at most one after identity review. | English lyrics not established from available text | No usable chord symbols in extracted sheet | Tab-only or empty extracted sheet","52db868e44593262359a78911d805cc25fb75979f8ebc9c31e6c446d97736693","GuitarPro_Tabs/Red Hot Chili Peppers - Sexy Mexican Maid (Solo).gp3"
"1738","The Red Hot Chili Peppers","shallow be thy game (2)","TAB_ONLY_OR_EMPTY","HOLD","PENDING_PARSE_AND_QA","gp3","0","0","LANGUAGE_UNVERIFIED","0","NO","NO","","English lyrics not established from available text | No usable chord symbols in extracted sheet | Tab-only or empty extracted sheet","b2f286bab258a41488960df54a5ec4e29d8a6106231c2774dac5d1f93e2cd56e","GuitarPro_Tabs/Red Hot Chili Peppers - shallow be thy game (2).gp3"
"1739","The Red Hot Chili Peppers","She looks to me","EXISTING_DUPLICATE","EXISTING","SKIPPED_ALREADY_CURRENT","gpx","16","387","ENGLISH_TEXT_CHECK_PASS","90","YES","YES","","Existing artist/song or title variant — leave current song unchanged | Possible existing song or alternate title: Red Hot Chilli Peppers — She looks to me | Exact locked transposer fails required round-trip or slash-bass preservation","fdd2800bbe63d68d41fe71eff8e0cbafe6f9200724fb0c3361edf9511c0f8e90","Ultimate Guitar com PRO Tabs Site Rip GPX/r/red_hot_chili_peppers_554/red-hot-chili-peppers_she-looks-to-me-official-2189973.gpx"
"1740","The Red Hot Chili Peppers","shes only 18","REVIEWABLE_CHORD_SHEET","REVIEWABLE","PENDING_PARSE_AND_QA","gpx","6","354","ENGLISH_TEXT_CHECK_PASS","0","NO","NO","","","750c397de5b894c21f95629e7df2605fbf57be29666860c102b10e594ad622d1","Ultimate Guitar com PRO Tabs Site Rip GPX/r/red_hot_chili_peppers_554/red-hot-chili-peppers_shes-only-18-official-3395744.gpx"
"1741","The Red Hot Chili Peppers","sick love","REVIEWABLE_CHORD_SHEET","REVIEWABLE","PENDING_PARSE_AND_QA","gpx","8","363","ENGLISH_TEXT_CHECK_PASS","0","NO","NO","","","9d3b398d42ae15aa9efc0b96e96650ce0387f0191bd492cf1cb0a95f8ba0ddbc","Ultimate Guitar com PRO Tabs Site Rip GPX/r/red_hot_chili_peppers_554/red-hot-chili-peppers_sick-love-official-2338359.gpx"
"1742","The Red Hot Chili Peppers","Sir Psycho Sexy (2)","TAB_ONLY_OR_EMPTY","HOLD","PENDING_PARSE_AND_QA","gp3","0","0","LANGUAGE_UNVERIFIED","0","NO","NO","","English lyrics not established from available text | No usable chord symbols in extracted sheet | Tab-only or empty extracted sheet","b58b8de14a64a1dad839a2360e02310f4867ece8e063f9f78d71d5b92892702f","GuitarPro_Tabs/Red Hot Chili Peppers - Sir Psycho Sexy (2).gp3"
"1743","The Red Hot Chili Peppers","Stone Cold Bush (2)","TAB_ONLY_OR_EMPTY","HOLD","PENDING_PARSE_AND_QA","gp3","0","0","LANGUAGE_UNVERIFIED","0","NO","NO","","Similar proposed title also exists in this queue; choose at most one after identity review. | English lyrics not established from available text | No usable chord symbols in extracted sheet | Tab-only or empty extracted sheet","9477f257dc4b97e173a56af0a6e1a7f6a933e71afcd6f44e58244e938343bd7c","GuitarPro_Tabs/Red Hot Chili Peppers - Stone Cold Bush (2).gp3"
"1744","The Red Hot Chili Peppers","Stone Cold Bush (solo)","TAB_ONLY_OR_EMPTY","HOLD","PENDING_PARSE_AND_QA","gp3","0","0","LANGUAGE_UNVERIFIED","0","NO","NO","","May be a medley, fragment or exercise; full-song identity needs confirmation. | Similar proposed title also exists in this queue; choose at most one after identity review. | English lyrics not established from available text | No usable chord symbols in extracted sheet | Tab-only or empty extracted sheet","efcd21abcc6d0b79477d513c3e6b1fab1b9342358f577889ebb527e526c40288","GuitarPro_Tabs/Red Hot Chili Peppers - Stone Cold Bush (solo).gp3"
"1745","The Red Hot Chili Peppers","Subway To Venus","TAB_ONLY_OR_EMPTY","HOLD","PENDING_PARSE_AND_QA","gp3","0","0","LANGUAGE_UNVERIFIED","0","NO","NO","","Similar proposed title also exists in this queue; choose at most one after identity review. | English lyrics not established from available text | No usable chord symbols in extracted sheet | Tab-only or empty extracted sheet","8a6efc1eeed66d70ef721a1e7b9be47a21aaddd68175ba98c00252860a8fb7a0","GuitarPro_Tabs/Red Hot Chili Peppers - Subway To Venus.gp3"
"1746","The Red Hot Chili Peppers","Subway To Venus (Outro & Solo)","TAB_ONLY_OR_EMPTY","HOLD","PENDING_PARSE_AND_QA","gp3","0","0","LANGUAGE_UNVERIFIED","0","NO","NO","","May be a medley, fragment or exercise; full-song identity needs confirmation. | Similar proposed title also exists in this queue; choose at most one after identity review. | English lyrics not established from available text | No usable chord symbols in extracted sheet | Tab-only or empty extracted sheet","2b5fad9ee145c7844c80e2ef1152ee68b42efcc8f3fd60d34525f62e39ae1a6f","GuitarPro_Tabs/Red Hot Chili Peppers - Subway To Venus (Outro & Solo).gp3"
"1747","The Red Hot Chili Peppers","Taste The Pain","TAB_ONLY_OR_EMPTY","HOLD","PENDING_PARSE_AND_QA","gp4","0","0","LANGUAGE_UNVERIFIED","0","NO","NO","","Similar proposed title also exists in this queue; choose at most one after identity review. | English lyrics not established from available text | No usable chord symbols in extracted sheet | Tab-only or empty extracted sheet","8415b3ea0a9f92eb9466d61a24e94478d47d2bad99cf06b2b06f1c297b35474e","GuitarPro_Tabs/Red Hot Chili Peppers - Taste The Pain.gp4"
"1748","The Red Hot Chili Peppers","Taste the Pain (outro)","TAB_ONLY_OR_EMPTY","HOLD","PENDING_PARSE_AND_QA","gp3","0","0","LANGUAGE_UNVERIFIED","0","NO","NO","","Similar proposed title also exists in this queue; choose at most one after identity review. | English lyrics not established from available text | No usable chord symbols in extracted sheet | Tab-only or empty extracted sheet","4fd9c9a0fd33b2a9467938e1e965db4e66957ef81d58235eb7388f8e4bd11bca","GuitarPro_Tabs/Red Hot Chili Peppers - Taste the Pain (outro).gp3"
"1749","The Red Hot Chili Peppers","Tearjerker (2)","TAB_ONLY_OR_EMPTY","HOLD","PENDING_PARSE_AND_QA","gp3","0","0","LANGUAGE_UNVERIFIED","0","NO","NO","","English lyrics not established from available text | No usable chord symbols in extracted sheet | Tab-only or empty extracted sheet","47512cd40e2077ca2c8d60c639a2ae77f7be271bdcfc87bee6ef7e246664222b","GuitarPro_Tabs/Red Hot Chili Peppers - Tearjerker (2).gp3"
"1750","The Red Hot Chili Peppers","Teenager in love (2)","TAB_ONLY_OR_EMPTY","HOLD","PENDING_PARSE_AND_QA","gp3","4","0","LANGUAGE_UNVERIFIED","44","NO","NO","","English lyrics not established from available text | Tab-only or empty extracted sheet | Exact locked transposer fails required round-trip or slash-bass preservation","340862c94113c28394bdb45c57d6465ad8ac3e1054825771ae1d6bac9df541af","GuitarPro_Tabs/Red Hot Chili Peppers - Teenager in love (2).gp3"
"1751","The Red Hot Chili Peppers","The Brothers Cup","TAB_ONLY_OR_EMPTY","HOLD","PENDING_PARSE_AND_QA","gp3","7","0","LANGUAGE_UNVERIFIED","0","NO","NO","","English lyrics not established from available text | Tab-only or empty extracted sheet","4587e852b79b09814df3509fc804d46205a8386a15c47c77a238bef1cb0c657d","GuitarPro_Tabs/Red Hot Chili Peppers - The Brothers Cup.gp3"
"1752","The Red Hot Chili Peppers","The Greeting Song (2)","TAB_ONLY_OR_EMPTY","HOLD","PENDING_PARSE_AND_QA","gp3","0","0","LANGUAGE_UNVERIFIED","0","NO","NO","","English lyrics not established from available text | No usable chord symbols in extracted sheet | Tab-only or empty extracted sheet","e24491618f9619fe7bb6dd0bc90463355ef7199df2a56209fced28d771c1ce39","GuitarPro_Tabs/Red Hot Chili Peppers - The Greeting Song (2).gp3"
"1753","The Red Hot Chili Peppers","The Power Of Equality","TAB_ONLY_OR_EMPTY","HOLD","PENDING_PARSE_AND_QA","gp3","0","0","LANGUAGE_UNVERIFIED","0","NO","NO","","English lyrics not established from available text | No usable chord symbols in extracted sheet | Tab-only or empty extracted sheet","59b17f3719397426b903d991c56f9e0c1f4bcc91b8e33c61050df27efd2d33b2","GuitarPro_Tabs/Red Hot Chili Peppers - The Power Of Equality.gp3"
"1754","The Red Hot Chili Peppers","The Righteous And The Wicked","TAB_ONLY_OR_EMPTY","HOLD","PENDING_PARSE_AND_QA","gp3","0","0","LANGUAGE_UNVERIFIED","0","NO","NO","","English lyrics not established from available text | No usable chord symbols in extracted sheet | Tab-only or empty extracted sheet","47fecb1dab849a00bfa4ab66bc0c4f911e23f0700103154b1950f014e2c9dec7","GuitarPro_Tabs/Red Hot Chili Peppers - The Righteous And The Wicked.gp3"
"1755","The Red Hot Chili Peppers","the zephir song (2)","TAB_ONLY_OR_EMPTY","HOLD","PENDING_PARSE_AND_QA","gp3","0","0","LANGUAGE_UNVERIFIED","0","NO","NO","","English lyrics not established from available text | No usable chord symbols in extracted sheet | Tab-only or empty extracted sheet","7deb2df2ede4284c11ca13eaf54879ce34d14e4222093b494eadb146b2116e1e","GuitarPro_Tabs/Red Hot Chili Peppers - the zephir song (2).gp3"
"1756","The Red Hot Chili Peppers","They 're Red Hot ! (2)","TAB_ONLY_OR_EMPTY","HOLD","PENDING_PARSE_AND_QA","gp3","7","0","LANGUAGE_UNVERIFIED","0","NO","NO","","English lyrics not established from available text | Tab-only or empty extracted sheet","ab309372bbf32b1440f7a16c2ea8c334083d516fb3a67d22faa5bec176c17edb","GuitarPro_Tabs/Red Hot Chili Peppers - They 're Red Hot ! (2).gp3"
"1757","The Red Hot Chili Peppers","this is the place","TRANSPOSE_FAILURE","HOLD","PENDING_PARSE_AND_QA","gpx","5","529","ENGLISH_TEXT_CHECK_PASS","23","NO","YES","","Similar proposed title also exists in this queue; choose at most one after identity review. | Exact locked transposer fails required round-trip or slash-bass preservation","c7babb795a38348d0e46c17a82b9a9db2cfc7697037f9ea5de13c2f291cb8f28","Ultimate Guitar com PRO Tabs Site Rip GPX/r/red_hot_chili_peppers_554/red-hot-chili-peppers_this-is-the-place-official-2218431.gpx"
"1758","The Red Hot Chili Peppers","This Is The Place (Bass)","TAB_ONLY_OR_EMPTY","HOLD","PENDING_PARSE_AND_QA","gp3","0","0","LANGUAGE_UNVERIFIED","0","NO","NO","","Similar proposed title also exists in this queue; choose at most one after identity review. | English lyrics not established from available text | No usable chord symbols in extracted sheet | Tab-only or empty extracted sheet","4ed91c1c16cdafe81fdcef0f5c0ad2800776173e78547fd930898d407fe2a676","GuitarPro_Tabs/Red Hot Chili Peppers - This Is The Place (Bass).gp3"
"1759","The Red Hot Chili Peppers","this velvet glove","REVIEWABLE_CHORD_SHEET","REVIEWABLE","PENDING_PARSE_AND_QA","gpx","7","324","ENGLISH_TEXT_CHECK_PASS","0","NO","NO","","","fb374b1ec7412c6abedec548742350b594d59f8c283a72df53496a2e65911f7d","Ultimate Guitar com PRO Tabs Site Rip GPX/r/red_hot_chili_peppers_554/red-hot-chili-peppers_this-velvet-glove-official-2766922.gpx"
"1760","The Red Hot Chili Peppers","Transcending","TAB_ONLY_OR_EMPTY","HOLD","PENDING_PARSE_AND_QA","gp3","0","0","LANGUAGE_UNVERIFIED","0","NO","NO","","English lyrics not established from available text | No usable chord symbols in extracted sheet | Tab-only or empty extracted sheet","a5982a9909a4defa24a7ca68647a65f6c861f75c93f57114db7d544e5c41a4e4","GuitarPro_Tabs/Red Hot Chili Peppers - Transcending.gp3"
"1761","The Red Hot Chili Peppers","True Men Don 't Kill Coyotes (2)","TAB_ONLY_OR_EMPTY","HOLD","PENDING_PARSE_AND_QA","gp3","0","0","LANGUAGE_UNVERIFIED","0","NO","NO","","English lyrics not established from available text | No usable chord symbols in extracted sheet | Tab-only or empty extracted sheet","af30e1058a433d82caaccd04c7cf9d19a197c4444d1eb8c610aaa96500d58716","GuitarPro_Tabs/Red Hot Chili Peppers - True Men Don 't Kill Coyotes (2).gp3"
"1762","The Red Hot Chili Peppers","Under the Bridge (live in Santiago)","EXISTING_DUPLICATE","EXISTING","PENDING_PARSE_AND_QA","gp3","0","0","LANGUAGE_UNVERIFIED","0","NO","NO","","Existing artist/song or title variant — leave current song unchanged | Possible existing song or alternate title: Red Hot Chili Peppers — Under the Bridge | Similar proposed title also exists in this queue; choose at most one after identity review. | English lyrics not established from available text | No usable chord symbols in extracted sheet | Tab-only or empty extracted sheet","f379cb12aeb0ec5a0308a6afc51518fd1793a65817baeda8e6088dd324b29e47","GuitarPro_Tabs/Red Hot Chili Peppers - Under the Bridge (live in Santiago).gp3"
"1763","The Red Hot Chili Peppers","Under the Bridge (Live on SNL)","EXISTING_DUPLICATE","EXISTING","PENDING_PARSE_AND_QA","gp3","0","0","LANGUAGE_UNVERIFIED","0","NO","NO","","Existing artist/song or title variant — leave current song unchanged | Possible existing song or alternate title: Red Hot Chili Peppers — Under the Bridge | Similar proposed title also exists in this queue; choose at most one after identity review. | English lyrics not established from available text | No usable chord symbols in extracted sheet | Tab-only or empty extracted sheet","0f45c37eb328b0941fab0514196c3fa3ef9721e54e718080929d10dd500a77aa","GuitarPro_Tabs/Red Hot Chili Peppers - Under the Bridge (Live on SNL).gp3"
"1764","The Red Hot Chili Peppers","universally speaking","TRANSPOSE_FAILURE","HOLD","PENDING_PARSE_AND_QA","gpx","9","299","ENGLISH_TEXT_CHECK_PASS","46","YES","YES","","Similar proposed title also exists in this queue; choose at most one after identity review. | Exact locked transposer fails required round-trip or slash-bass preservation","20a39da4d8f2faae617d73bff42cd17d8d4be837b028afa920173d4abf424b89","Ultimate Guitar com PRO Tabs Site Rip GPX/r/red_hot_chili_peppers_554/red-hot-chili-peppers_universally-speaking-official-3122621.gpx"
"1765","The Red Hot Chili Peppers","Universally Speaking (outro)","TAB_ONLY_OR_EMPTY","HOLD","PENDING_PARSE_AND_QA","gp3","0","0","LANGUAGE_UNVERIFIED","0","NO","NO","","Parsed title disagrees with proposal title | Similar proposed title also exists in this queue; choose at most one after identity review. | English lyrics not established from available text | No usable chord symbols in extracted sheet | Tab-only or empty extracted sheet","9cb8d241d91ee3b19ba6505e199fedeb721f69002c8511cfa31d5debda92651b","GuitarPro_Tabs/Red Hot Chili Peppers - Universally Speaking (outro).gp3"
"1766","The Red Hot Chili Peppers","Universally Speaking 1 5","TAB_ONLY_OR_EMPTY","HOLD","PENDING_PARSE_AND_QA","gp3","0","0","LANGUAGE_UNVERIFIED","0","NO","NO","","Parsed title disagrees with proposal title | English lyrics not established from available text | No usable chord symbols in extracted sheet | Tab-only or empty extracted sheet","8e283760563364baba5ca6fa21349759897f8e8532ac18ab8eb01c2c670f2c68","GuitarPro_Tabs/Red Hot Chili Peppers - Universally Speaking 1 5.gp3"
"1767","The Red Hot Chili Peppers","Universally Speaking 2 5","TAB_ONLY_OR_EMPTY","HOLD","PENDING_PARSE_AND_QA","gp3","0","0","LANGUAGE_UNVERIFIED","0","NO","NO","","Parsed title disagrees with proposal title | English lyrics not established from available text | No usable chord symbols in extracted sheet | Tab-only or empty extracted sheet","4bf12d3d0647c98810cea81aff223e27d5198fe41a6a052598498145b12cad8d","GuitarPro_Tabs/Red Hot Chili Peppers - Universally Speaking 2 5.gp3"
"1768","The Red Hot Chili Peppers","Universally Speaking 3 5","TAB_ONLY_OR_EMPTY","HOLD","PENDING_PARSE_AND_QA","gp3","0","0","LANGUAGE_UNVERIFIED","0","NO","NO","","Parsed title disagrees with proposal title | English lyrics not established from available text | No usable chord symbols in extracted sheet | Tab-only or empty extracted sheet","e35d5fc7d6807937d783e28425b2cd8f2c2c562d5423f1baeeef7e0e07d12e1f","GuitarPro_Tabs/Red Hot Chili Peppers - Universally Speaking 3 5.gp3"
"1769","The Red Hot Chili Peppers","Universally Speaking 4 5","TAB_ONLY_OR_EMPTY","HOLD","PENDING_PARSE_AND_QA","gp3","0","0","LANGUAGE_UNVERIFIED","0","NO","NO","","Parsed title disagrees with proposal title | English lyrics not established from available text | No usable chord symbols in extracted sheet | Tab-only or empty extracted sheet","79802ae82f441248f25143eb4231a0a5147f44a55c385ee0dda6627fbdf838e3","GuitarPro_Tabs/Red Hot Chili Peppers - Universally Speaking 4 5.gp3"
"1770","The Red Hot Chili Peppers","Universally Speaking 5 5","TAB_ONLY_OR_EMPTY","HOLD","PENDING_PARSE_AND_QA","gp3","0","0","LANGUAGE_UNVERIFIED","0","NO","NO","","Parsed title disagrees with proposal title | English lyrics not established from available text | No usable chord symbols in extracted sheet | Tab-only or empty extracted sheet","d65455692c460a294d83bb34df3a5b95e1e1b0d95d215ae6406b77e767a0ab73","GuitarPro_Tabs/Red Hot Chili Peppers - Universally Speaking 5 5.gp3"
"1771","The Red Hot Chili Peppers","Velvet Glove (bass part)","TAB_ONLY_OR_EMPTY","HOLD","PENDING_PARSE_AND_QA","gp3","0","0","LANGUAGE_UNVERIFIED","0","NO","NO","","Parsed title disagrees with proposal title | English lyrics not established from available text | No usable chord symbols in extracted sheet | Tab-only or empty extracted sheet","5a65efce1fd9b931c18cdc977bb19af4fa6e2e21f7d62f246cdad76d74779b70","GuitarPro_Tabs/Red Hot Chili Peppers - Velvet Glove (bass part).gp3"
"1772","The Red Hot Chili Peppers","venice queen","TRANSPOSE_FAILURE","HOLD","PENDING_PARSE_AND_QA","gpx","10","374","ENGLISH_TEXT_CHECK_PASS","23","YES","YES","","Similar proposed title also exists in this queue; choose at most one after identity review. | Exact locked transposer fails required round-trip or slash-bass preservation","14ae8520a5afec774aac81fad4c80c3720d4d4d3e83929794c32367ada44cff2","Ultimate Guitar com PRO Tabs Site Rip GPX/r/red_hot_chili_peppers_554/red-hot-chili-peppers_venice-queen-official-3310592.gpx"
"1773","The Red Hot Chili Peppers","Venice Queen (Part 1)","TAB_ONLY_OR_EMPTY","HOLD","PENDING_PARSE_AND_QA","gp3","0","0","LANGUAGE_UNVERIFIED","0","NO","NO","","Similar proposed title also exists in this queue; choose at most one after identity review. | English lyrics not established from available text | No usable chord symbols in extracted sheet | Tab-only or empty extracted sheet","2f44cd8a70fb036d05b7cb75edd46777f5ecfb4774a0cf833e4d7798e9536f11","GuitarPro_Tabs/Red Hot Chili Peppers - Venice Queen (Part 1).gp3"
"1774","The Red Hot Chili Peppers","Walkabout (2)","TAB_ONLY_OR_EMPTY","HOLD","PENDING_PARSE_AND_QA","gp3","0","0","LANGUAGE_UNVERIFIED","0","NO","NO","","English lyrics not established from available text | No usable chord symbols in extracted sheet | Tab-only or empty extracted sheet","973bb4ef8c10d60ec3b7cd11bc949cf22ecd560c0bb78366f576b4e79398bd8b","GuitarPro_Tabs/Red Hot Chili Peppers - Walkabout (2).gp3"
"1775","The Red Hot Chili Peppers","Walkin ' On Down The Road","TAB_ONLY_OR_EMPTY","HOLD","PENDING_PARSE_AND_QA","gp3","0","0","LANGUAGE_UNVERIFIED","0","NO","NO","","English lyrics not established from available text | No usable chord symbols in extracted sheet | Tab-only or empty extracted sheet","94061b5847f7f44a6fae907b32e89f0385372860c89916a5c01653c6f2719331","GuitarPro_Tabs/Red Hot Chili Peppers - Walkin ' On Down The Road.gp3"
"1776","The Red Hot Chili Peppers","Warped","TAB_ONLY_OR_EMPTY","HOLD","PENDING_PARSE_AND_QA","gp3","0","0","LANGUAGE_UNVERIFIED","0","NO","NO","","English lyrics not established from available text | No usable chord symbols in extracted sheet | Tab-only or empty extracted sheet","a750002c1ea7f4c363a10bb9801bd45fdc19b7864b9b973e87d7b188e0bce42a","GuitarPro_Tabs/Red Hot Chili Peppers - Warped.gp3"
"1777","The Red Hot Chili Peppers","What It Is (3)","TAB_ONLY_OR_EMPTY","HOLD","PENDING_PARSE_AND_QA","gp3","0","0","LANGUAGE_UNVERIFIED","0","NO","NO","","English lyrics not established from available text | No usable chord symbols in extracted sheet | Tab-only or empty extracted sheet","5bda72125696e3434e5d12c06095d432fb993cffa3d06c150066f3d7a8b38223","GuitarPro_Tabs/Red Hot Chili Peppers - What It Is (3).gp3"
"1778","The Rolling Stones","19th nervous breakdown","REVIEWABLE_CHORD_SHEET","REVIEWABLE","QUALIFIED_FOR_GIT_STAGING","gpx","3","450","ENGLISH_TEXT_CHECK_PASS","0","NO","NO","","","db3f13b43a4f3172b4302ad631669acc5a66d6e42cb399be55a4cf18cb39fb6c","Ultimate Guitar com PRO Tabs Site Rip GPX/t/the_rolling_stones_571/the-rolling-stones_19th-nervous-breakdown-official-3639008.gpx"
"1779","The Rolling Stones","2000 Man","TAB_ONLY_OR_EMPTY","HOLD","PENDING_PARSE_AND_QA","gp4","0","0","LANGUAGE_UNVERIFIED","0","NO","NO","","English lyrics not established from available text | No usable chord symbols in extracted sheet | Tab-only or empty extracted sheet","931ab6250b57a9108ccf6ec34ab5647663e04a4d89f3a4d9791d15bfd1ca4ced","GuitarPro_Tabs/Rolling Stones (The) - 2000 Man.gp4"
"1780","The Rolling Stones","Ain 't No Use In Crying","TAB_ONLY_OR_EMPTY","HOLD","PENDING_PARSE_AND_QA","gp4","4","0","LANGUAGE_UNVERIFIED","0","NO","NO","","English lyrics not established from available text | Tab-only or empty extracted sheet","949bef1f2b75d7fcdec1d8fd90115e37a7dc0d0a2c027b5c9906ffd866ab2432","GuitarPro_Tabs/Rolling Stones (The) - Ain 't No Use In Crying.gp4"
"1781","The Rolling Stones","Almost Hear You Sigh","TAB_ONLY_OR_EMPTY","HOLD","PENDING_PARSE_AND_QA","gp4","7","0","LANGUAGE_UNVERIFIED","69","NO","YES","","English lyrics not established from available text | Tab-only or empty extracted sheet | Exact locked transposer fails required round-trip or slash-bass preservation","454ecd264cf39c52db24d69c94bacaefa2f3639ce85f56bb14b76f12611d9f59","GuitarPro_Tabs/Rolling Stones (The) - Almost Hear You Sigh.gp4"
"1782","The Rolling Stones","Always Suffering","TAB_ONLY_OR_EMPTY","HOLD","PENDING_PARSE_AND_QA","gp3","5","0","LANGUAGE_UNVERIFIED","23","NO","YES","","English lyrics not established from available text | Tab-only or empty extracted sheet | Exact locked transposer fails required round-trip or slash-bass preservation","26b0f93001dca47a203e09b03a92c398c1b51e6281395acca53f0712b25d74d4","GuitarPro_Tabs/Rolling Stones (The) - Always Suffering.gp3"
"1783","The Rolling Stones","Connection","TAB_ONLY_OR_EMPTY","HOLD","UNAVAILABLE_SOURCE","gpx","0","237","ENGLISH_TEXT_CHECK_PASS","0","NO","NO","","No usable chord symbols in extracted sheet","49666eb066f534408416fa06fe2920c764c767a11c72a0e8efbe9e8570256afe","Ultimate Guitar com PRO Tabs Site Rip GPX/t/the_rolling_stones_571/the-rolling-stones_connection-official-2219557.gpx"
"1784","The Rolling Stones","Dandelion","TAB_ONLY_OR_EMPTY","HOLD","PENDING_PARSE_AND_QA","gp4","7","0","LANGUAGE_UNVERIFIED","0","NO","NO","","English lyrics not established from available text | Tab-only or empty extracted sheet","af265a0a68b02e57fa3e770b67c4c4847e36522fc949983fbd39d02484040a4a","GuitarPro_Tabs/Rolling Stones (The) - Dandelion.gp4"
"1785","The Rolling Stones","doom and gloom","TRANSPOSE_FAILURE","HOLD","HELD_CHORD_OR_TRANSPOSE","gpx","7","382","ENGLISH_TEXT_CHECK_PASS","46","NO","YES","","Exact locked transposer fails required round-trip or slash-bass preservation","9dc241c2eed0c506d5b8894d61edc94f5daf4edb3a3ac6024ae8e7774d14db4b","Ultimate Guitar com PRO Tabs Site Rip GPX/t/the_rolling_stones_571/the-rolling-stones_doom-and-gloom-official-3637436.gpx"
"1786","The Rolling Stones","Happy","TAB_ONLY_OR_EMPTY","HOLD","PENDING_PARSE_AND_QA","gp4","0","0","LANGUAGE_UNVERIFIED","0","NO","NO","","English lyrics not established from available text | No usable chord symbols in extracted sheet | Tab-only or empty extracted sheet","acfaa31564a09139dbaf947dab6a2368e9b263d9ff0ede55cb34ad3f52c9c746","GuitarPro_Tabs/Rolling Stones (The) - Happy.gp4"
"1787","The Rolling Stones","Harlem Shuffle (2)","TAB_ONLY_OR_EMPTY","HOLD","PENDING_PARSE_AND_QA","gp3","6","0","LANGUAGE_UNVERIFIED","22","NO","NO","","English lyrics not established from available text | Tab-only or empty extracted sheet | Exact locked transposer fails required round-trip or slash-bass preservation","f5dd1ea181b6c3622d917a7a99fb469665ef9c3ae4ee3f3a6e29cf7cc32a4da7","GuitarPro_Tabs/Rolling Stones (The) - Harlem Shuffle (2).gp3"
"1788","The Rolling Stones","Heartbreaker (Doo Doo Doo Doo Doo)","TAB_ONLY_OR_EMPTY","HOLD","PENDING_PARSE_AND_QA","gp4","0","0","LANGUAGE_UNVERIFIED","0","NO","NO","","English lyrics not established from available text | No usable chord symbols in extracted sheet | Tab-only or empty extracted sheet","cd82f530d4b3aebe35011e8363956b227481e3cd9bbfe4ba2dd579b5d89e8d5e","GuitarPro_Tabs/Rolling Stones (The) - Heartbreaker (Doo Doo Doo Doo Doo).gp4"
"1789","The Rolling Stones","Honky Tonk Woman","TAB_ONLY_OR_EMPTY","HOLD","PENDING_PARSE_AND_QA","gp3","0","0","LANGUAGE_UNVERIFIED","0","NO","NO","","English lyrics not established from available text | No usable chord symbols in extracted sheet | Tab-only or empty extracted sheet","49854068fa7de1de61cc6196ddaf7481c4db0e5e0b22d159c7d68733ebe0fcab","GuitarPro_Tabs/Rolling Stones - Honky Tonk Woman.gp3"
"1790","The Rolling Stones","How can I stop","TAB_ONLY_OR_EMPTY","HOLD","PENDING_PARSE_AND_QA","gp3","0","0","LANGUAGE_UNVERIFIED","0","NO","NO","","English lyrics not established from available text | No usable chord symbols in extracted sheet | Tab-only or empty extracted sheet","25c30afff3983bd0c16ddc933f1ed5b301c72347e320bdb410775159b33defb8","GuitarPro_Tabs/Rolling Stones (The) - How can I stop.gp3"
"1791","The Rolling Stones","I Got The Blues (Intro)","TAB_ONLY_OR_EMPTY","HOLD","PENDING_PARSE_AND_QA","gp4","5","0","LANGUAGE_UNVERIFIED","0","NO","NO","","May be a medley, fragment or exercise; full-song identity needs confirmation. | English lyrics not established from available text | Tab-only or empty extracted sheet","b0f84763a6846f6efb15cf3c2f586fc7c14a246228590afcb18cf704ee805516","GuitarPro_Tabs/Rolling Stones (The) - I Got The Blues (Intro).gp4"
"1792","The Rolling Stones","Jumping Jack Flash","TAB_ONLY_OR_EMPTY","HOLD","PENDING_PARSE_AND_QA","gp3","0","0","LANGUAGE_UNVERIFIED","0","NO","NO","","English lyrics not established from available text | No usable chord symbols in extracted sheet | Tab-only or empty extracted sheet","12e0d822dadce699059e404aef97bcc6f158fa391ba94a91f63cd85044a6ebb1","GuitarPro_Tabs/Rolling Stones (The) - Jumping Jack Flash.gp3"
"1793","The Rolling Stones","let it bleed","REVIEWABLE_CHORD_SHEET","REVIEWABLE","QUALIFIED_FOR_GIT_STAGING","gpx","4","335","ENGLISH_TEXT_CHECK_PASS","0","NO","NO","","","dfbed8d848b8812e005f6c2cc1a56dd080f29b6326baa9e6176b17301c509ee5","Ultimate Guitar com PRO Tabs Site Rip GPX/t/the_rolling_stones_571/the-rolling-stones_let-it-bleed-official-3348260.gpx"
"1794","The Rolling Stones","Let It Loose","TAB_ONLY_OR_EMPTY","HOLD","PENDING_PARSE_AND_QA","gp3","5","0","LANGUAGE_UNVERIFIED","69","NO","YES","","English lyrics not established from available text | Tab-only or empty extracted sheet | Exact locked transposer fails required round-trip or slash-bass preservation","b3481610049aec2c77d43c7a46638c56169d4c4a7fbdf299856ade226c41d877","GuitarPro_Tabs/Rolling Stones (The) - Let It Loose.gp3"
"1795","The Rolling Stones","Little T & A","TAB_ONLY_OR_EMPTY","HOLD","PENDING_PARSE_AND_QA","gp3","0","0","LANGUAGE_UNVERIFIED","0","NO","NO","","English lyrics not established from available text | No usable chord symbols in extracted sheet | Tab-only or empty extracted sheet","01dbc0bacec7b48c1edc79a1956a0d72e4b923ae64d807e4625b2fc040a86706","GuitarPro_Tabs/Rolling Stones (The) - Little T & A.gp3"
"1796","The Rolling Stones","midnight rambler","TRANSPOSE_FAILURE","HOLD","HELD_CHORD_OR_TRANSPOSE","gpx","5","510","ENGLISH_TEXT_CHECK_PASS","22","NO","NO","","Exact locked transposer fails required round-trip or slash-bass preservation","f912e72bc5ce7e6b5ab5d74bae19289e6746689f4e77352c2a042092799a9fd5","Ultimate Guitar com PRO Tabs Site Rip GPX/t/the_rolling_stones_571/the-rolling-stones_midnight-rambler-official-3299177.gpx"
"1797","The Rolling Stones","Mixed Emotions","TAB_ONLY_OR_EMPTY","HOLD","PENDING_PARSE_AND_QA","gp4","9","0","LANGUAGE_UNVERIFIED","0","YES","NO","","English lyrics not established from available text | Tab-only or empty extracted sheet","08185c8de00a1b2dec824167a7077e7c5b17cdef1c1773d0190508ae020df287","GuitarPro_Tabs/Rolling Stones (The) - Mixed Emotions.gp4"
"1798","The Rolling Stones","Respectable","TAB_ONLY_OR_EMPTY","HOLD","PENDING_PARSE_AND_QA","gp4","0","0","LANGUAGE_UNVERIFIED","0","NO","NO","","English lyrics not established from available text | No usable chord symbols in extracted sheet | Tab-only or empty extracted sheet","2a8ab3b81d8c991411fb92e6c42b2e5de910fedb0fa853e95f6204e3439351a4","GuitarPro_Tabs/Rolling Stones (The) - Respectable.gp4"
"1799","The Rolling Stones","Rocks Off","TAB_ONLY_OR_EMPTY","HOLD","PENDING_PARSE_AND_QA","gp3","16","0","LANGUAGE_UNVERIFIED","114","YES","YES","","English lyrics not established from available text | Tab-only or empty extracted sheet | Exact locked transposer fails required round-trip or slash-bass preservation","04f818b3114617f506d2d6a76eb20eb345cd725b24d62739e2769c2836356eb5","GuitarPro_Tabs/Rolling Stones (The) - Rocks Off.gp3"
"1800","The Rolling Stones","Rolling Stones (The) - Brown Sugar","EXISTING_DUPLICATE","EXISTING","PENDING_PARSE_AND_QA","gp3","0","0","LANGUAGE_UNVERIFIED","0","NO","NO","","Parsed title disagrees with proposal title | Existing artist/song or title variant — leave current song unchanged | Artist name appears inside the source title. | Possible existing song or alternate title: The Rolling Stones — Brown Sugar | English lyrics not established from available text | No usable chord symbols in extracted sheet | Tab-only or empty extracted sheet","5c369ad40fe8df25ba9e7c392959ff7e574e110edae2c44ef22bb22c56fcca27","GuitarPro_Tabs/Rolling Stones (The) - Rolling Stones (The) - Brown Sugar.gp3"
"1801","The Rolling Stones","shes a rainbow","REVIEWABLE_CHORD_SHEET","REVIEWABLE","QUALIFIED_FOR_GIT_STAGING","gpx","3","231","ENGLISH_TEXT_CHECK_PASS","0","NO","NO","","","2ab7210f1a894c7a70dda713c96bc7e0901cc7a9833d0076eb362f8cbe4899ce","Ultimate Guitar com PRO Tabs Site Rip GPX/t/the_rolling_stones_571/the-rolling-stones_shes-a-rainbow-official-3750443.gpx"
"1802","The Rolling Stones","Shine A Light","TAB_ONLY_OR_EMPTY","HOLD","PENDING_PARSE_AND_QA","gp3","7","0","LANGUAGE_UNVERIFIED","69","NO","YES","","English lyrics not established from available text | Tab-only or empty extracted sheet | Exact locked transposer fails required round-trip or slash-bass preservation","66af2d40c4fa579081f3cbaa5b8fefb59414fd2730675b0d8a6204b2839f80ff","GuitarPro_Tabs/Rolling Stones (The) - Shine A Light.gp3"
"1803","The Rolling Stones","Street Fighting Man","TAB_ONLY_OR_EMPTY","HOLD","UNAVAILABLE_SOURCE","gp4","0","9","LANGUAGE_UNVERIFIED","0","NO","NO","","English lyrics not established from available text | No usable chord symbols in extracted sheet","ec1537fecd324407df4ee0e5a0d1d7ecf939ebc63f32f0d699c40010a7771447","GuitarPro_Tabs/Rolling Stones (The) - Street Fighting Man.gp4"
"1804","The Rolling Stones","sympathy for the devil","REVIEWABLE_CHORD_SHEET","REVIEWABLE","QUALIFIED_FOR_GIT_STAGING","gpx","4","485","ENGLISH_TEXT_CHECK_PASS","0","NO","NO","","","6c65fd76f8d618441685ce90cdd3a3e360ef8183c2e8e1a2857d2d4e56028bb6","Ultimate Guitar com PRO Tabs Site Rip GPX/t/the_rolling_stones_571/the-rolling-stones_sympathy-for-the-devil-official-2383129.gpx"
"1805","The Rolling Stones","time is on my side","REVIEWABLE_CHORD_SHEET","REVIEWABLE","QUALIFIED_FOR_GIT_STAGING","gpx","6","286","ENGLISH_TEXT_CHECK_PASS","0","NO","NO","","","3b373b69745510f7bc44171b29593efe815d718f9304551b59fa3a619cade85d","Ultimate Guitar com PRO Tabs Site Rip GPX/t/the_rolling_stones_571/the-rolling-stones_time-is-on-my-side-official-2172323.gpx"
"1806","The Rolling Stones","Tumbling Dice (bass only)","EXISTING_DUPLICATE","EXISTING","PENDING_PARSE_AND_QA","gp3","0","0","LANGUAGE_UNVERIFIED","0","NO","NO","","Existing artist/song or title variant — leave current song unchanged | Possible existing song or alternate title: The Rolling Stones — Tumbling Dice | English lyrics not established from available text | No usable chord symbols in extracted sheet | Tab-only or empty extracted sheet","73831babc0550d16d56144542ea636da7aec145054b2bac2b3e6278fbf7703c5","GuitarPro_Tabs/Rolling Stones (The) - Tumbling Dice (bass only).gp3"
"1807","The Rolling Stones","You Can 't Alway Get What You Want","TAB_ONLY_OR_EMPTY","HOLD","PENDING_PARSE_AND_QA","gp4","0","0","LANGUAGE_UNVERIFIED","0","NO","NO","","Parsed title disagrees with proposal title | English lyrics not established from available text | No usable chord symbols in extracted sheet | Tab-only or empty extracted sheet","66c248b7712df60858aa35ca2e58ba0ababb2a4a172de6761290673a8e15c51f","GuitarPro_Tabs/Rolling Stones (The) - You Can 't Alway Get What You Want.gp4"
"1808","The Rolling Stones","You Can't Always Get What You Want","TAB_ONLY_OR_EMPTY","HOLD","UNAVAILABLE_SOURCE","gp4","0","349","ENGLISH_TEXT_CHECK_PASS","0","NO","NO","","No usable chord symbols in extracted sheet","16877d91aecdf9e6538712739bbcb3f3f1dc504f751ba2dc8b5e1bc1bcb7f363","GuitarPro_Tabs/Rolling Stones (The) - You Can 't Always Get What You Want.gp4"
"1809","The Searchers","love potion no 9","TRANSPOSE_FAILURE","HOLD","PENDING_PARSE_AND_QA","gpx","7","260","ENGLISH_TEXT_CHECK_PASS","22","NO","NO","","Exact locked transposer fails required round-trip or slash-bass preservation","537a293debb0f9f560eb8d6f341ac9b45d2894644b1d74b162a36c22f4a7e9b9","Ultimate Guitar com PRO Tabs Site Rip GPX/t/the_searchers_6999/the-searchers_love-potion-no-9-official-3625778.gpx"
"1810","The Smashing Pumpkins","Aeroplane Flies High","TAB_ONLY_OR_EMPTY","HOLD","PENDING_PARSE_AND_QA","gp3","0","0","LANGUAGE_UNVERIFIED","0","NO","NO","","English lyrics not established from available text | No usable chord symbols in extracted sheet | Tab-only or empty extracted sheet","7269882944f5bfc56d4bd24d429ff9925a56a94b2b1e704b2e52de4e23ce34b9","GuitarPro_Tabs/Smashing Pumpkins - Aeroplane Flies High.gp3"
"1811","The Smashing Pumpkins","Age of Innocence","TAB_ONLY_OR_EMPTY","HOLD","PENDING_PARSE_AND_QA","gp3","5","0","LANGUAGE_UNVERIFIED","46","NO","YES","","English lyrics not established from available text | Tab-only or empty extracted sheet | Exact locked transposer fails required round-trip or slash-bass preservation","0ef3a4271e1a1c37fad99938e641072306ce84e56ff55f21e0110fd68fe949c3","GuitarPro_Tabs/Smashing Pumpkins - Age of Innocence.gp3"
"1812","The Smashing Pumpkins","Annie Dog","TAB_ONLY_OR_EMPTY","HOLD","PENDING_PARSE_AND_QA","gp3","6","0","LANGUAGE_UNVERIFIED","0","NO","NO","","English lyrics not established from available text | Tab-only or empty extracted sheet","09e4eda04145293b8a18f6d5e56db4abcf9b148d394d38ce5cc9c269b334059c","GuitarPro_Tabs/Smashing Pumpkins - Annie Dog.gp3"
"1813","The Smashing Pumpkins","Appels + Oranjes","TAB_ONLY_OR_EMPTY","HOLD","PENDING_PARSE_AND_QA","gp3","0","0","LANGUAGE_UNVERIFIED","0","NO","NO","","English lyrics not established from available text | No usable chord symbols in extracted sheet | Tab-only or empty extracted sheet","556379f1c0ef18e44ee5bf5952aca417e026760ff596b8e889a5e420486b0b5a","GuitarPro_Tabs/Smashing Pumpkins - Appels + Oranjes.gp3"
"1814","The Smashing Pumpkins","Ava Adore (2)","TAB_ONLY_OR_EMPTY","HOLD","PENDING_PARSE_AND_QA","gp3","0","0","LANGUAGE_UNVERIFIED","0","NO","NO","","English lyrics not established from available text | No usable chord symbols in extracted sheet | Tab-only or empty extracted sheet","708336301e90c3d30359e5da9f3348038d68788be8f6a372f274fecb35c5028a","GuitarPro_Tabs/Smashing Pumpkins - Ava Adore (2).gp3"
"1815","The Smashing Pumpkins","Beautiful","TAB_ONLY_OR_EMPTY","HOLD","PENDING_PARSE_AND_QA","gp3","0","0","LANGUAGE_UNVERIFIED","0","NO","NO","","English lyrics not established from available text | No usable chord symbols in extracted sheet | Tab-only or empty extracted sheet","8f4171e827890b80256ab0bc64d883f2d581842ff84defe1b6e57882669256b0","GuitarPro_Tabs/Smashing Pumpkins - Beautiful.gp3"
"1816","The Smashing Pumpkins","Believe","TAB_ONLY_OR_EMPTY","HOLD","PENDING_PARSE_AND_QA","gp3","0","0","LANGUAGE_UNVERIFIED","0","NO","NO","","English lyrics not established from available text | No usable chord symbols in extracted sheet | Tab-only or empty extracted sheet","b1c6b0e2b2bef94a50ed6fcca4f4d7bd0bb7a76cce34862ee12adbeba1cf04ce","GuitarPro_Tabs/Smashing Pumpkins - Believe.gp3"
"1817","The Smashing Pumpkins","Blank Page","TAB_ONLY_OR_EMPTY","HOLD","PENDING_PARSE_AND_QA","gp3","0","0","LANGUAGE_UNVERIFIED","0","NO","NO","","English lyrics not established from available text | No usable chord symbols in extracted sheet | Tab-only or empty extracted sheet","d2ddaa48d6850f0a930b6c6bcbfacb99c0adc64039038842caedde4690eefb6f","GuitarPro_Tabs/Smashing Pumpkins - Blank Page.gp3"
"1818","The Smashing Pumpkins","Bodies (3)","TAB_ONLY_OR_EMPTY","HOLD","PENDING_PARSE_AND_QA","gp3","0","0","LANGUAGE_UNVERIFIED","0","NO","NO","","English lyrics not established from available text | No usable chord symbols in extracted sheet | Tab-only or empty extracted sheet","4e49d37a87801c6876461c94fe3a3bdbfee65a8d8ebebc8951861201945ca5ef","GuitarPro_Tabs/Smashing Pumpkins - Bodies (3).gp3"
"1819","The Smashing Pumpkins","Bullet With Butterfly Wings","EXISTING_DUPLICATE","EXISTING","SKIPPED_ALREADY_CURRENT","gpx","15","448","ENGLISH_TEXT_CHECK_PASS","46","YES","YES","","Existing artist/song or title variant — leave current song unchanged | Possible existing song or alternate title: Thr Smashing Pumpkins — Bullet With Butterfly Wings | Exact locked transposer fails required round-trip or slash-bass preservation","d7ff395678291901e1361d1370318575e7b5b4a118ece3874b3c148fe2636370","Ultimate Guitar com PRO Tabs Site Rip GPX/t/the_smashing_pumpkins_504/the-smashing-pumpkins_bullet-with-butterfly-wings-official-2210179.gpx"
"1820","The Smashing Pumpkins","Bury Me","TAB_ONLY_OR_EMPTY","HOLD","PENDING_PARSE_AND_QA","gp3","0","0","LANGUAGE_UNVERIFIED","0","NO","NO","","English lyrics not established from available text | No usable chord symbols in extracted sheet | Tab-only or empty extracted sheet","3e8a10248f64ef00566bcddca4fe207f068d5afb1385e94d95991988ef8ca4cb","GuitarPro_Tabs/Smashing Pumpkins - Bury Me.gp3"
"1821","The Smashing Pumpkins","By Starlight","TAB_ONLY_OR_EMPTY","HOLD","PENDING_PARSE_AND_QA","gp3","0","0","LANGUAGE_UNVERIFIED","0","NO","NO","","English lyrics not established from available text | No usable chord symbols in extracted sheet | Tab-only or empty extracted sheet","d431dc86a1e148a8db5e27983f37406dccf566fc54e7a9857eb39025b2aa12f0","GuitarPro_Tabs/Smashing Pumpkins - By Starlight.gp3"
"1822","The Smashing Pumpkins","Bye June","TAB_ONLY_OR_EMPTY","HOLD","PENDING_PARSE_AND_QA","gp3","8","0","LANGUAGE_UNVERIFIED","22","NO","YES","Bsus4 | G#m | Asus2 | F#7add11","English lyrics not established from available text | Locked renderer has no chord shape for: Bsus4, G#m, Asus2, F#7add11 | Tab-only or empty extracted sheet | Exact locked transposer fails required round-trip or slash-bass preservation","6503acd2e710b39e4a7eb9817d21d5b489eb752662910b611cb87f17bc6819b2","GuitarPro_Tabs/Smashing Pumpkins - Bye June.gp3"
"1823","The Smashing Pumpkins","Clones (We 're all)","TAB_ONLY_OR_EMPTY","HOLD","PENDING_PARSE_AND_QA","gp3","0","0","LANGUAGE_UNVERIFIED","0","NO","NO","","English lyrics not established from available text | No usable chord symbols in extracted sheet | Tab-only or empty extracted sheet","ad90678a49fcf1974646d64d8de554f5102ec13fa7b29ad0d5eee60835589919","GuitarPro_Tabs/Smashing Pumpkins - Clones (We 're all).gp3"
"1824","The Smashing Pumpkins","Crestfallen","TAB_ONLY_OR_EMPTY","HOLD","PENDING_PARSE_AND_QA","gp3","8","0","LANGUAGE_UNVERIFIED","0","NO","YES","","English lyrics not established from available text | Tab-only or empty extracted sheet","68bc4ff16183db35a71c0add4dfefde29af1ce356047afd36b59647687ab28e4","GuitarPro_Tabs/Smashing Pumpkins - Crestfallen.gp3"
"1825","The Smashing Pumpkins","Cupid de Locke","TAB_ONLY_OR_EMPTY","HOLD","PENDING_PARSE_AND_QA","gp3","0","0","LANGUAGE_UNVERIFIED","0","NO","NO","","English lyrics not established from available text | No usable chord symbols in extracted sheet | Tab-only or empty extracted sheet","0f75dccd77c7be448607da5e707e9a536e154c33f4996a26d5114c8bbd79e4b9","GuitarPro_Tabs/Smashing Pumpkins - Cupid de Locke.gp3"
"1826","The Smashing Pumpkins","Czarina","TAB_ONLY_OR_EMPTY","HOLD","PENDING_PARSE_AND_QA","gp3","0","0","LANGUAGE_UNVERIFIED","0","NO","NO","","English lyrics not established from available text | No usable chord symbols in extracted sheet | Tab-only or empty extracted sheet","e076dff3963365f8ff0694b6df6ce17fac3b47a0c630ed5fda76a74b554380d8","GuitarPro_Tabs/Smashing Pumpkins - Czarina.gp3"
"1827","The Smashing Pumpkins","Daydream","TAB_ONLY_OR_EMPTY","HOLD","PENDING_PARSE_AND_QA","gp3","0","0","LANGUAGE_UNVERIFIED","0","NO","NO","","English lyrics not established from available text | No usable chord symbols in extracted sheet | Tab-only or empty extracted sheet","fe73452166b0d7391e5e3294e6f8eb86ed4cdc25e1eae7e01b2488cb828c40c4","GuitarPro_Tabs/Smashing Pumpkins - Daydream.gp3"
"1828","The Smashing Pumpkins","drown","TRANSPOSE_FAILURE","HOLD","PENDING_PARSE_AND_QA","gpx","5","144","ENGLISH_TEXT_CHECK_PASS","23","NO","YES","","Exact locked transposer fails required round-trip or slash-bass preservation","292b0f6874aa6224f09c76ea8054e2d869756ea39369192808137ee3e393af3b","Ultimate Guitar com PRO Tabs Site Rip GPX/t/the_smashing_pumpkins_504/the-smashing-pumpkins_drown-official-3394271.gpx"
"1829","The Smashing Pumpkins","F k You (An Ode To No-One)","TAB_ONLY_OR_EMPTY","HOLD","PENDING_PARSE_AND_QA","gp3","0","0","LANGUAGE_UNVERIFIED","0","NO","NO","","English lyrics not established from available text | No usable chord symbols in extracted sheet | Tab-only or empty extracted sheet","820bdbd0f30f0f9ce423d9b2badab11b495b933a401c624cc162772d7e588777","GuitarPro_Tabs/Smashing Pumpkins - F k You (An Ode To No-One).gp3"
"1830","The Smashing Pumpkins","Farewell and Goodnight","TAB_ONLY_OR_EMPTY","HOLD","PENDING_PARSE_AND_QA","gp3","0","0","LANGUAGE_UNVERIFIED","0","NO","NO","","English lyrics not established from available text | No usable chord symbols in extracted sheet | Tab-only or empty extracted sheet","a69fcf6fd49a67671d5e639ede42ae223650a9181df6075c0e6bfe3ba94c6891","GuitarPro_Tabs/Smashing Pumpkins - Farewell and Goodnight.gp3"
"1831","The Smashing Pumpkins","Fuck You(An Ode To No One)","TAB_ONLY_OR_EMPTY","HOLD","PENDING_PARSE_AND_QA","gp3","0","0","LANGUAGE_UNVERIFIED","0","NO","NO","","English lyrics not established from available text | No usable chord symbols in extracted sheet | Tab-only or empty extracted sheet","2b25a1b0bbde84337bca9c168832241dc73dc99598a18bf9d9d067057f2d7ee1","GuitarPro_Tabs/Smashing Pumpkins - Fuck You(An Ode To No One).gp3"
"1832","The Smashing Pumpkins","Galapogos","TAB_ONLY_OR_EMPTY","HOLD","PENDING_PARSE_AND_QA","gp3","0","0","LANGUAGE_UNVERIFIED","0","NO","NO","","English lyrics not established from available text | No usable chord symbols in extracted sheet | Tab-only or empty extracted sheet","3c1aefeac9714b14fb1d7c2f36d3b5cfd6e5c4249b8effcf7e9f78c650590419","GuitarPro_Tabs/Smashing Pumpkins - Galapogos.gp3"
"1833","The Smashing Pumpkins","Geek U.S.A.","TAB_ONLY_OR_EMPTY","HOLD","UNAVAILABLE_SOURCE","gp3","0","3","LANGUAGE_UNVERIFIED","0","NO","NO","","English lyrics not established from available text | No usable chord symbols in extracted sheet","c091f6a7bf9f8581f4c7cadb67715f59c27af1e7d779d5a9d39b0dc97a1527bb","GuitarPro_Tabs/Smashing Pumpkins - Geek U.S.A. (2).gp3"
"1834","The Smashing Pumpkins","Glass ' Theme","TAB_ONLY_OR_EMPTY","HOLD","PENDING_PARSE_AND_QA","gp3","0","0","LANGUAGE_UNVERIFIED","0","NO","NO","","English lyrics not established from available text | No usable chord symbols in extracted sheet | Tab-only or empty extracted sheet","baffe9567c1e56c757b54b3440b55286371641e3308a705baa38f6243d93dbad","GuitarPro_Tabs/Smashing Pumpkins - Glass ' Theme.gp3"
"1835","The Smashing Pumpkins","Heavy Metal Machine (live@Musiqueplus)","TAB_ONLY_OR_EMPTY","HOLD","UNAVAILABLE_SOURCE","gp3","0","116","ENGLISH_TEXT_CHECK_PASS","0","NO","NO","","No usable chord symbols in extracted sheet","6fac2ad20c7e5b846c6f893a1b24c5f4f71b2d021a869298408151dee2e5e701","GuitarPro_Tabs/Smashing Pumpkins - Heavy Metal Machine (Live@MusiquePlus-2000 03 10).gp3"
"1836","The Smashing Pumpkins","Hello Kitty Kat","TAB_ONLY_OR_EMPTY","HOLD","PENDING_PARSE_AND_QA","gp3","0","0","LANGUAGE_UNVERIFIED","0","NO","NO","","English lyrics not established from available text | No usable chord symbols in extracted sheet | Tab-only or empty extracted sheet","d78b801684c65d155bf556363c99bf9197e27a6f9e151aa9de34acdd608e0e26","GuitarPro_Tabs/Smashing Pumpkins - Hello Kitty Kat.gp3"
"1837","The Smashing Pumpkins","here is no why","REVIEWABLE_CHORD_SHEET","REVIEWABLE","PENDING_PARSE_AND_QA","gpx","7","204","ENGLISH_TEXT_CHECK_PASS","0","NO","YES","","","99cc1731a7dce8837e6ca79244a92a03eb79976d050857864d2c5023923b9209","Ultimate Guitar com PRO Tabs Site Rip GPX/t/the_smashing_pumpkins_504/the-smashing-pumpkins_here-is-no-why-official-3605636.gpx"
"1838","The Smashing Pumpkins","I 'm Going Crazy","TAB_ONLY_OR_EMPTY","HOLD","PENDING_PARSE_AND_QA","gp3","0","0","LANGUAGE_UNVERIFIED","0","NO","NO","","English lyrics not established from available text | No usable chord symbols in extracted sheet | Tab-only or empty extracted sheet","74be1e200b24d18c1041253759d1eef9fb3b6062dd2be8d442b83de4a72ec470","GuitarPro_Tabs/Smashing Pumpkins - I 'm Going Crazy.gp3"
"1839","The Smashing Pumpkins","I Am One (2)","TAB_ONLY_OR_EMPTY","HOLD","PENDING_PARSE_AND_QA","gp3","3","0","LANGUAGE_UNVERIFIED","0","NO","NO","F#5 | A5 | B5","English lyrics not established from available text | Locked renderer has no chord shape for: F#5, A5, B5 | Tab-only or empty extracted sheet","fdb4f1a1fd917605859157393cb47c4bd854c895b40953d6b959a8cb8c6c579a","GuitarPro_Tabs/Smashing Pumpkins - I Am One (2).gp3"
"1840","The Smashing Pumpkins","I of the Mourning","TAB_ONLY_OR_EMPTY","HOLD","PENDING_PARSE_AND_QA","gp3","0","0","LANGUAGE_UNVERIFIED","0","NO","NO","","English lyrics not established from available text | No usable chord symbols in extracted sheet | Tab-only or empty extracted sheet","b73d44a9f90dae0c0e15c4db8c893d9ac9058ae9b79871bf5366d4d3281b9a08","GuitarPro_Tabs/Smashing Pumpkins - I of the Mourning.gp3"
"1841","The Smashing Pumpkins","Jellybelly (2)","TAB_ONLY_OR_EMPTY","HOLD","PENDING_PARSE_AND_QA","gp3","0","0","LANGUAGE_UNVERIFIED","0","NO","NO","","English lyrics not established from available text | No usable chord symbols in extracted sheet | Tab-only or empty extracted sheet","ca41a6bc2a957bab0924bebf230f6e5c73c7e7c03d8df9f652c26be9620a0fb2","GuitarPro_Tabs/Smashing Pumpkins - Jellybelly (2).gp3"
"1842","The Smashing Pumpkins","Lily (my one and only)","TAB_ONLY_OR_EMPTY","HOLD","PENDING_PARSE_AND_QA","gp3","0","0","LANGUAGE_UNVERIFIED","0","NO","NO","","English lyrics not established from available text | No usable chord symbols in extracted sheet | Tab-only or empty extracted sheet","5f4714e491462c3a791e80f9bd98e806a35df1328abc230d6f8c488cb6bf8d6c","GuitarPro_Tabs/Smashing Pumpkins - Lily (my one and only).gp3"
"1843","The Smashing Pumpkins","Love","TAB_ONLY_OR_EMPTY","HOLD","PENDING_PARSE_AND_QA","gp3","0","0","LANGUAGE_UNVERIFIED","0","NO","NO","","Similar proposed title also exists in this queue; choose at most one after identity review. | English lyrics not established from available text | No usable chord symbols in extracted sheet | Tab-only or empty extracted sheet","da6208461d5691cde331659413ce3e429d1dd6294541d2857ce4117a274c708b","GuitarPro_Tabs/Smashing Pumpkins - Love.gp3"
"1844","The Smashing Pumpkins","Love (solo)","TAB_ONLY_OR_EMPTY","HOLD","PENDING_PARSE_AND_QA","gp3","0","0","LANGUAGE_UNVERIFIED","0","NO","NO","","May be a medley, fragment or exercise; full-song identity needs confirmation. | Similar proposed title also exists in this queue; choose at most one after identity review. | English lyrics not established from available text | No usable chord symbols in extracted sheet | Tab-only or empty extracted sheet","d98cbdf7a2c02492a375f96f911b9b933c44f3a4f9902961d258a03ac3def0dc","GuitarPro_Tabs/Smashing Pumpkins - Love (solo).gp3"
"1845","The Smashing Pumpkins","Marquis In Spades","TAB_ONLY_OR_EMPTY","HOLD","PENDING_PARSE_AND_QA","gp3","0","0","LANGUAGE_UNVERIFIED","0","NO","NO","","English lyrics not established from available text | No usable chord symbols in extracted sheet | Tab-only or empty extracted sheet","8268c9eb87448f7b13730e83b1691b26058ab138250fe7cc0c9b8bd9beeebd02","GuitarPro_Tabs/Smashing Pumpkins - Marquis In Spades.gp3"
"1846","The Smashing Pumpkins","mayonaise","TRANSPOSE_FAILURE","HOLD","PENDING_PARSE_AND_QA","gpx","9","247","ENGLISH_TEXT_CHECK_PASS","23","YES","YES","","Exact locked transposer fails required round-trip or slash-bass preservation","d72c5a40e841a5e0c2c704758b3d522b447a5211f0d399467c05d4d53667aae3","Ultimate Guitar com PRO Tabs Site Rip GPX/t/the_smashing_pumpkins_504/the-smashing-pumpkins_mayonaise-official-2591178.gpx"
"1847","The Smashing Pumpkins","Mellon Collie And The Infinite Sadness (2)","TAB_ONLY_OR_EMPTY","HOLD","PENDING_PARSE_AND_QA","gp3","0","0","LANGUAGE_UNVERIFIED","0","NO","NO","","English lyrics not established from available text | No usable chord symbols in extracted sheet | Tab-only or empty extracted sheet","7a3e43f46f0a54cb56cd7aa4dce35bd351de596543fdeb9e9c872605b8f2f3ce","GuitarPro_Tabs/Smashing Pumpkins - Mellon Collie And The Infinite Sadness (2).gp3"
"1848","The Smashing Pumpkins","Mellon Collie Reprise","TAB_ONLY_OR_EMPTY","HOLD","PENDING_PARSE_AND_QA","gp3","0","0","LANGUAGE_UNVERIFIED","0","NO","NO","","English lyrics not established from available text | No usable chord symbols in extracted sheet | Tab-only or empty extracted sheet","ddc8caa0c1e100f6ee7ae56dde16b077e95389ce18ccc7cf6f4711d1ae5d0514","GuitarPro_Tabs/Smashing Pumpkins - Mellon Collie Reprise.gp3"
"1849","The Smashing Pumpkins","Perfect","TAB_ONLY_OR_EMPTY","HOLD","PENDING_PARSE_AND_QA","gp3","0","0","LANGUAGE_UNVERIFIED","0","NO","NO","","English lyrics not established from available text | No usable chord symbols in extracted sheet | Tab-only or empty extracted sheet","49d8b32028ce028eb842f68292c2dec6337d716c3d6575da33c1257e85d79bcc","GuitarPro_Tabs/Smashing Pumpkins - Perfect.gp3"
"1850","The Smashing Pumpkins","Pissant","TAB_ONLY_OR_EMPTY","HOLD","PENDING_PARSE_AND_QA","gp3","0","0","LANGUAGE_UNVERIFIED","0","NO","NO","","English lyrics not established from available text | No usable chord symbols in extracted sheet | Tab-only or empty extracted sheet","23696cb4d429e3cb6571e056df11a5cea3c8d10ba1240fcf37282a3cbfa77b3b","GuitarPro_Tabs/Smashing Pumpkins - Pissant.gp3"
"1851","The Smashing Pumpkins","Plume","TAB_ONLY_OR_EMPTY","HOLD","PENDING_PARSE_AND_QA","gp3","0","0","LANGUAGE_UNVERIFIED","0","NO","NO","","English lyrics not established from available text | No usable chord symbols in extracted sheet | Tab-only or empty extracted sheet","d684c0af44f382a6ad7ca116ddaacc001f1d6308fb2e3631e5dd048355b51ce6","GuitarPro_Tabs/Smashing Pumpkins - Plume.gp3"
"1852","The Smashing Pumpkins","Porcelina of the Vast Oceans (2)","TAB_ONLY_OR_EMPTY","HOLD","PENDING_PARSE_AND_QA","gp3","0","0","LANGUAGE_UNVERIFIED","0","NO","NO","","English lyrics not established from available text | No usable chord symbols in extracted sheet | Tab-only or empty extracted sheet","7e09c66734febf6aa72879db01a46269633aef16a398ca48c815edaf45ee0f13","GuitarPro_Tabs/Smashing Pumpkins - Porcelina of the Vast Oceans (2).gp3"
"1853","The Smashing Pumpkins","Quiet","TAB_ONLY_OR_EMPTY","HOLD","PENDING_PARSE_AND_QA","gp3","0","0","LANGUAGE_UNVERIFIED","0","NO","NO","","English lyrics not established from available text | No usable chord symbols in extracted sheet | Tab-only or empty extracted sheet","4c6db964bdead5656aaf034506f89a0a9c3c5de0716d90296838ef4544e637c0","GuitarPro_Tabs/Smashing Pumpkins - Quiet.gp3"
"1854","The Smashing Pumpkins","Silverfuck","TAB_ONLY_OR_EMPTY","HOLD","PENDING_PARSE_AND_QA","gp3","0","0","LANGUAGE_UNVERIFIED","0","NO","NO","","English lyrics not established from available text | No usable chord symbols in extracted sheet | Tab-only or empty extracted sheet","5d7260a811915c278817b8d525bc8dcda3033e0b604e156becf8eca1df66cfb8","GuitarPro_Tabs/Smashing Pumpkins - Silverfuck.gp3"
"1855","The Smashing Pumpkins","Sinfony","TAB_ONLY_OR_EMPTY","HOLD","PENDING_PARSE_AND_QA","gp3","0","0","LANGUAGE_UNVERIFIED","0","NO","NO","","English lyrics not established from available text | No usable chord symbols in extracted sheet | Tab-only or empty extracted sheet","23d74f54f078d85dc36ac61d381742a60764b93a0a18338415e254ab62a8f9e3","GuitarPro_Tabs/Smashing Pumpkins - Sinfony.gp3"
"1856","The Smashing Pumpkins","Siva","TAB_ONLY_OR_EMPTY","HOLD","PENDING_PARSE_AND_QA","gp3","0","0","LANGUAGE_UNVERIFIED","0","NO","NO","","English lyrics not established from available text | No usable chord symbols in extracted sheet | Tab-only or empty extracted sheet","830216058a36385801a9faac289b900888428d977860affcb4f670161e16a6c3","GuitarPro_Tabs/Smashing Pumpkins - Siva.gp3"
"1857","The Smashing Pumpkins","Slunk","TAB_ONLY_OR_EMPTY","HOLD","PENDING_PARSE_AND_QA","gp3","0","0","LANGUAGE_UNVERIFIED","0","NO","NO","","English lyrics not established from available text | No usable chord symbols in extracted sheet | Tab-only or empty extracted sheet","bda833de8f3dfbae49e13fe9577fbec3aa8354c2cebefe67427f4b94099b1429","GuitarPro_Tabs/Smashing Pumpkins - Slunk.gp3"
"1858","The Smashing Pumpkins","solara","REVIEWABLE_CHORD_SHEET","REVIEWABLE","PENDING_PARSE_AND_QA","gpx","7","307","ENGLISH_TEXT_CHECK_PASS","0","NO","NO","","","d84aa03a6319a89fec576feb6d0c0e5877f84fd93f780db48e5e270e2536784b","Ultimate Guitar com PRO Tabs Site Rip GPX/t/the_smashing_pumpkins_504/the-smashing-pumpkins_solara-official-2523981.gpx"
"1859","The Smashing Pumpkins","Soothe (2)","TAB_ONLY_OR_EMPTY","HOLD","PENDING_PARSE_AND_QA","gp3","0","0","LANGUAGE_UNVERIFIED","0","NO","NO","","English lyrics not established from available text | No usable chord symbols in extracted sheet | Tab-only or empty extracted sheet","f6e131c9f63f924300baa672a75c84986765bfbd62dcee51c465d8dce334cf97","GuitarPro_Tabs/Smashing Pumpkins - Soothe (2).gp3"
"1860","The Smashing Pumpkins","Starla","TAB_ONLY_OR_EMPTY","HOLD","PENDING_PARSE_AND_QA","gp3","0","0","LANGUAGE_UNVERIFIED","0","NO","NO","","English lyrics not established from available text | No usable chord symbols in extracted sheet | Tab-only or empty extracted sheet","d94a2f3806d3613080d5786db273b8901f799251aa1daade087c273a6681fc83","GuitarPro_Tabs/Smashing Pumpkins - Starla.gp3"
"1861","The Smashing Pumpkins","Stumbiliene","TAB_ONLY_OR_EMPTY","HOLD","PENDING_PARSE_AND_QA","gp3","0","0","LANGUAGE_UNVERIFIED","0","NO","NO","","English lyrics not established from available text | No usable chord symbols in extracted sheet | Tab-only or empty extracted sheet","bee20234ed680a8d5891103788b911da8ec077cc3d7ad3840929ab64a704de61","GuitarPro_Tabs/Smashing Pumpkins - Stumbiliene.gp3"
"1862","The Smashing Pumpkins","Sweet Sweet","TAB_ONLY_OR_EMPTY","HOLD","UNAVAILABLE_SOURCE","gp3","0","79","ENGLISH_TEXT_CHECK_PASS","0","NO","NO","","No usable chord symbols in extracted sheet","8b5e95d82de443c113f3ffa652e8661be352b048dd9adfe2f2321401a132ae48","GuitarPro_Tabs/Smashing Pumpkins - Sweet Sweet.gp3"
"1863","The Smashing Pumpkins","Take Me Down","TAB_ONLY_OR_EMPTY","HOLD","PENDING_PARSE_AND_QA","gp3","0","0","LANGUAGE_UNVERIFIED","0","NO","NO","","English lyrics not established from available text | No usable chord symbols in extracted sheet | Tab-only or empty extracted sheet","0cb6df863dbdd3de46b8547b34017a86bf56b59cc5b0e58dda8b28915e5b4a27","GuitarPro_Tabs/Smashing Pumpkins - Take Me Down.gp3"
"1864","The Smashing Pumpkins","Tales From A Scorched Earth","TAB_ONLY_OR_EMPTY","HOLD","PENDING_PARSE_AND_QA","gp3","0","0","LANGUAGE_UNVERIFIED","0","NO","NO","","English lyrics not established from available text | No usable chord symbols in extracted sheet | Tab-only or empty extracted sheet","9452354ff1bfc3924b689c2bea366a01ae8c78fde1858f856484797dbe22ace1","GuitarPro_Tabs/Smashing Pumpkins - Tales From A Scorched Earth.gp3"
"1865","The Smashing Pumpkins","Tear","TAB_ONLY_OR_EMPTY","HOLD","PENDING_PARSE_AND_QA","gp3","1","0","LANGUAGE_UNVERIFIED","0","NO","YES","","English lyrics not established from available text | Tab-only or empty extracted sheet","265177b571710d16d5c9764105ffe22392267c134071bd3a0f2c4575c470587f","GuitarPro_Tabs/Smashing Pumpkins - Tear.gp3"
"1866","The Smashing Pumpkins","The End is the Beginning is the End","TAB_ONLY_OR_EMPTY","HOLD","PENDING_PARSE_AND_QA","gp3","0","0","LANGUAGE_UNVERIFIED","0","NO","NO","","English lyrics not established from available text | No usable chord symbols in extracted sheet | Tab-only or empty extracted sheet","2fb0661846c4813f685a088d54d8bfec42f50c1d7455f7e84f4af2f232955957","GuitarPro_Tabs/Smashing Pumpkins - The End is the Beginning is the End.gp3"
"1867","The Smashing Pumpkins","The Everlasting Gaze","TAB_ONLY_OR_EMPTY","HOLD","PENDING_PARSE_AND_QA","gp3","0","0","LANGUAGE_UNVERIFIED","0","NO","NO","","English lyrics not established from available text | No usable chord symbols in extracted sheet | Tab-only or empty extracted sheet","011c03d239e0865475e159cf5a5607054557a3a922223f52be22f45423345556","GuitarPro_Tabs/Smashing Pumpkins - The Everlasting Gaze.gp3"
"1868","The Smashing Pumpkins","Thirty-Three","TAB_ONLY_OR_EMPTY","HOLD","PENDING_PARSE_AND_QA","gp3","0","0","LANGUAGE_UNVERIFIED","0","NO","NO","","English lyrics not established from available text | No usable chord symbols in extracted sheet | Tab-only or empty extracted sheet","1b08c2d3803d43c6f93dab54b07e3a08deabdba08a50f4713ef3bbaf226ff1d3","GuitarPro_Tabs/Smashing Pumpkins - Thirty-Three.gp3"
"1869","The Smashing Pumpkins","Thru the Eyes of Ruby (2)","TAB_ONLY_OR_EMPTY","HOLD","PENDING_PARSE_AND_QA","gp3","0","0","LANGUAGE_UNVERIFIED","0","NO","NO","","English lyrics not established from available text | No usable chord symbols in extracted sheet | Tab-only or empty extracted sheet","70762a9a5a516a0c8830b6322a16f832a06b6ebfecb9bc23790f35472f43938d","GuitarPro_Tabs/Smashing Pumpkins - Thru the Eyes of Ruby (2).gp3"
"1870","The Smashing Pumpkins","To Forgive","TAB_ONLY_OR_EMPTY","HOLD","PENDING_PARSE_AND_QA","gp3","0","0","LANGUAGE_UNVERIFIED","0","NO","NO","","English lyrics not established from available text | No usable chord symbols in extracted sheet | Tab-only or empty extracted sheet","bf169295c77ed1e5b795fe6ec3637f534304c15dcb9868ecafa0b963b742d40e","GuitarPro_Tabs/Smashing Pumpkins - To Forgive.gp3"
"1871","The Smashing Pumpkins","To Sheila (2)","TAB_ONLY_OR_EMPTY","HOLD","PENDING_PARSE_AND_QA","gp4","0","0","LANGUAGE_UNVERIFIED","0","NO","NO","","English lyrics not established from available text | No usable chord symbols in extracted sheet | Tab-only or empty extracted sheet","dbd36d968ce0eb90c6fe16c56d7d01a53f348146c0f6fd20ce96052298dfb742","GuitarPro_Tabs/Smashing Pumpkins - To Sheila (2).gp4"
"1872","The Smashing Pumpkins","Tribute To Johnny","TAB_ONLY_OR_EMPTY","HOLD","PENDING_PARSE_AND_QA","gp3","0","0","LANGUAGE_UNVERIFIED","0","NO","NO","","English lyrics not established from available text | No usable chord symbols in extracted sheet | Tab-only or empty extracted sheet","a91cf1daa0dddfe6f175202d4123c8778abc86db7f54c5b425b3b94e376de540","GuitarPro_Tabs/Smashing Pumpkins - Tribute To Johnny.gp3"
"1873","The Smashing Pumpkins","Tristessa","TAB_ONLY_OR_EMPTY","HOLD","PENDING_PARSE_AND_QA","gp3","0","0","LANGUAGE_UNVERIFIED","0","NO","NO","","English lyrics not established from available text | No usable chord symbols in extracted sheet | Tab-only or empty extracted sheet","b5f384856139cf6f0546582412cb19ed6827c3d1d3f8370e0c03b1b6d7c7bc46","GuitarPro_Tabs/Smashing Pumpkins - Tristessa.gp3"
"1874","The Smashing Pumpkins","Untitled","TAB_ONLY_OR_EMPTY","HOLD","PENDING_PARSE_AND_QA","gp3","0","0","LANGUAGE_UNVERIFIED","0","NO","NO","","Parsed title disagrees with proposal title | English lyrics not established from available text | No usable chord symbols in extracted sheet | Tab-only or empty extracted sheet","9a3d5ff5afbe38775be7a17b88d4751d14547e70bae74f15e7b3de3fcd1503e3","GuitarPro_Tabs/Smashing Pumpkins - Untitled.gp3"
"1875","The Smashing Pumpkins","We Only Come Out At Night","TAB_ONLY_OR_EMPTY","HOLD","PENDING_PARSE_AND_QA","gp3","7","0","LANGUAGE_UNVERIFIED","0","NO","YES","","English lyrics not established from available text | Tab-only or empty extracted sheet","0e52521df8b45908824b45864a3721a84539b9ac93bd835ac9c54ce20191e5c2","GuitarPro_Tabs/Smashing Pumpkins - We Only Come Out At Night.gp3"
"1876","The Smashing Pumpkins","Where Boys Fear To Tread","TAB_ONLY_OR_EMPTY","HOLD","PENDING_PARSE_AND_QA","gp3","0","0","LANGUAGE_UNVERIFIED","0","NO","NO","","English lyrics not established from available text | No usable chord symbols in extracted sheet | Tab-only or empty extracted sheet","739a21fd2ac32ef3e4ead903a71d9eb22ec5dffd8c037b30fdd145fbd32bc00f","GuitarPro_Tabs/Smashing Pumpkins - Where Boys Fear To Tread.gp3"
"1877","The Smashing Pumpkins","Window Paine","TAB_ONLY_OR_EMPTY","HOLD","PENDING_PARSE_AND_QA","gp3","0","0","LANGUAGE_UNVERIFIED","0","NO","NO","","English lyrics not established from available text | No usable chord symbols in extracted sheet | Tab-only or empty extracted sheet","dc8055ca28e227af1da02ac43a6f7de371ff97065572187398ee067178e934bd","GuitarPro_Tabs/Smashing Pumpkins - Window Paine.gp3"
"1878","The Smashing Pumpkins","X.Y.U.","TAB_ONLY_OR_EMPTY","HOLD","PENDING_PARSE_AND_QA","gp3","0","0","LANGUAGE_UNVERIFIED","0","NO","NO","","English lyrics not established from available text | No usable chord symbols in extracted sheet | Tab-only or empty extracted sheet","9dd6ef754565cded77a552aa4ea616d7ce2e605112937c9fef950e8493a54ca7","GuitarPro_Tabs/Smashing Pumpkins - X.Y.U..gp3"
"1879","The Smashing Pumpkins","You 're All I 've Got Tonight","TAB_ONLY_OR_EMPTY","HOLD","PENDING_PARSE_AND_QA","gp3","5","0","LANGUAGE_UNVERIFIED","22","NO","NO","","English lyrics not established from available text | Tab-only or empty extracted sheet | Exact locked transposer fails required round-trip or slash-bass preservation","427ff2b52e0d0c77bfeceb508885a1d40f28b8eb8b3320667e4eec5ee4154945","GuitarPro_Tabs/Smashing Pumpkins - You 're All I 've Got Tonight.gp3"
"1880","The Stooges","tv eye","REVIEWABLE_CHORD_SHEET","REVIEWABLE","PENDING_PARSE_AND_QA","gpx","2","164","ENGLISH_TEXT_CHECK_PASS","0","NO","NO","","","c933d4579e9c7172e918f9900a03f97ed7d0660d951cf5010babd78a6ab5f7b0","Ultimate Guitar com PRO Tabs Site Rip GPX/t/the_stooges_20386/the-stooges_tv-eye-official-2085281.gpx"
"1881","The Strokes","at the door","REVIEWABLE_CHORD_SHEET","REVIEWABLE","PENDING_PARSE_AND_QA","gpx","10","275","ENGLISH_TEXT_CHECK_PASS","0","YES","YES","","","00253649bda5e94cf17e4ddfd527dfd96f55a70e7fea40bce44dca1a60d8c082","Ultimate Guitar com PRO Tabs Site Rip GPX/t/the_strokes_2240/the-strokes_at-the-door-official-3169412.gpx"
"1882","The Strokes","call it fate call it karma","REVIEWABLE_CHORD_SHEET","REVIEWABLE","PENDING_PARSE_AND_QA","gpx","7","173","ENGLISH_TEXT_CHECK_PASS","0","NO","YES","","","a9f180b7b4ee447f126df16a3de6e3e2a0bda31073278607a44be9a6d9ec396a","Ultimate Guitar com PRO Tabs Site Rip GPX/t/the_strokes_2240/the-strokes_call-it-fate-call-it-karma-official-3427202.gpx"
"1883","The Strokes","hard to explain","TRANSPOSE_FAILURE","HOLD","PENDING_PARSE_AND_QA","gpx","7","281","ENGLISH_TEXT_CHECK_PASS","23","NO","YES","","Exact locked transposer fails required round-trip or slash-bass preservation","cda527f60441752966a2c38a9f47cd02d02c952876edbb62185ddf11052f4607","Ultimate Guitar com PRO Tabs Site Rip GPX/t/the_strokes_2240/the-strokes_hard-to-explain-official-1956609.gpx"
"1884","The Strokes","heart in a cage","TRANSPOSE_FAILURE","HOLD","PENDING_PARSE_AND_QA","gpx","8","216","ENGLISH_TEXT_CHECK_PASS","46","NO","YES","","Exact locked transposer fails required round-trip or slash-bass preservation","9a87a42648e736d249fe7cff658b4472e4ae8203e15167283609b6f8d53e7504","Ultimate Guitar com PRO Tabs Site Rip GPX/t/the_strokes_2240/the-strokes_heart-in-a-cage-official-1963639.gpx"
"1885","The Strokes","New York City Cops Live","EXISTING_DUPLICATE","EXISTING","PENDING_PARSE_AND_QA","gp3","1","0","LANGUAGE_UNVERIFIED","0","NO","NO","","Existing artist/song or title variant — leave current song unchanged | Possible existing song or alternate title: The Strokes — New York City Cops | English lyrics not established from available text | Tab-only or empty extracted sheet","104d7a702bac568427ec8f4c4913c3eb1d7f1fbdb66fddcaa8b7298cc9692b8b","GuitarPro_Tabs/Strokes (The) - New York City Cops Live.gp3"
"1886","The Strokes","the adults are talking","REVIEWABLE_CHORD_SHEET","REVIEWABLE","PENDING_PARSE_AND_QA","gpx","5","378","ENGLISH_TEXT_CHECK_PASS","0","NO","NO","","","e528e7d8bbd660fffa1e91d94ddc56c8f104dc6fd8d9cbed3a99782c5843047e","Ultimate Guitar com PRO Tabs Site Rip GPX/t/the_strokes_2240/the-strokes_the-adults-are-talking-official-3135221.gpx"
"1887","The Strokes","threat of joy","TRANSPOSE_FAILURE","HOLD","PENDING_PARSE_AND_QA","gpx","12","307","ENGLISH_TEXT_CHECK_PASS","46","YES","YES","","Exact locked transposer fails required round-trip or slash-bass preservation","8166d2d1f150b259227ae5d879c4261586cbe2f612e582c1a3ce56b4529c3512","Ultimate Guitar com PRO Tabs Site Rip GPX/t/the_strokes_2240/the-strokes_threat-of-joy-official-2605965.gpx"
"1888","The Strokes","vision of division","REVIEWABLE_CHORD_SHEET","REVIEWABLE","PENDING_PARSE_AND_QA","gpx","9","239","ENGLISH_TEXT_CHECK_PASS","0","YES","NO","","","fc264c2cc2bb913a3b97ca1e87054090126bb5b028dcee70e4b8c86d1e4288b5","Ultimate Guitar com PRO Tabs Site Rip GPX/t/the_strokes_2240/the-strokes_vision-of-division-official-1966505.gpx"
"1889","The Supremes","you cant hurry love","REVIEWABLE_CHORD_SHEET","REVIEWABLE","PENDING_PARSE_AND_QA","gpx","5","355","ENGLISH_TEXT_CHECK_PASS","0","NO","NO","","","5a1c99863e719c751529ee9bb4dbbbb156467eef716fb04eaef77a412590b614","Ultimate Guitar com PRO Tabs Site Rip GPX/t/the_supremes_7175/the-supremes_you-cant-hurry-love-official-3611780.gpx"
"1890","The Temptations","papa was a rollin stone","REVIEWABLE_CHORD_SHEET","REVIEWABLE","PENDING_PARSE_AND_QA","gpx","1","470","ENGLISH_TEXT_CHECK_PASS","0","NO","NO","","","c2b851204d10176ed3b55779a70923120dad34c4d987804b58cbd2f92ed1aa6b","Ultimate Guitar com PRO Tabs Site Rip GPX/t/the_temptations_205/the-temptations_papa-was-a-rollin-stone-official-2293753.gpx"
"1891","The Undertones","boys will be boys","REVIEWABLE_CHORD_SHEET","REVIEWABLE","PENDING_PARSE_AND_QA","gpx","6","139","ENGLISH_TEXT_CHECK_PASS","0","NO","NO","","","9260e82c77fa39c613b47acde53eba4ce7a20acb786bab65d4e2597e0fd2652d","Ultimate Guitar com PRO Tabs Site Rip GPX/t/the_undertones_128/the-undertones_boys-will-be-boys-official-2082363.gpx"
"1892","The Undertones","casbah rock","REVIEWABLE_CHORD_SHEET","REVIEWABLE","PENDING_PARSE_AND_QA","gpx","3","60","ENGLISH_TEXT_CHECK_PASS","0","NO","NO","","","56ac528f416bdbd9d8406e719842203761165d5974af24ea06c74c5d2f11a9f6","Ultimate Guitar com PRO Tabs Site Rip GPX/t/the_undertones_128/the-undertones_casbah-rock-official-2082747.gpx"
"1893","The Undertones","emergency cases","LANGUAGE_UNVERIFIED","HOLD","PENDING_PARSE_AND_QA","gpx","4","180","LANGUAGE_UNVERIFIED","0","NO","NO","","English lyrics not established from available text","c762c82f48a1568cf5a69e36be616686a76f278f65056a79d16fcbb9f58c893d","Ultimate Guitar com PRO Tabs Site Rip GPX/t/the_undertones_128/the-undertones_emergency-cases-official-2083549.gpx"
"1894","The Undertones","here comes the summer","TRANSPOSE_FAILURE","HOLD","PENDING_PARSE_AND_QA","gpx","7","230","ENGLISH_TEXT_CHECK_PASS","22","NO","NO","","Exact locked transposer fails required round-trip or slash-bass preservation","08d8e8d7edaf1d4e8d425f2702ab0459f478189725a818e14261c838de969081","Ultimate Guitar com PRO Tabs Site Rip GPX/t/the_undertones_128/the-undertones_here-comes-the-summer-official-2081873.gpx"
"1895","The Undertones","mars bars","TRANSPOSE_FAILURE","HOLD","PENDING_PARSE_AND_QA","gpx","8","344","ENGLISH_TEXT_CHECK_PASS","22","NO","NO","","Exact locked transposer fails required round-trip or slash-bass preservation","6b296fce2ab2a8bfe6a23e9c4cebbda49e4955b38f99021c9e45a1b7d9051e0d","Ultimate Guitar com PRO Tabs Site Rip GPX/t/the_undertones_128/the-undertones_mars-bars-official-2522346.gpx"
"1896","The Undertones","true confessions","REVIEWABLE_CHORD_SHEET","REVIEWABLE","PENDING_PARSE_AND_QA","gpx","3","228","ENGLISH_TEXT_CHECK_PASS","0","NO","NO","","","28a39f486cdc75c0a1d5ea594bddee6024ae2dff812b9b2fe72f1fec40fc65fb","Ultimate Guitar com PRO Tabs Site Rip GPX/t/the_undertones_128/the-undertones_true-confessions-official-2084569.gpx"
"1897","The Undertones","wrong way","REVIEWABLE_CHORD_SHEET","REVIEWABLE","PENDING_PARSE_AND_QA","gpx","4","118","ENGLISH_TEXT_CHECK_PASS","0","NO","NO","","","29a474f7bbb53afa91e16727d6e8d0e9e1cdf628e0f203d631e09c3b78ec676e","Ultimate Guitar com PRO Tabs Site Rip GPX/t/the_undertones_128/the-undertones_wrong-way-official-2082845.gpx"
"1898","The Ventures","apache","TAB_ONLY_OR_EMPTY","HOLD","PENDING_PARSE_AND_QA","gpx","8","0","LANGUAGE_UNVERIFIED","0","NO","NO","","English lyrics not established from available text | Tab-only or empty extracted sheet","129da82c4255c5cd6729c5985e28b9e887a006a635872cad045ccd4e20ecdf0b","Ultimate Guitar com PRO Tabs Site Rip GPX/t/the_ventures_3486/the-ventures_apache-official-2100667.gpx"
"1899","The Ventures","blue moon","TAB_ONLY_OR_EMPTY","HOLD","PENDING_PARSE_AND_QA","gpx","14","0","LANGUAGE_UNVERIFIED","132","YES","NO","","English lyrics not established from available text | Tab-only or empty extracted sheet | Exact locked transposer fails required round-trip or slash-bass preservation","a651a30e1297ca1c3b21ce9a969099269073b130d21b88e6271d2efb2e9a8b8d","Ultimate Guitar com PRO Tabs Site Rip GPX/t/the_ventures_3486/the-ventures_blue-moon-official-2231419.gpx"
"1900","The Ventures","diamond head","TAB_ONLY_OR_EMPTY","HOLD","PENDING_PARSE_AND_QA","gpx","6","0","LANGUAGE_UNVERIFIED","0","NO","NO","","English lyrics not established from available text | Tab-only or empty extracted sheet","951ecb82f90ff29eca025698367294418314336ff88e507691e2baa2dd2d8699","Ultimate Guitar com PRO Tabs Site Rip GPX/t/the_ventures_3486/the-ventures_diamond-head-official-2172527.gpx"
"1901","The Ventures","ghost riders in the sky","TAB_ONLY_OR_EMPTY","HOLD","PENDING_PARSE_AND_QA","gpx","11","0","LANGUAGE_UNVERIFIED","22","YES","YES","","English lyrics not established from available text | Tab-only or empty extracted sheet | Exact locked transposer fails required round-trip or slash-bass preservation","8e9a6b4ddfc64c2ac3799512a4be778b582fa2dd2ca2fec8025cfb48079ce98c","Ultimate Guitar com PRO Tabs Site Rip GPX/t/the_ventures_3486/the-ventures_ghost-riders-in-the-sky-official-2100131.gpx"
"1902","The Ventures","goldfinger","TAB_ONLY_OR_EMPTY","HOLD","PENDING_PARSE_AND_QA","gpx","14","0","LANGUAGE_UNVERIFIED","23","YES","YES","","English lyrics not established from available text | Tab-only or empty extracted sheet | Exact locked transposer fails required round-trip or slash-bass preservation","c8e628fd3e54fdc5b8467f9c97ab3498f0823b551250b304cf092dfb240d5d94","Ultimate Guitar com PRO Tabs Site Rip GPX/t/the_ventures_3486/the-ventures_goldfinger-official-2334353.gpx"
"1903","The Ventures","hawaii five o","TAB_ONLY_OR_EMPTY","HOLD","PENDING_PARSE_AND_QA","gpx","14","0","LANGUAGE_UNVERIFIED","44","YES","YES","","English lyrics not established from available text | Tab-only or empty extracted sheet | Exact locked transposer fails required round-trip or slash-bass preservation","921dd7962a91bcc65d51c3a4c9fda08438eecaa1242b56a308f75384629e01ec","Ultimate Guitar com PRO Tabs Site Rip GPX/t/the_ventures_3486/the-ventures_hawaii-five-o-official-2101967.gpx"
"1904","The Ventures","morgen","TAB_ONLY_OR_EMPTY","HOLD","PENDING_PARSE_AND_QA","gpx","7","0","LANGUAGE_UNVERIFIED","0","NO","NO","","English lyrics not established from available text | Tab-only or empty extracted sheet","014c26c8ca8ffb1148a0966516aba3fda4d3f932e5c8a96e73e60e643a9caecf","Ultimate Guitar com PRO Tabs Site Rip GPX/t/the_ventures_3486/the-ventures_morgen-official-2227525.gpx"
"1905","The Ventures","perfidia","TAB_ONLY_OR_EMPTY","HOLD","PENDING_PARSE_AND_QA","gpx","12","0","LANGUAGE_UNVERIFIED","0","YES","NO","","English lyrics not established from available text | Tab-only or empty extracted sheet","69e21225b82eb38aabf1dd9ba0d258ea9eebb5a7d356022190f9e7b208cf2bb8","Ultimate Guitar com PRO Tabs Site Rip GPX/t/the_ventures_3486/the-ventures_perfidia-official-2259751.gpx"
"1906","The Ventures","pipeline","TAB_ONLY_OR_EMPTY","HOLD","PENDING_PARSE_AND_QA","gpx","7","0","LANGUAGE_UNVERIFIED","0","NO","NO","","English lyrics not established from available text | Tab-only or empty extracted sheet","103a269fa502c21e007fda336f04b61219000410f660d5ca62a28609aa5088f0","Ultimate Guitar com PRO Tabs Site Rip GPX/t/the_ventures_3486/the-ventures_pipeline-official-2024105.gpx"
"1907","The Ventures","runaway","TAB_ONLY_OR_EMPTY","HOLD","PENDING_PARSE_AND_QA","gpx","8","0","LANGUAGE_UNVERIFIED","0","NO","NO","","English lyrics not established from available text | Tab-only or empty extracted sheet","0a81cfeb9d9aefbc9ff76b0b10b5836af4270eae944f5d6d1e7a2de0a8f462f3","Ultimate Guitar com PRO Tabs Site Rip GPX/t/the_ventures_3486/the-ventures_runaway-official-2102637.gpx"
"1908","The Ventures","secret agent man","TAB_ONLY_OR_EMPTY","HOLD","PENDING_PARSE_AND_QA","gpx","0","0","LANGUAGE_UNVERIFIED","0","NO","NO","","English lyrics not established from available text | No usable chord symbols in extracted sheet | Tab-only or empty extracted sheet","54443bb66c48122255e99cb8eeee5f4bf73e97872676678c4b8356824b4529af","Ultimate Guitar com PRO Tabs Site Rip GPX/t/the_ventures_3486/the-ventures_secret-agent-man-official-2511213.gpx"
"1909","The Ventures","sunny","TAB_ONLY_OR_EMPTY","HOLD","PENDING_PARSE_AND_QA","gpx","15","0","LANGUAGE_UNVERIFIED","68","YES","YES","","English lyrics not established from available text | Tab-only or empty extracted sheet | Exact locked transposer fails required round-trip or slash-bass preservation","6c040f63b4e23124a65d02f41f29f80a24d30e8a52e994aacb8bdb7eb76a564d","Ultimate Guitar com PRO Tabs Site Rip GPX/t/the_ventures_3486/the-ventures_sunny-official-2334281.gpx"
"1910","The Ventures","the good the bad and the ugly","TAB_ONLY_OR_EMPTY","HOLD","PENDING_PARSE_AND_QA","gpx","17","0","LANGUAGE_UNVERIFIED","88","YES","NO","","English lyrics not established from available text | Tab-only or empty extracted sheet | Exact locked transposer fails required round-trip or slash-bass preservation","8928d8508d4c3e4372596e4223c7765c3715868861e30e15794e72f65ec0510d","Ultimate Guitar com PRO Tabs Site Rip GPX/t/the_ventures_3486/the-ventures_the-good-the-bad-and-the-ugly-official-2099737.gpx"
"1911","The Ventures","walk dont run","TAB_ONLY_OR_EMPTY","HOLD","PENDING_PARSE_AND_QA","gpx","6","0","LANGUAGE_UNVERIFIED","0","NO","NO","","English lyrics not established from available text | Tab-only or empty extracted sheet","0e5eedd86e59c0d879fd9115ee357341dd816c61a3ae153340554bb48fac52e7","Ultimate Guitar com PRO Tabs Site Rip GPX/t/the_ventures_3486/the-ventures_walk-dont-run-official-2023735.gpx"
"1912","The Verve Pipe","the freshmen","TRANSPOSE_FAILURE","HOLD","PENDING_PARSE_AND_QA","gpx","5","445","ENGLISH_TEXT_CHECK_PASS","23","NO","YES","","Exact locked transposer fails required round-trip or slash-bass preservation","335752ae7065f195503152180fd553829d05b7c71e9c4f36c0d47f4ec5750d27","Ultimate Guitar com PRO Tabs Site Rip GPX/t/the_verve_pipe_108/the-verve-pipe_the-freshmen-official-3323231.gpx"
"1913","The Who","baba oriley","REVIEWABLE_CHORD_SHEET","REVIEWABLE","PENDING_PARSE_AND_QA","gpx","4","126","ENGLISH_TEXT_CHECK_PASS","0","NO","NO","","","5ca71a0a0f6973e0c762d1347c35339da3fe10d00e8905c29f654cf9cc4e1e5d","Ultimate Guitar com PRO Tabs Site Rip GPX/t/the_who_60/the-who_baba-oriley-official-2153349.gpx"
"1914","The Who","eminence front","REVIEWABLE_CHORD_SHEET","REVIEWABLE","PENDING_PARSE_AND_QA","gpx","7","303","ENGLISH_TEXT_CHECK_PASS","0","NO","NO","","","22288d30a284f6e49577a3315a8882af83bd7b4b345760a25e789914260d11be","Ultimate Guitar com PRO Tabs Site Rip GPX/t/the_who_60/the-who_eminence-front-official-3051088.gpx"
"1915","The Who","I Can See For Miles","TAB_ONLY_OR_EMPTY","HOLD","PENDING_PARSE_AND_QA","gp3","0","0","LANGUAGE_UNVERIFIED","0","NO","NO","","English lyrics not established from available text | No usable chord symbols in extracted sheet | Tab-only or empty extracted sheet","2ac185003852090c8c3ff64da0f783243159975e90c77120907e2bb2b397c1a8","GuitarPro_Tabs/Who (The) - I Can See For Miles.gp3"
"1916","The Who","Quadrophenia","TAB_ONLY_OR_EMPTY","HOLD","PENDING_PARSE_AND_QA","gp3","0","0","LANGUAGE_UNVERIFIED","0","NO","NO","","Parsed title disagrees with proposal title | English lyrics not established from available text | No usable chord symbols in extracted sheet | Tab-only or empty extracted sheet","803c8e813c443e766512570463a49a9856cfe87948407d96410429131a319779","GuitarPro_Tabs/Who (The) - Quadrophenia.gp3"
"1917","The Who","Summertime Blues","TAB_ONLY_OR_EMPTY","HOLD","PENDING_PARSE_AND_QA","gp4","0","0","LANGUAGE_UNVERIFIED","0","NO","NO","","English lyrics not established from available text | No usable chord symbols in extracted sheet | Tab-only or empty extracted sheet","2335109a1c28b9ca0aa04161f32ec184ee97561bdd30dce2d491cecd203da9fc","GuitarPro_Tabs/Who (The) - Summertime Blues.gp4"
"1918","The Who","The Magic Bus","TAB_ONLY_OR_EMPTY","HOLD","PENDING_PARSE_AND_QA","gp4","0","0","LANGUAGE_UNVERIFIED","0","NO","NO","","English lyrics not established from available text | No usable chord symbols in extracted sheet | Tab-only or empty extracted sheet","600341fe38d2a369fb43c9b3fa8ee4ef629149b98f35379002a750ea08b814c2","GuitarPro_Tabs/Who (The) - The Magic Bus.gp4"
"1919","The Who","The Punk And the Godfather","TAB_ONLY_OR_EMPTY","HOLD","PENDING_PARSE_AND_QA","gp3","6","0","LANGUAGE_UNVERIFIED","0","NO","NO","","English lyrics not established from available text | Tab-only or empty extracted sheet","c3214a144ce357345f7f9368811881bb2ba9eb255d8e819b9aec90e73b743080","GuitarPro_Tabs/Who (The) - The Punk And the Godfather.gp3"
"1920","The Zombies","this will be our year","REVIEWABLE_CHORD_SHEET","REVIEWABLE","PENDING_PARSE_AND_QA","gpx","17","222","ENGLISH_TEXT_CHECK_PASS","0","YES","NO","","","0bf0d8e58c4213e759ff59674719b27126655cb3f38cf74f2a6b35999245659d","Ultimate Guitar com PRO Tabs Site Rip GPX/t/the_zombies_2262/the-zombies_this-will-be-our-year-official-3594818.gpx"
"1921","Tom Petty","you dont know how it feels","TRANSPOSE_FAILURE","HOLD","PENDING_PARSE_AND_QA","gpx","6","235","ENGLISH_TEXT_CHECK_PASS","23","NO","YES","","Exact locked transposer fails required round-trip or slash-bass preservation","297608c1e5ad4d1e7abd3b38312acda6c1cbd678fa79f11394f66298952bced8","Ultimate Guitar com PRO Tabs Site Rip GPX/t/tom_petty_9673/tom-petty_you-dont-know-how-it-feels-official-2835622.gpx"
"1922","Tom Petty and the Heartbreakers","Breakdown","EXISTING_DUPLICATE","EXISTING","SKIPPED_ALREADY_CURRENT","gpx","3","138","ENGLISH_TEXT_CHECK_PASS","0","NO","NO","","Existing artist/song or title variant — leave current song unchanged","848a112a66ea0d8feba9c27eefd3521f37679f7aa2dfe3c8846247374893e50c","Ultimate Guitar com PRO Tabs Site Rip GPX/t/tom_petty_and_the_heartbreakers_30281/tom-petty-and-the-heartbreakers_breakdown-official-2580078.gpx"
"1923","Tom Petty and the Heartbreakers","into the great wide open","TRANSPOSE_FAILURE","HOLD","PENDING_PARSE_AND_QA","gpx","11","238","ENGLISH_TEXT_CHECK_PASS","23","YES","YES","","Exact locked transposer fails required round-trip or slash-bass preservation","e0ccc9951ca0bc8cd8009e7395d0f846ce78b5bf20802f855ac8bf09406270ab","Ultimate Guitar com PRO Tabs Site Rip GPX/t/tom_petty_and_the_heartbreakers_30281/tom-petty-and-the-heartbreakers_into-the-great-wide-open-official-2989307.gpx"
"1924","Tragically Hip","38 years old","TRANSPOSE_FAILURE","HOLD","PENDING_PARSE_AND_QA","gpx","6","351","ENGLISH_TEXT_CHECK_PASS","46","NO","YES","","Exact locked transposer fails required round-trip or slash-bass preservation","26554b77a89f79a5c252fe8ea088da8f7f62e467194f52263300fd8d518c6390","Ultimate Guitar com PRO Tabs Site Rip GPX/t/the_tragically_hip_246/the-tragically-hip_38-years-old-official-2732250.gpx"
"1925","Tragically Hip","ahead by a century","REVIEWABLE_CHORD_SHEET","REVIEWABLE","PENDING_PARSE_AND_QA","gpx","5","227","ENGLISH_TEXT_CHECK_PASS","0","NO","NO","","","b73675719f1af53f7b080043dd6d9e122181789a1df949ea72a4585ecafc341f","Ultimate Guitar com PRO Tabs Site Rip GPX/t/the_tragically_hip_246/the-tragically-hip_ahead-by-a-century-official-3356813.gpx"
"1926","Tragically Hip","blow at high dough","REVIEWABLE_CHORD_SHEET","REVIEWABLE","PENDING_PARSE_AND_QA","gpx","4","370","ENGLISH_TEXT_CHECK_PASS","0","NO","NO","","","efb857d17f5710a6088fcd2d4029b34eb897cdd0e6e1001568a0e1fd15af3367","Ultimate Guitar com PRO Tabs Site Rip GPX/t/the_tragically_hip_246/the-tragically-hip_blow-at-high-dough-official-3780257.gpx"
"1927","Tragically Hip","fiddlers green","REVIEWABLE_CHORD_SHEET","REVIEWABLE","PENDING_PARSE_AND_QA","gpx","4","191","ENGLISH_TEXT_CHECK_PASS","0","NO","NO","","","78fccbd9ae7e85e9c145f818f3d8802f06a5eef3cdbfd25e6e4096a53d2693e0","Ultimate Guitar com PRO Tabs Site Rip GPX/t/the_tragically_hip_246/the-tragically-hip_fiddlers-green-official-2545329.gpx"
"1928","Tragically Hip","grace too","TRANSPOSE_FAILURE","HOLD","PENDING_PARSE_AND_QA","gpx","8","146","ENGLISH_TEXT_CHECK_PASS","46","NO","YES","","Exact locked transposer fails required round-trip or slash-bass preservation","344e1dda29fd88ccd9d124eddb556658f07d9090397827a5ff7b3f97b794b66e","Ultimate Guitar com PRO Tabs Site Rip GPX/t/the_tragically_hip_246/the-tragically-hip_grace-too-official-3235811.gpx"
"1929","Van Halen","316","TAB_ONLY_OR_EMPTY","HOLD","PENDING_PARSE_AND_QA","gpx","9","0","LANGUAGE_UNVERIFIED","69","YES","YES","","English lyrics not established from available text | Tab-only or empty extracted sheet | Exact locked transposer fails required round-trip or slash-bass preservation","d74a592b2814d3142c79dca192e0a843d6780f0b5fd526cf928de22c9323fc67","Ultimate Guitar com PRO Tabs Site Rip GPX/v/van_halen_107/van-halen_316-official-3410042.gpx"
"1930","Van Halen","Aftershock","TAB_ONLY_OR_EMPTY","HOLD","PENDING_PARSE_AND_QA","gp4","0","0","LANGUAGE_UNVERIFIED","0","NO","NO","","English lyrics not established from available text | No usable chord symbols in extracted sheet | Tab-only or empty extracted sheet","9c73bdcda49fedf239b80fd5415a06cb97bdafb1509235255c1f41fa886db3f7","GuitarPro_Tabs/Van Halen - Aftershock.gp4"
"1931","Van Halen","Amsterdam (2)","TAB_ONLY_OR_EMPTY","HOLD","PENDING_PARSE_AND_QA","gp4","8","0","LANGUAGE_UNVERIFIED","0","NO","YES","A1 | A2 | B1 | A3 | B2 | B3","English lyrics not established from available text | Locked renderer has no chord shape for: A1, A2, B1, A3, B2, B3 | Tab-only or empty extracted sheet","f3353fe57262a2c488616bb9b94033bd3206f1a85ef283aeb03656f23e14d193","GuitarPro_Tabs/Van Halen - Amsterdam (2).gp4"
"1932","Van Halen","atomic punk","TRANSPOSE_FAILURE","HOLD","PENDING_PARSE_AND_QA","gpx","9","153","ENGLISH_TEXT_CHECK_PASS","69","YES","YES","","Exact locked transposer fails required round-trip or slash-bass preservation","e6a6886ccc86b85f903572a333612529e40f92ef078e824b0e4d5d40d0aafe9b","Ultimate Guitar com PRO Tabs Site Rip GPX/v/van_halen_107/van-halen_atomic-punk-official-3583754.gpx"
"1933","Van Halen","Baluchiterium","TAB_ONLY_OR_EMPTY","HOLD","PENDING_PARSE_AND_QA","gp4","0","0","LANGUAGE_UNVERIFIED","0","NO","NO","","English lyrics not established from available text | No usable chord symbols in extracted sheet | Tab-only or empty extracted sheet","c304972ea66ad1450245bb29d2da35a74a58a7512a7ffbfa8e0ae274809337d7","GuitarPro_Tabs/Van Halen - Baluchiterium.gp4"
"1934","Van Halen","Baluchitherium","TAB_ONLY_OR_EMPTY","HOLD","PENDING_PARSE_AND_QA","gp3","0","0","LANGUAGE_UNVERIFIED","0","NO","NO","","English lyrics not established from available text | No usable chord symbols in extracted sheet | Tab-only or empty extracted sheet","e469a5744e0d11939776321551dedd90f9f16083714610e2cfec881f8c63b7ac","GuitarPro_Tabs/Van Halen - Baluchitherium.gp3"
"1935","Van Halen","Big Fat Money","TAB_ONLY_OR_EMPTY","HOLD","PENDING_PARSE_AND_QA","gp4","0","0","LANGUAGE_UNVERIFIED","0","NO","NO","","English lyrics not established from available text | No usable chord symbols in extracted sheet | Tab-only or empty extracted sheet","b50ab6e2afc10d1fbe649fdf263a87832c0e7941a80c5329863cc3be9d86ed82","GuitarPro_Tabs/Van Halen - Big Fat Money.gp4"
"1936","Van Halen","Cabo Wabo","TAB_ONLY_OR_EMPTY","HOLD","PENDING_PARSE_AND_QA","gp3","0","0","LANGUAGE_UNVERIFIED","0","NO","NO","","English lyrics not established from available text | No usable chord symbols in extracted sheet | Tab-only or empty extracted sheet","a6594b81d740df0aba93a5a801d9c0e6cf42f16b7fad00766208cd7dce9ace34","GuitarPro_Tabs/Van Halen - Cabo Wabo.gp3"
"1937","Van Halen","Can't Stop Loving You","TAB_ONLY_OR_EMPTY","HOLD","PENDING_PARSE_AND_QA","gp3","24","0","LANGUAGE_UNVERIFIED","46","YES","YES","","English lyrics not established from available text | Tab-only or empty extracted sheet | Exact locked transposer fails required round-trip or slash-bass preservation","a81f43d0a4563136513f8f9bc848f1041f294cae4d91182eee091befeda7e3a5","GuitarPro_Tabs/Van Halen - Can't Stop Loving You.gp3"
"1938","Van Halen","cathedral","TAB_ONLY_OR_EMPTY","HOLD","PENDING_PARSE_AND_QA","gpx","0","0","LANGUAGE_UNVERIFIED","0","NO","NO","","English lyrics not established from available text | No usable chord symbols in extracted sheet | Tab-only or empty extracted sheet","ae00aef919eb0e5de0b25193efc8a290de2d131dc9480b8b0c6a7af19907f183","Ultimate Guitar com PRO Tabs Site Rip GPX/v/van_halen_107/van-halen_cathedral-official-3432140.gpx"
"1939","Van Halen","Could This Be Magic","TAB_ONLY_OR_EMPTY","HOLD","PENDING_PARSE_AND_QA","gp3","0","0","LANGUAGE_UNVERIFIED","0","NO","NO","","English lyrics not established from available text | No usable chord symbols in extracted sheet | Tab-only or empty extracted sheet","949301495ae4bddf2bf958472d2c55c50c0e8d5be599c1b51d44869678527ce2","GuitarPro_Tabs/Van Halen - Could This Be Magic.gp3"
"1940","Van Halen","Don´t Tell Me","IDENTITY_DIAGRAM_OR_OTHER_HOLD","HOLD","UNAVAILABLE_SOURCE","gp4","12","386","ENGLISH_TEXT_CHECK_PASS","0","YES","YES","A1 | A2 | B1 | A3 | A4 | B2 | C1 | A5 | A6 | B3 | B4 | C2","Locked renderer has no chord shape for: A1, A2, B1, A3, A4, B2, C1, A5, A6, B3, B4, C2","5c7d59c2045942842fe0f0aedc6681f425a6675ec2762bcfd6c88324f59b4b39","GuitarPro_Tabs/Van Halen - Don 't Tell Me (What Love Can Do).gp4"
"1941","Van Halen","Eddie Van Halen Live Guitar Solo 1983","TAB_ONLY_OR_EMPTY","HOLD","PENDING_PARSE_AND_QA","gp3","0","0","LANGUAGE_UNVERIFIED","0","NO","NO","","Parsed title disagrees with proposal title | May be a medley, fragment or exercise; full-song identity needs confirmation. | English lyrics not established from available text | No usable chord symbols in extracted sheet | Tab-only or empty extracted sheet","f2d9eee479d7df11c1c0f9f095ba66f479a1cd106f918d04591ae0703e45aafb","GuitarPro_Tabs/Van Halen - Eddie Van Halen Live Guitar Solo 1983.gp3"
"1942","Van Halen","eruption","TAB_ONLY_OR_EMPTY","HOLD","PENDING_PARSE_AND_QA","gpx","0","0","LANGUAGE_UNVERIFIED","0","NO","NO","","English lyrics not established from available text | No usable chord symbols in extracted sheet | Tab-only or empty extracted sheet","6394c17b2fa0c83f1d6fa918932af761e83fd23687159f45b843e3e8025a4baa","Ultimate Guitar com PRO Tabs Site Rip GPX/v/van_halen_107/van-halen_eruption-official-2267735.gpx"
"1943","Van Halen","Euption","TAB_ONLY_OR_EMPTY","HOLD","PENDING_PARSE_AND_QA","gp3","0","0","LANGUAGE_UNVERIFIED","0","NO","NO","","Parsed title disagrees with proposal title | English lyrics not established from available text | No usable chord symbols in extracted sheet | Tab-only or empty extracted sheet","095f5b2a66060feb84d8ac60cbcf25be03db009014dd3c146380bf5e2c83a191","GuitarPro_Tabs/Van Halen - Euption.gp3"
"1944","Van Halen","Everybody Wants Some","TAB_ONLY_OR_EMPTY","HOLD","PENDING_PARSE_AND_QA","gp4","0","0","LANGUAGE_UNVERIFIED","0","NO","NO","","English lyrics not established from available text | No usable chord symbols in extracted sheet | Tab-only or empty extracted sheet","12cc2766b4c9a0af667b9c74d7dcf86b61410d94c69cbc50ca50bfbfe78a0f0d","GuitarPro_Tabs/Van Halen - Everybody Wants Some.gp4"
"1945","Van Halen","feel your love tonight","REVIEWABLE_CHORD_SHEET","REVIEWABLE","PENDING_PARSE_AND_QA","gpx","6","281","ENGLISH_TEXT_CHECK_PASS","0","NO","NO","","","0d20c3ea9f2b15196f73ebcca0956e344f9d4081c084677836f9cddc01d8e800","Ultimate Guitar com PRO Tabs Site Rip GPX/v/van_halen_107/van-halen_feel-your-love-tonight-official-3376871.gpx"
"1946","Van Halen","Feelin '","TAB_ONLY_OR_EMPTY","HOLD","PENDING_PARSE_AND_QA","gp4","12","0","LANGUAGE_UNVERIFIED","0","YES","YES","A1 | A2 | D1 | A3 | D2 | E1 | E2 | A4 | D3","English lyrics not established from available text | Locked renderer has no chord shape for: A1, A2, D1, A3, D2, E1, E2, A4, D3 | Tab-only or empty extracted sheet","08be20f5ee70665136617a40e0159a5d88b4bc28f8ee066269ec5f39776243e6","GuitarPro_Tabs/Van Halen - Feelin '.gp4"
"1947","Van Halen","finish what ya started","REVIEWABLE_CHORD_SHEET","REVIEWABLE","PENDING_PARSE_AND_QA","gpx","8","323","ENGLISH_TEXT_CHECK_PASS","0","NO","NO","","","b899a8fc90b17f912ee97a49dd89292c69fafb392ab2fbbb61a146c8b7c066d3","Ultimate Guitar com PRO Tabs Site Rip GPX/v/van_halen_107/van-halen_finish-what-ya-started-official-3773597.gpx"
"1948","Van Halen","Girl Gone Bad","TAB_ONLY_OR_EMPTY","HOLD","PENDING_PARSE_AND_QA","gp3","0","0","LANGUAGE_UNVERIFIED","0","NO","NO","","English lyrics not established from available text | No usable chord symbols in extracted sheet | Tab-only or empty extracted sheet","97c3994045a1b052951e989a884543ce38bb508cbe507a11c2ca98ad33679e05","GuitarPro_Tabs/Van Halen - Girl Gone Bad.gp3"
"1949","Van Halen","Good Enough","TAB_ONLY_OR_EMPTY","HOLD","PENDING_PARSE_AND_QA","gp4","0","0","LANGUAGE_UNVERIFIED","0","NO","NO","","English lyrics not established from available text | No usable chord symbols in extracted sheet | Tab-only or empty extracted sheet","90f9258e75a5e8ab71e8699d5fcd48c1d054d7f4a6e56015216ae960e05a4035","GuitarPro_Tabs/Van Halen - Good Enough.gp4"
"1950","Van Halen","hot for teacher","TRANSPOSE_FAILURE","HOLD","PENDING_PARSE_AND_QA","gpx","10","197","ENGLISH_TEXT_CHECK_PASS","66","YES","NO","","Exact locked transposer fails required round-trip or slash-bass preservation","68e824ed9adb89f7f51d7d57da6ad862bbcdc96560f86488f31331896c06ab31","Ultimate Guitar com PRO Tabs Site Rip GPX/v/van_halen_107/van-halen_hot-for-teacher-official-2426391.gpx"
"1951","Van Halen","I 'll Wait","TAB_ONLY_OR_EMPTY","HOLD","PENDING_PARSE_AND_QA","gp4","0","0","LANGUAGE_UNVERIFIED","0","NO","NO","","English lyrics not established from available text | No usable chord symbols in extracted sheet | Tab-only or empty extracted sheet","4836bf7dcc445c01cb2d5d851b7bbeac9b0755ef4d4bd6aaf6dbf05c4e6340b4","GuitarPro_Tabs/Van Halen - I 'll Wait.gp4"
"1952","Van Halen","Ice Cream Man solo","EXISTING_DUPLICATE","EXISTING","PENDING_PARSE_AND_QA","gp3","0","0","LANGUAGE_UNVERIFIED","0","NO","NO","","Existing artist/song or title variant — leave current song unchanged | Possible existing song or alternate title: Van Halen — Ice Cream Man | May be a medley, fragment or exercise; full-song identity needs confirmation. | English lyrics not established from available text | No usable chord symbols in extracted sheet | Tab-only or empty extracted sheet","0820d7b2392f4df43aa70b45978385cc100ef2122ee5ff68747097761d5a913e","GuitarPro_Tabs/Van Halen - Ice Cream Man solo.gp3"
"1953","Van Halen","Josephina","TAB_ONLY_OR_EMPTY","HOLD","UNAVAILABLE_SOURCE","gp4","0","276","ENGLISH_TEXT_CHECK_PASS","0","NO","NO","","No usable chord symbols in extracted sheet","f5639c667df615bb49d4125e3d0cdba98e4de06084172c7b22e1a1772379c154","GuitarPro_Tabs/Van Halen - Josephina.gp4"
"1954","Van Halen","Love Walks In","TAB_ONLY_OR_EMPTY","HOLD","PENDING_PARSE_AND_QA","gp3","3","0","LANGUAGE_UNVERIFIED","0","NO","NO","","English lyrics not established from available text | Tab-only or empty extracted sheet","f9772e012f307515b92968440ff348031053472ca62bf9aae8165d3793d5a7eb","GuitarPro_Tabs/Van Halen - Love Walks In.gp3"
"1955","Van Halen","Me Wise Magic","TAB_ONLY_OR_EMPTY","HOLD","PENDING_PARSE_AND_QA","gp3","0","0","LANGUAGE_UNVERIFIED","0","NO","NO","","English lyrics not established from available text | No usable chord symbols in extracted sheet | Tab-only or empty extracted sheet","e8b7d80f33455d8e26ac36eb1270b6bd6f813825e479a32409279911256dd778","GuitarPro_Tabs/Van Halen - Me Wise Magic.gp3"
"1956","Van Halen","Mine All Mine","TAB_ONLY_OR_EMPTY","HOLD","UNAVAILABLE_SOURCE","gp4","0","335","ENGLISH_TEXT_CHECK_PASS","0","NO","NO","","Similar proposed title also exists in this queue; choose at most one after identity review. | No usable chord symbols in extracted sheet","5000d561263c2cce04ad7d4e3bb7a0eb10839e918f4a3a224359e49a8cd4db67","GuitarPro_Tabs/Van Halen - Mine All Mine.gp4"
"1957","Van Halen","Mine All Mine solo","TAB_ONLY_OR_EMPTY","HOLD","PENDING_PARSE_AND_QA","gp3","0","0","LANGUAGE_UNVERIFIED","0","NO","NO","","May be a medley, fragment or exercise; full-song identity needs confirmation. | Similar proposed title also exists in this queue; choose at most one after identity review. | English lyrics not established from available text | No usable chord symbols in extracted sheet | Tab-only or empty extracted sheet","fbad63a2d710a41d933d812985eb2cf2c9faa1cfaf795345467dc92c0b9e00e0","GuitarPro_Tabs/Van Halen - Mine All Mine solo.gp3"
"1958","Van Halen","Not Enough","TAB_ONLY_OR_EMPTY","HOLD","PENDING_PARSE_AND_QA","gp4","7","0","LANGUAGE_UNVERIFIED","0","NO","YES","A1 | A2 | B1 | A3 | B2 | B3","English lyrics not established from available text | Locked renderer has no chord shape for: A1, A2, B1, A3, B2, B3 | Tab-only or empty extracted sheet","2777666831dd1bd1f0068e1b72a96c13edc5c623b18108589b90203c1a354322","GuitarPro_Tabs/Van Halen - Not Enough.gp4"
"1959","Van Halen","on fire","TRANSPOSE_FAILURE","HOLD","PENDING_PARSE_AND_QA","gpx","18","140","ENGLISH_TEXT_CHECK_PASS","207","YES","YES","","Exact locked transposer fails required round-trip or slash-bass preservation","31b9a4d4e787a22a51ac212669a0b9517f57ce5487aaf341c2f3b41600b07487","Ultimate Guitar com PRO Tabs Site Rip GPX/v/van_halen_107/van-halen_on-fire-official-3585635.gpx"
"1960","Van Halen","Outta Love Again","TAB_ONLY_OR_EMPTY","HOLD","PENDING_PARSE_AND_QA","gp3","0","0","LANGUAGE_UNVERIFIED","0","NO","NO","","English lyrics not established from available text | No usable chord symbols in extracted sheet | Tab-only or empty extracted sheet","45411b56cde67781b7c79070d816f3a4cdb3c0206ab88ae912c1bd36a71d2f2a","GuitarPro_Tabs/Van Halen - Outta Love Again.gp3"
"1961","Van Halen","poundcake","REVIEWABLE_CHORD_SHEET","REVIEWABLE","PENDING_PARSE_AND_QA","gpx","8","248","ENGLISH_TEXT_CHECK_PASS","0","NO","NO","","","15ec5b264f30bf3fc4448ca0be7588158159e5b6919f7ddf871aee2a719b4c78","Ultimate Guitar com PRO Tabs Site Rip GPX/v/van_halen_107/van-halen_poundcake-official-3658031.gpx"
"1962","Van Halen","Pretty Woman","TAB_ONLY_OR_EMPTY","HOLD","PENDING_PARSE_AND_QA","gp3","0","0","LANGUAGE_UNVERIFIED","0","NO","NO","","English lyrics not established from available text | No usable chord symbols in extracted sheet | Tab-only or empty extracted sheet","2717c7f1d7d45bc8cb515e1a857336cd73519aadba7e9ed878640c61ef96dd13","GuitarPro_Tabs/Van Halen - Pretty Woman.gp3"
"1963","Van Halen","Push Comes to Shove","TAB_ONLY_OR_EMPTY","HOLD","PENDING_PARSE_AND_QA","gp3","0","0","LANGUAGE_UNVERIFIED","0","NO","NO","","English lyrics not established from available text | No usable chord symbols in extracted sheet | Tab-only or empty extracted sheet","ed1bc106035f6b9c5eceeb1e02287438fba38a322a450a22f34b4c3b3d95e07e","GuitarPro_Tabs/Van Halen - Push Comes to Shove.gp3"
"1964","Van Halen","Secrets","TAB_ONLY_OR_EMPTY","HOLD","PENDING_PARSE_AND_QA","gp3","0","0","LANGUAGE_UNVERIFIED","0","NO","NO","","English lyrics not established from available text | No usable chord symbols in extracted sheet | Tab-only or empty extracted sheet","8bb3d3f4b99beed46814f6675f23fafcfa0f2af38d54dd8a4fd1aff05855cfb3","GuitarPro_Tabs/Van Halen - Secrets.gp3"
"1965","Van Halen","Source Of Infection (2)","TAB_ONLY_OR_EMPTY","HOLD","PENDING_PARSE_AND_QA","gp4","0","0","LANGUAGE_UNVERIFIED","0","NO","NO","","English lyrics not established from available text | No usable chord symbols in extracted sheet | Tab-only or empty extracted sheet","4997a9d7da97444cb7981bc99e86aae24a18aa9da60c5919fc427574dac3dd8e","GuitarPro_Tabs/Van Halen - Source Of Infection (2).gp4"
"1966","Van Halen","spanish fly","TAB_ONLY_OR_EMPTY","HOLD","PENDING_PARSE_AND_QA","gpx","0","0","LANGUAGE_UNVERIFIED","0","NO","NO","","English lyrics not established from available text | No usable chord symbols in extracted sheet | Tab-only or empty extracted sheet","aa358b298d3a2f689a1d602ca67f43687294b3380397beef53f43d2c96b447d2","Ultimate Guitar com PRO Tabs Site Rip GPX/v/van_halen_107/van-halen_spanish-fly-official-2266295.gpx"
"1967","Van Halen","Take Me Back (Déjà Vu)","TAB_ONLY_OR_EMPTY","HOLD","PENDING_PARSE_AND_QA","gp4","0","0","LANGUAGE_UNVERIFIED","0","NO","NO","","English lyrics not established from available text | No usable chord symbols in extracted sheet | Tab-only or empty extracted sheet","7f2e311b8ab3f6c776ef2a0e6f575eea2662eb2774dbfdf0f0cff9c088082422","GuitarPro_Tabs/Van Halen - Take Me Back (Déjà Vu).gp4"
"1968","Van Halen","The Seventh Seal","TAB_ONLY_OR_EMPTY","HOLD","PENDING_PARSE_AND_QA","gp4","9","0","LANGUAGE_UNVERIFIED","0","YES","YES","A1 | B1 | A2 | C1 | B2 | A3 | A4 | C2","English lyrics not established from available text | Locked renderer has no chord shape for: A1, B1, A2, C1, B2, A3, A4, C2 | Tab-only or empty extracted sheet","38163b9cca1cca1c39b854cae0ff7a7258d93db60753a7671b060ed5d2d4c6b0","GuitarPro_Tabs/Van Halen - The Seventh Seal.gp4"
"1969","Van Halen","top of the world","TRANSPOSE_FAILURE","HOLD","PENDING_PARSE_AND_QA","gpx","19","254","ENGLISH_TEXT_CHECK_PASS","69","YES","YES","","Exact locked transposer fails required round-trip or slash-bass preservation","0c2730e72d47d690f13a8dde98ccd299cc63d05db24746e94665b52c0150572c","Ultimate Guitar com PRO Tabs Site Rip GPX/v/van_halen_107/van-halen_top-of-the-world-official-3650582.gpx"
"1970","Van Halen","two hands trick (Judgement Day)","TAB_ONLY_OR_EMPTY","HOLD","PENDING_PARSE_AND_QA","gp3","0","0","LANGUAGE_UNVERIFIED","0","NO","NO","","Parsed title disagrees with proposal title | English lyrics not established from available text | No usable chord symbols in extracted sheet | Tab-only or empty extracted sheet","821b68c85d0b0d26951c7997a4caf6352ed1023433ce2dfb7c3098f0b2f411d0","GuitarPro_Tabs/Van Halen - two hands trick (Judgement Day).gp3"
"1971","Van Halen","When It 's Love","TAB_ONLY_OR_EMPTY","HOLD","PENDING_PARSE_AND_QA","gp3","0","0","LANGUAGE_UNVERIFIED","0","NO","NO","","English lyrics not established from available text | No usable chord symbols in extracted sheet | Tab-only or empty extracted sheet","70486731df7a28d7fda591c31a10e45b1c1eb2aa1cf01aaed09f3da400aadfb5","GuitarPro_Tabs/Van Halen - When It 's Love.gp3"
"1972","Van Halen","Without You","TAB_ONLY_OR_EMPTY","HOLD","PENDING_PARSE_AND_QA","gp3","6","0","LANGUAGE_UNVERIFIED","22","NO","NO","","English lyrics not established from available text | Tab-only or empty extracted sheet | Exact locked transposer fails required round-trip or slash-bass preservation","d57ff581874a677316f56ee23558c10a74299e4e30b42fe18b2e869222f3012b","GuitarPro_Tabs/Van Halen - Without You.gp3"
"1973","Van Halen","Year To The Day","TAB_ONLY_OR_EMPTY","HOLD","PENDING_PARSE_AND_QA","gp4","0","0","LANGUAGE_UNVERIFIED","0","NO","NO","","English lyrics not established from available text | No usable chord symbols in extracted sheet | Tab-only or empty extracted sheet","0a903f7831b1855854c4b5439171a01aa8d36c88bdfea6948728c71ea9fec1d2","GuitarPro_Tabs/Van Halen - Year To The Day.gp4"
"1974","Van Morrison","into the mystic","REVIEWABLE_CHORD_SHEET","REVIEWABLE","PENDING_PARSE_AND_QA","gpx","4","186","ENGLISH_TEXT_CHECK_PASS","0","NO","NO","","","52798b67319ec3c30797e00b33d29bff3fdfacfab54ee4511ed86d2e7af02a8f","Ultimate Guitar com PRO Tabs Site Rip GPX/v/van_morrison_7520/van-morrison_into-the-mystic-official-2610144.gpx"
"1975","Van Morrison","thats entrainment","TRANSPOSE_FAILURE","HOLD","PENDING_PARSE_AND_QA","gpx","5","332","ENGLISH_TEXT_CHECK_PASS","22","NO","NO","","Exact locked transposer fails required round-trip or slash-bass preservation","6bc7bda64fa8b4beb4396ac27e8f86c713a1bc3adc3612afb28de404ee5098d1","Ultimate Guitar com PRO Tabs Site Rip GPX/v/van_morrison_7520/van-morrison_thats-entrainment-official-2382497.gpx"
"1976","Vance Joy","Vance Joy","EXISTING_DUPLICATE","EXISTING","SKIPPED_ALREADY_CURRENT","gpx","4","338","ENGLISH_TEXT_CHECK_PASS","0","NO","NO","","Existing artist/song or title variant — leave current song unchanged | Title repeats the artist name; song identity needs confirmation.","92bd836703dd4efda897835450c02603888da7f74d5e86c777ac28ad627e7712","Ultimate Guitar com PRO Tabs Site Rip GPX/v/vance_joy_37940/vance-joy_saturday-sun-official-2513163.gpx"
"1977","Velvet Underground","after hours","REVIEWABLE_CHORD_SHEET","REVIEWABLE","PENDING_PARSE_AND_QA","gpx","11","246","ENGLISH_TEXT_CHECK_PASS","0","YES","NO","","","366dfca5a21c92a4dc80eb8ed97e3736053fa234fa978799bde6953271ab08d1","Ultimate Guitar com PRO Tabs Site Rip GPX/t/the_velvet_underground_115/the-velvet-underground_after-hours-official-2106265.gpx"
"1978","Velvet Underground","candy says","REVIEWABLE_CHORD_SHEET","REVIEWABLE","PENDING_PARSE_AND_QA","gpx","9","161","ENGLISH_TEXT_CHECK_PASS","0","YES","NO","","","844812ec772e57cd4d1a83b046b04b5e8ac6a21c96c68db0fefab9fcaafe1b7c","Ultimate Guitar com PRO Tabs Site Rip GPX/t/the_velvet_underground_115/the-velvet-underground_candy-says-official-2285275.gpx"
"1979","Velvet Underground","femme fatale","REVIEWABLE_CHORD_SHEET","REVIEWABLE","PENDING_PARSE_AND_QA","gpx","5","228","ENGLISH_TEXT_CHECK_PASS","0","NO","YES","","","bcda29ce677dc8f37a168f95e54fcd2583cab35c2d737a202364e4547f82081d","Ultimate Guitar com PRO Tabs Site Rip GPX/t/the_velvet_underground_115/the-velvet-underground_femme-fatale-official-1981235.gpx"
"1980","Velvet Underground","heroin","REVIEWABLE_CHORD_SHEET","REVIEWABLE","PENDING_PARSE_AND_QA","gpx","2","425","ENGLISH_TEXT_CHECK_PASS","0","NO","NO","","","305143647173d5ad95459f1d622a68f4738456053517bac69955b5af27049b9d","Ultimate Guitar com PRO Tabs Site Rip GPX/t/the_velvet_underground_115/the-velvet-underground_heroin-official-3023045.gpx"
"1981","Velvet Underground","ill be your mirror","REVIEWABLE_CHORD_SHEET","REVIEWABLE","PENDING_PARSE_AND_QA","gpx","4","160","ENGLISH_TEXT_CHECK_PASS","0","NO","NO","","","db36a7a719938ed67547f4b1524d4e4f307343762c90201019acb6a1162128c0","Ultimate Guitar com PRO Tabs Site Rip GPX/t/the_velvet_underground_115/the-velvet-underground_ill-be-your-mirror-official-2286475.gpx"
"1982","Velvet Underground","im sticking with you","REVIEWABLE_CHORD_SHEET","REVIEWABLE","PENDING_PARSE_AND_QA","gpx","8","181","ENGLISH_TEXT_CHECK_PASS","0","NO","NO","","","26395de1d5e31e2b1d7212406386104e4ee3a1ebae07648522aba926815edb4c","Ultimate Guitar com PRO Tabs Site Rip GPX/t/the_velvet_underground_115/the-velvet-underground_im-sticking-with-you-official-2282925.gpx"
"1983","Velvet Underground","Jesus","TAB_ONLY_OR_EMPTY","HOLD","PENDING_PARSE_AND_QA","gp3","4","0","LANGUAGE_UNVERIFIED","0","NO","NO","","English lyrics not established from available text | Tab-only or empty extracted sheet","e027b573d07c62b276ce7249b22171c59a072dce8eb1cf2b1db29ca7fb7c1b1f","GuitarPro_Tabs/Velvet Underground (The) - Jesus.gp3"
"1984","Velvet Underground","pale blue eyes","REVIEWABLE_CHORD_SHEET","REVIEWABLE","PENDING_PARSE_AND_QA","gpx","5","250","ENGLISH_TEXT_CHECK_PASS","0","NO","NO","","","115fd0d0afc592d0cb312a0a06ae01adb2b22456db1e8d7c0e5c45469750b5c2","Ultimate Guitar com PRO Tabs Site Rip GPX/t/the_velvet_underground_115/the-velvet-underground_pale-blue-eyes-official-2282813.gpx"
"1985","Velvet Underground","rock and roll","TRANSPOSE_FAILURE","HOLD","PENDING_PARSE_AND_QA","gpx","8","472","ENGLISH_TEXT_CHECK_PASS","115","NO","YES","","Exact locked transposer fails required round-trip or slash-bass preservation","7296aa109cb5db331ea5b0a1fcde4e6fecc64694ce22d259ffddb9d3449e471f","Ultimate Guitar com PRO Tabs Site Rip GPX/t/the_velvet_underground_115/the-velvet-underground_rock-and-roll-official-3271928.gpx"
"1986","Velvet Underground","Stephanie Says","TAB_ONLY_OR_EMPTY","HOLD","PENDING_PARSE_AND_QA","gp3","0","0","LANGUAGE_UNVERIFIED","0","NO","NO","","English lyrics not established from available text | No usable chord symbols in extracted sheet | Tab-only or empty extracted sheet","3c7029c5608501b41033064ea09e3052222d540117f5e2b6ab5e5e318df77c30","GuitarPro_Tabs/Velvet Underground (The) - Stephanie Says.gp3"
"1987","Velvet Underground","venus in furs","TRANSPOSE_FAILURE","HOLD","PENDING_PARSE_AND_QA","gpx","6","235","ENGLISH_TEXT_CHECK_PASS","22","NO","NO","","Exact locked transposer fails required round-trip or slash-bass preservation","1c45eccf7860ade38bd4abdc62423bcaa7c46d758e76fd22499ae0d3eba04a0c","Ultimate Guitar com PRO Tabs Site Rip GPX/t/the_velvet_underground_115/the-velvet-underground_venus-in-furs-official-2285193.gpx"
"1988","Waylon Jennings","amanda","IDENTITY_DIAGRAM_OR_OTHER_HOLD","HOLD","PENDING_PARSE_AND_QA","gpx","4","159","ENGLISH_TEXT_CHECK_PASS","0","NO","YES","A-","Locked renderer has no chord shape for: A-","97d6d7ddda498fd3d47df4c30c8e52e6b904c7ca2576403e1618d8155a68f4d3","Ultimate Guitar com PRO Tabs Site Rip GPX/w/waylon_jennings_10599/waylon-jennings_amanda-official-3685748.gpx"
"1989","Whitney Houston","i have nothing","TRANSPOSE_FAILURE","HOLD","PENDING_PARSE_AND_QA","gpx","31","352","ENGLISH_TEXT_CHECK_PASS","158","YES","YES","","Exact locked transposer fails required round-trip or slash-bass preservation","ee90226dcd840cbac84638b99b232e0449e7d4516fa7a2d21c2ca25ec4d75569","Ultimate Guitar com PRO Tabs Site Rip GPX/w/whitney_houston_10551/whitney-houston_i-have-nothing-official-3743603.gpx"
"1990","Wings","Band On The Run","TAB_ONLY_OR_EMPTY","HOLD","PENDING_PARSE_AND_QA","gp4","0","0","LANGUAGE_UNVERIFIED","0","NO","NO","","English lyrics not established from available text | No usable chord symbols in extracted sheet | Tab-only or empty extracted sheet","3b8ee6ec785322f1ab21f36a6ecba10a6031de03bbe6f354afadd21a94d2045d","GuitarPro_Tabs/Wings - Band On The Run.gp4"
"1991","Wings","Hands Of Love","TAB_ONLY_OR_EMPTY","HOLD","PENDING_PARSE_AND_QA","gp4","0","0","LANGUAGE_UNVERIFIED","0","NO","NO","","Parsed title disagrees with proposal title | English lyrics not established from available text | No usable chord symbols in extracted sheet | Tab-only or empty extracted sheet","a7b0bb3bfc5949515158826492938a73b57ce24d0e051342b6080f351e8c07e6","GuitarPro_Tabs/Wings - Hands Of Love.gp4"
"1992","Wings","Power Cut","TAB_ONLY_OR_EMPTY","HOLD","UNAVAILABLE_SOURCE","gp4","0","168","ENGLISH_TEXT_CHECK_PASS","0","NO","NO","","No usable chord symbols in extracted sheet","3600e741ab07a24119f8661d0909acfd96b2f5940ce34e93206f3089be7d858c","GuitarPro_Tabs/Wings - Power Cut.gp4"
"1993","Wings","Silly Love Songs","TAB_ONLY_OR_EMPTY","HOLD","UNAVAILABLE_SOURCE","gp4","0","233","ENGLISH_TEXT_CHECK_PASS","0","NO","NO","","No usable chord symbols in extracted sheet","3da24fc0eac96782ceb82a61009898c6e21a3a3b4eb730bf26654d85100623f1","GuitarPro_Tabs/Wings - Silly Love Songs.gp4"
"1994","ZZ Top","Blue Jeans Blues","EXISTING_DUPLICATE","EXISTING","PENDING_PARSE_AND_QA","gp3","3","0","LANGUAGE_UNVERIFIED","0","NO","NO","","Parsed title disagrees with proposal title | Existing artist/song or title variant — leave current song unchanged | English lyrics not established from available text | Tab-only or empty extracted sheet","4c135791d9ac4aca04c9f2dc917c3344806bf2f5b20db5e5ba7573e3915cfbd7","GuitarPro_Tabs/ZZ Top - Blue Jeans Blues.gp3"
"1995","ZZ Top","concrete and steel","REVIEWABLE_CHORD_SHEET","REVIEWABLE","PENDING_PARSE_AND_QA","gpx","5","153","ENGLISH_TEXT_CHECK_PASS","0","NO","NO","","","1d4dbeebe0f8a6b6794ec8dff01845fce58fbf5f580373dc1d2d68f61cc08356","Ultimate Guitar com PRO Tabs Site Rip GPX/z/zz_top_9/zz-top_concrete-and-steel-official-1967187.gpx"
"1996","ZZ Top","Doubleback","TAB_ONLY_OR_EMPTY","HOLD","PENDING_PARSE_AND_QA","gp3","0","0","LANGUAGE_UNVERIFIED","0","NO","NO","","English lyrics not established from available text | No usable chord symbols in extracted sheet | Tab-only or empty extracted sheet","6a25824d51ae289ee5e3ceb1e7700c3b6acdd0a7f2b3a02203a9755601bbeda6","GuitarPro_Tabs/ZZ Top - Doubleback.gp3"
"1997","ZZ Top","Give It Up","TAB_ONLY_OR_EMPTY","HOLD","PENDING_PARSE_AND_QA","gp3","0","0","LANGUAGE_UNVERIFIED","0","NO","NO","","English lyrics not established from available text | No usable chord symbols in extracted sheet | Tab-only or empty extracted sheet","d3862c1c19296f1b7c04eb4948db47d42d2faf34ed8c39387c9325d662da2e8f","GuitarPro_Tabs/ZZ Top - Give It Up.gp3"
"1998","ZZ Top","just got back from babys","REVIEWABLE_CHORD_SHEET","REVIEWABLE","PENDING_PARSE_AND_QA","gpx","3","135","ENGLISH_TEXT_CHECK_PASS","0","NO","NO","","","deb7041bc995784c74b3239b772dd659ca2e9ecf9eeeadd5abce5526f61c37ac","Ultimate Guitar com PRO Tabs Site Rip GPX/z/zz_top_9/zz-top_just-got-back-from-babys-official-3050284.gpx"
"1999","ZZ Top","Just got paid today","EXISTING_DUPLICATE","EXISTING","PENDING_PARSE_AND_QA","gp3","0","0","LANGUAGE_UNVERIFIED","0","NO","NO","","Parsed title disagrees with proposal title | Existing artist/song or title variant — leave current song unchanged | English lyrics not established from available text | No usable chord symbols in extracted sheet | Tab-only or empty extracted sheet","c454d7a39226c59448cb078c0b3db3382aba9b531c1d86a36c6d7276d4d3358c","GuitarPro_Tabs/ZZ Top - Just got paid today.gp3"
"2000","ZZ Top","Rhythmeen","TAB_ONLY_OR_EMPTY","HOLD","PENDING_PARSE_AND_QA","gp3","0","0","LANGUAGE_UNVERIFIED","0","NO","NO","","English lyrics not established from available text | No usable chord symbols in extracted sheet | Tab-only or empty extracted sheet","5d409dc6eee678468a1a8877a6a12f5c74137d30f0c3ee3783ec537f31d2c604","GuitarPro_Tabs/ZZ Top - Rhythmeen.gp3"
"2001","ZZ Top","shiek","IDENTITY_DIAGRAM_OR_OTHER_HOLD","HOLD","PENDING_PARSE_AND_QA","gpx","7","151","ENGLISH_TEXT_CHECK_PASS","0","NO","YES","","Parsed title disagrees with proposal title","83556230553e2f31718ad49939622c15a4c65e33605f361598044f8c410febe3","Ultimate Guitar com PRO Tabs Site Rip GPX/z/zz_top_9/zz-top_shiek-official-1984905.gpx"
"2002","ZZ Top","Stages","TAB_ONLY_OR_EMPTY","HOLD","PENDING_PARSE_AND_QA","gp3","0","0","LANGUAGE_UNVERIFIED","0","NO","NO","","English lyrics not established from available text | No usable chord symbols in extracted sheet | Tab-only or empty extracted sheet","bb812b8f038e797d2124c10ee25a07c0c9441bb17ed8a2f827b79c4cbfcba79b","GuitarPro_Tabs/ZZ Top - Stages.gp3"
